rank,score,tier,id,uuid,title,product_use,categories,spatial_type,resolution,temporal_start,temporal_end,update_frequency,license,publisher,publication_date,popularity,keywords,bbox_west,bbox_south,bbox_east,bbox_north,overlaps_nepal,landing_page,reasons
1,270,critical,1972483,c12cb336-f9c0-4096-8852-ba810e95e417,"Glacier mass balance data from Rikha Samba, Nepal",real-time weather / forecast,weather_climate; cryosphere; hazard; hydrology,,,2011-09-17t18:15:00.000z,2020-12-30t18:15:00.000z,Annually,,ICIMOD,2019-11-26,13771,Glacier mass balance; Cryosphere; Rikha Samba; Hidden Valley; Mustang; Nepal; Climatology; meteorology; atmosphere,83.4667,28.7833,83.5167,28.85,true,https://rds.icimod.org/Home/DataDetail?metadataId=1972483,Spatial extent overlaps Nepal; Explicitly mentions Nepal; Recent temporal coverage (≥2020); High portal popularity
2,258,critical,1972482,c6e417bd-f3a7-468b-ad38-b4532c4fa050,Yala glacier seasonal and annual mass balance data,real-time weather / forecast,weather_climate; cryosphere; hazard; hydrology,,,2011-09-17t18:15:00.000z,2020-12-30t18:15:00.000z,Biannually,,ICIMOD,2019-11-26,13279,Glacier mass balance; Cryosphere; Langtang Valley; Rasuwa; Nepal; Climatology; meteorology; atmosphere,85.5833,28.2167,85.6333,28.25,true,https://rds.icimod.org/Home/DataDetail?metadataId=1972482,Spatial extent overlaps Nepal; Explicitly mentions Nepal; Recent temporal coverage (≥2020); High portal popularity
3,201,critical,35856,38969fc8-85e4-455b-81b9-00242faf58a9,The Status of Glacial Lakes in the Hindu Kush Himalaya,snowline / glacier context,cryosphere; terrain_landcover; remote_sensing,Vector,50000,2002-12-31t18:15:00.000z,2007-12-30t18:15:00.000z,Not planned,Creative Commons Attribution 4.0 International (CC BY 4.0),ICIMOD,2018-03-19,20419,Glacial lake; lake; GLOF; Cryosphere; HKH; Amu Darya; Indus; Ganges; Brahmaputra; Irrawaddy; Afghanistan; Bhutan; China; India; Nepal; Pakistan; Geoscientific information,68.355,27.238,98.424,38.327,true,https://rds.icimod.org/Home/DataDetail?metadataId=35856,Spatial extent overlaps Nepal; Explicitly mentions Nepal; Open license (CC BY); High portal popularity
4,193,critical,24679,c51ab7b1-228d-4776-9384-184b6e0d3686,Anti Dip Slope - Hazard Mapping of Nepal's Gorkha Earthquake 2015 induced landslide Dams,real-time weather / forecast,weather_climate; cryosphere; hazard; hydrology; terrain_landcover,,30 m,2015-09-21t18:15:00.000z,2015-09-21t18:15:00.000z,As needed,"Creative Commons Attribution 4.0 International (CC BY 4.0) | The SERVIR Project, NASA, USAID and ICIMOD make no express ",ICIMOD,2015-09-22,47559,Landslide; Landslide Dam; Coseismic Landslide; Earthquake; Geohazards; Rockslide; Safety Factors; icimod-servir; servircat; Geo-disasters; Anti Dip; Slope; Gorkha; Nepal; Geoscientific information,83.536,27.283,86.291,28.688,true,https://rds.icimod.org/Home/DataDetail?metadataId=24679,Spatial extent overlaps Nepal; Explicitly mentions Nepal; Open license (CC BY); High portal popularity
5,193,critical,24676,5aef98ad-1889-4bde-9b23-ba05ddde6c87,Geological data of Nepal's Gorkha Earthquake 2015 affected area,real-time weather / forecast,weather_climate; cryosphere; hazard; hydrology; terrain_landcover,Vector,5000,2015-09-21t18:15:00.000z,2015-09-21t18:15:00.000z,As needed,"Creative Commons Attribution 4.0 International (CC BY 4.0) | The SERVIR Project, NASA, USAID and ICIMOD make no express ",ICIMOD,2015-09-22,47522,Landslide; Landslide Dam; Coseismic Landslide; Earthquake; Geohazards; Rockslide; Safety Factors; icimod-servir; servircat; Geo-disasters; Geology; Gorkha; Nepal; Geoscientific information,83.536,27.283,86.291,28.688,true,https://rds.icimod.org/Home/DataDetail?metadataId=24676,Spatial extent overlaps Nepal; Explicitly mentions Nepal; Open license (CC BY); High portal popularity
6,193,critical,24683,60c5e753-6c53-4184-845c-8a680feb46d7,Internal Relief Map of Nepal's Gorkha Earthquake 2015 affected area,real-time weather / forecast,weather_climate; cryosphere; hazard; hydrology; terrain_landcover,,30 m,2015-09-21t18:15:00.000z,2015-09-21t18:15:00.000z,As needed,"Creative Commons Attribution 4.0 International (CC BY 4.0) | The SERVIR Project, NASA, USAID and ICIMOD make no express ",ICIMOD,2015-09-22,47034,Landslide; Landslide Dam; Coseismic Landslide; Earthquake; Geohazards; Rockslide; Safety Factors; icimod-servir; servircat; Geo-disasters; Relief; Gorkha; Nepal; Geoscientific information,83.536,27.283,86.291,28.688,true,https://rds.icimod.org/Home/DataDetail?metadataId=24683,Spatial extent overlaps Nepal; Explicitly mentions Nepal; Open license (CC BY); High portal popularity
7,193,critical,24677,92efe7eb-4704-4026-9f1b-9a88f79668d6,Possible Damming Site - Hazard Mapping of Nepal's Gorkha Earthquake 2015 induced landslide dams,real-time weather / forecast,weather_climate; cryosphere; hazard; hydrology; terrain_landcover,Vector,5000,2015-09-21t18:15:00.000z,2015-09-21t18:15:00.000z,As needed,"Creative Commons Attribution 4.0 International (CC BY 4.0) | The SERVIR Project, NASA, USAID and ICIMOD make no express ",ICIMOD,2015-09-22,48025,Landslide; Landslide Dam; Coseismic Landslide; Earthquake; Geohazards; Rockslide; Safety Factors; icimod-servir; servircat; Geo-disasters; Dams; Gorkha; Nepal; Geoscientific information,83.536,27.283,86.291,28.688,true,https://rds.icimod.org/Home/DataDetail?metadataId=24677,Spatial extent overlaps Nepal; Explicitly mentions Nepal; Open license (CC BY); High portal popularity
8,188,critical,24682,a2702533-c5e6-4b6d-8411-c663d5243fc9,Dip Slope - Hazard Mapping of Nepal's Gorkha Earthquake 2015 induced landslide Dams,real-time weather / forecast,weather_climate; cryosphere; hazard; hydrology; terrain_landcover,,30 m,2015-09-21t18:15:00.000z,2015-09-21t18:15:00.000z,As needed,"Creative Commons Attribution 4.0 International (CC BY 4.0) | The SERVIR Project, NASA, USAID and ICIMOD make no express ",ICIMOD,2015-09-22,7405,Landslide; Landslide Dam; Coseismic Landslide; Earthquake; Geohazards; Rockslide; Safety Factors; icimod-servir; servircat; Geo-disasters; Dip Slope; Gorkha; Nepal; Geoscientific information,83.536,27.283,86.291,28.688,true,https://rds.icimod.org/Home/DataDetail?metadataId=24682,Spatial extent overlaps Nepal; Explicitly mentions Nepal; Open license (CC BY)
9,188,critical,24681,2fde278f-a406-411c-91aa-6094dd81efe5,Dip Normal Slope - Hazard Mapping of Nepal's Gorkha Earthquake 2015 induced landslide Dams,real-time weather / forecast,weather_climate; cryosphere; hazard; hydrology; terrain_landcover,,30 m,2015-09-21t18:15:00.000z,2015-09-21t18:15:00.000z,As needed,"Creative Commons Attribution 4.0 International (CC BY 4.0) | The SERVIR Project, NASA, USAID and ICIMOD make no express ",ICIMOD,2015-09-22,7373,Landslide; Landslide Dam; Coseismic Landslide; Earthquake; Geohazards; Rockslide; Safety Factors; icimod-servir; servircat; Geo-disasters; Dip Normal; Slope; Gorkha; Nepal; Geoscientific information,83.536,27.283,86.291,28.688,true,https://rds.icimod.org/Home/DataDetail?metadataId=24681,Spatial extent overlaps Nepal; Explicitly mentions Nepal; Open license (CC BY)
10,188,critical,24267,47c1b330-6ee6-41cf-ba3f-9ad3ad72e290,Attitude of Geological Structural data of Nepal's Gorkha Earthquake 2015 affected area,real-time weather / forecast,weather_climate; cryosphere; hazard; hydrology; terrain_landcover,Vector,5000,2015-09-21t18:15:00.000z,2015-09-21t18:15:00.000z,As needed,"Creative Commons Attribution 4.0 International (CC BY 4.0) | The SERVIR Project, NASA, USAID and ICIMOD make no express ",ICIMOD,2015-09-22,7398,Landslide; Landslide Dam; Coseismic Landslide; Earthquake; Geohazards; Rockslide; Safety Factors; icimod-servir; servircat; Geo-disasters; Gorkha; Nepal; Geoscientific information,83.536,27.283,86.291,28.688,true,https://rds.icimod.org/Home/DataDetail?metadataId=24267,Spatial extent overlaps Nepal; Explicitly mentions Nepal; Open license (CC BY)
11,187,critical,1971950,799aab42-e816-4e7d-87bb-8b2147eb6a1a,"Potentially dangerous glacial lakes in the Koshi, Gandaki, and Karnali river basins of Nepal, the Tibet Autonomous Region of China, and India",real-time weather / forecast,weather_climate; cryosphere; hazard; hydrology; terrain_landcover; remote_sensing,Vector,,2015-08-31t18:15:00.000z,2016-12-11t18:15:00.000z,As needed,Creative Commons Attribution 4.0 International (CC BY 4.0),ICIMOD,2020-09-10,73083,Glacial Lake; Potential dangerous glacial lakes; GLOF; Cryosphere; Nepal; China; India; Geoscientific information,80.3847,27.6854,88.2922,30.4473,true,https://rds.icimod.org/Home/DataDetail?metadataId=1971950,Spatial extent overlaps Nepal; Explicitly mentions Nepal; Open license (CC BY); High portal popularity
12,187,critical,1971946,777e6cb6-c2db-47ab-852c-48bd0f24a158,"Glacial lakes in the Koshi, Gandaki, and Karnali river basins of Nepal, the Tibet Autonomous Region of China, and India",real-time weather / forecast,weather_climate; cryosphere; hydrology; terrain_landcover; remote_sensing,Vector,,2015-08-31t18:15:00.000z,2016-12-11t18:15:00.000z,As needed,Creative Commons Attribution 4.0 International (CC BY 4.0),ICIMOD,2020-09-10,73660,Glacial Lake; Potential dangerous glacial lakes; GLOF; Cryosphere; Nepal; China; India; Geoscientific information,80.0726,27.4357,88.7198,30.622,true,https://rds.icimod.org/Home/DataDetail?metadataId=1971946,Spatial extent overlaps Nepal; Explicitly mentions Nepal; Open license (CC BY); High portal popularity
13,179,critical,1973283,8881454b-6f7c-461b-95c2-eaf7618230d9,GLOF database of High Mountain Asia,snowline / glacier context,cryosphere; hazard; hydrology; terrain_landcover,"Text, table",,1982-12-31t18:30:00.000z,2022-07-04t18:15:00.000z,As needed,Creative Commons Attribution 4.0 International (CC BY 4.0),ICIMOD,2022-10-19,7152,Glacial lake; GLOFs; GLOF Inventory; Cryosphere; High Mountain Asia; Geoscientific information,68,26,102,46,true,https://rds.icimod.org/Home/DataDetail?metadataId=1973283,Spatial extent overlaps Nepal; Recent temporal coverage (≥2020); Long temporal baseline (≥10 years); Open license (CC BY)
14,176,critical,1973447,b80287b9-2978-48c2-b386-bd5f1449d84f,Decadal glacier changes from 1990 to 2020 in the Hindu Kush Himalaya,real-time weather / forecast,weather_climate; cryosphere; hydrology; terrain_landcover; remote_sensing,,,1989-12-31t18:15:00.000z,2020-12-30t18:15:00.000z,As needed,Creative Commons Attribution 4.0 International (CC BY 4.0),ICIMOD,2026-03-19,11336,Glacier; Cryosphere; Decadal Change; Glacier Change; Debris-covered; Clean Ice; Hindu Kush Himalaya; Mountain ranges; Himalaya; Karakoram; Gangdise; Ganges; Indus; Amu Darya; Brahmaputra; Irrawaddy; Salween; Mekong; Yangtze; Yellow River; Tarim; Qinghai Tibetan; Nyainqêntanglha; Hengduan Shan; Tanggula Shan; Tibetan; Qilian Shan; Kunlun Shan; Pamir; Altun Shan; Geoscientific information,67.6,27,103.9,39.3,true,https://rds.icimod.org/Home/DataDetail?metadataId=1973447,Spatial extent overlaps Nepal; Recent temporal coverage (≥2020); Long temporal baseline (≥10 years); Open license (CC BY); High portal popularity
15,174,critical,9359,f319036a-64ab-4583-a1bc-5df7b67119a7,Status of Glaciers in Hindu Kush Himalayan (HKH) Region,real-time weather / forecast,weather_climate; cryosphere; hydrology; terrain_landcover; remote_sensing,Vector,50000,2001-12-31t18:15:00.000z,2008-12-30t18:15:00.000z,As needed,Creative Commons Attribution 4.0 International (CC BY 4.0) | Free to use with copyright to ICIMOD. Citation: Bajracharya,ICIMOD,2011-12-04,19714,Cryosphere; Glacier; Basin; Climate change; HKH; Amu Darya; Indus; Ganges; Brahmaputra; Irrawaddy; Nepal; Bhutan; China; India; Pakistan; Afghanistan; Geoscientific information,98.492,38.346,67.631,27.492,false,https://rds.icimod.org/Home/DataDetail?metadataId=9359,Spatial extent overlaps HKH region; Explicitly mentions Nepal; Open license (CC BY); High portal popularity
16,173,critical,1972412,37e2b5c8-7613-4ec6-aff0-1807a3c47baa,Micromet station: Yala 1,real-time weather / forecast,weather_climate; cryosphere,,,2016-10-29t18:15:00.000z,2017-04-22t18:15:00.000z,Not planned,Creative Commons Attribution 4.0 International (CC BY 4.0),ICIMOD,2020-03-11,12396,clean ice; climate; cryosphere; Langtang; Nepal; Climatology; meteorology; atmosphere,85.62512,28.23425,85.62512,28.23425,true,https://rds.icimod.org/Home/DataDetail?metadataId=1972412,Spatial extent overlaps Nepal; Explicitly mentions Nepal; Open license (CC BY); High portal popularity
17,172,critical,1973127,b2eaf6b4-b30e-40e5-8d7e-a64d2fa43655,HydroSAR Hydro30 Surface Water Extent Product of flood-prone regions in the Hindu Kush Himalaya (HKH),real-time weather / forecast,weather_climate; hazard; hydrology; terrain_landcover; remote_sensing,,30 m,2022-05-15t18:15:00.000z,2022-12-30t18:15:00.000z,Daily,Free to use with attribution. Suggested credit statement: HydroSAR Hydro30 water extent product processed by ASF DAAC Hy,ICIMOD,2022-08-29,2572,Flood; Inundation; Sentinel-1; Water area; Bangladesh; India; Nepal; Terai; Geoscientific information,76.224,20.0206,97.511,31.037,true,https://rds.icimod.org/Home/DataDetail?metadataId=1973127,Spatial extent overlaps Nepal; Explicitly mentions Nepal; Recent temporal coverage (≥2020); High update frequency
18,171,critical,18532,ac9467ac-34b1-4109-906c-182053ca1106,"Meteorological Data of HYCOS Automatic Weather Station at Humla, Nepal",real-time weather / forecast,weather_climate,,,2026-05-08t18:14:59.000z,2026-05-08t18:14:59.000z,As needed,,ICIMOD,2014-11-11,1782,HYCOS; Rainfall; Meteorological Station; Temperature; Relative Humidity; Wind Direction; Wind Speed; Pressure; Automatic Weather Station; AWS; Humla; Nepal; Climatology; meteorology; atmosphere,81.8158,29.9716,81.815799833333,29.9716,true,https://rds.icimod.org/Home/DataDetail?metadataId=18532,Spatial extent overlaps Nepal; Explicitly mentions Nepal; Recent temporal coverage (≥2020)
19,171,critical,19172,ae257904-fda3-47d7-92fb-b3a0a060faaa,"Meteorological Data of HYCOS Automatic Weather Station at Baitadi, Nepal",real-time weather / forecast,weather_climate,,,2026-05-08t18:14:59.000z,2026-05-08t18:14:59.000z,As needed,,ICIMOD,2014-11-11,4855,HYCOS; Rainfall; Meteorological Station; Wind Speed; Wind Direction; Pressure; Temperature; Automatic Weather Station; AWS; Baitadi; Nepal; Climatology; meteorology; atmosphere,80.0522,26.36836,88.19456,30.42472,true,https://rds.icimod.org/Home/DataDetail?metadataId=19172,Spatial extent overlaps Nepal; Explicitly mentions Nepal; Recent temporal coverage (≥2020)
20,171,critical,18504,a6807685-33a9-422e-85d1-48b0d5d38e37,"Meteorological Data of HYCOS Automatic Weather Station at Jumla, Nepal",real-time weather / forecast,weather_climate,,,2026-05-08t18:14:59.000z,2026-05-08t18:14:59.000z,As needed,,ICIMOD,2014-11-11,2145,HYCOS; Rainfall; Meteorological Station; Wind Speed; Wind Direction; Pressure; Temperature; Automatic Weather Station; AWS; Jumla; Nepal; Climatology; meteorology; atmosphere,82.1936,29.44047,82.1936,29.44047,true,https://rds.icimod.org/Home/DataDetail?metadataId=18504,Spatial extent overlaps Nepal; Explicitly mentions Nepal; Recent temporal coverage (≥2020)
21,171,critical,19170,b962bbed-2786-41f4-a96a-3d94e465cda2,"Meteorological Data of HYCOS Automatic Weather Station at Chainpur, Nepal",real-time weather / forecast,weather_climate,,,2026-05-08t18:14:59.000z,2026-05-08t18:14:59.000z,As needed,,ICIMOD,2014-11-11,2251,HYCOS; Rainfall; Meteorological Station; Wind Speed; Wind Direction; Pressure; Temperature; Automatic Weather Station; AWS; Chainpur; Nepal; Bajhang; Climatology; meteorology; atmosphere,81.2005,29.5455,81.2005,29.5455,true,https://rds.icimod.org/Home/DataDetail?metadataId=19170,Spatial extent overlaps Nepal; Explicitly mentions Nepal; Recent temporal coverage (≥2020)
22,169,critical,1972410,6dda64f7-cd65-4e09-ad8c-3e8623ef8e87,Micromet station: Yala 3,real-time weather / forecast,weather_climate; cryosphere; route_context,,,2016-10-27t18:15:00.000z,2017-04-20t18:15:00.000z,Annually,Creative Commons Attribution 4.0 International (CC BY 4.0),ICIMOD,2020-03-11,12416,clean ice; climate; cryosphere; Langtang; Nepal; Climatology; meteorology; atmosphere,85.60724,28.22424,85.60724,28.22424,true,https://rds.icimod.org/Home/DataDetail?metadataId=1972410,Spatial extent overlaps Nepal; Explicitly mentions Nepal; Open license (CC BY); High portal popularity
23,168,critical,1972411,f529c6ff-4047-428d-8128-095f333c0481,Micromet station: Yala 2,real-time weather / forecast,weather_climate; cryosphere,,,2016-10-28t18:15:00.000z,2017-04-21t18:15:00.000z,Not planned,Free to use with attribution to the source. Funded via the European Research Council (ERC) under the European Unions Hor,ICIMOD,2020-03-11,12282,clean ice; climate; cryosphere; Langtang; Nepal; Yala; Climatology; meteorology; atmosphere,85.61608,28.23457,85.61608,28.23457,true,https://rds.icimod.org/Home/DataDetail?metadataId=1972411,Spatial extent overlaps Nepal; Explicitly mentions Nepal; High portal popularity
24,163,critical,18403,1d99574f-ceee-4d9b-96bd-887a41caf2a4,"Meteorological Data of HYCOS Automatic Weather Station at Dhankuta, Nepal",real-time weather / forecast,weather_climate,,,2012-04-16t04:30:00.000z,2013-12-31t06:00:00.000z,As needed,,ICIMOD,2014-11-11,4716,HYCOS; Rainfall; Meteorological Station; Temperature; Relative Humidity; Pressure; Wind Direction; Speed; Automatic Weather Station; AWS; Dhankuta; Nepal; Climatology; meteorology; atmosphere,87.3459,26.9833,87.3459,26.9833,true,https://rds.icimod.org/Home/DataDetail?metadataId=18403,Spatial extent overlaps Nepal; Explicitly mentions Nepal
25,163,critical,18456,0fe8a6d7-881f-4205-b2f0-c80a17cbd8fb,"Meteorological Data of HYCOS Automatic Weather Station at Okhalddhunga, Nepal",real-time weather / forecast,weather_climate,,,2012-06-19t07:15:00.000z,2013-12-31t06:00:00.000z,As needed,,ICIMOD,2014-11-11,1711,HYCOS; Rainfall; Meteorological Station; Temperature; Relative Humidity; Wind Direction; Wind Speed; Pressure; Okhalddhunga; Nepal; Climatology; meteorology; atmosphere,86.5042,27.3082,86.504199833333,27.3082,true,https://rds.icimod.org/Home/DataDetail?metadataId=18456,Spatial extent overlaps Nepal; Explicitly mentions Nepal
26,161,critical,17466,bceddc7f-fe3c-4326-8087-ac4e2ccf758e,"Meteorological Data of HYCOS Automatic Weather Station at Korilla, Bhutan",real-time weather / forecast,weather_climate; hazard,,,2011-01-19t03:45:00.000z,2013-12-31t06:00:00.000z,As needed,,ICIMOD,2014-11-03,1660,HYCOS; Flood; Water Level; Rainfall; Hydrological Station; Precipitation; Bhutan; Korilla; Climatology; meteorology; atmosphere,91.30061,27.28508,91.300611111111,27.28508,false,https://rds.icimod.org/Home/DataDetail?metadataId=17466,Spatial extent overlaps HKH region
27,160,critical,20831,19304eac-3615-40c0-be9f-cc610e9b1138,Glacial Lakes of Nepal 2011,snowline / glacier context,cryosphere; hazard; hydrology; remote_sensing,Vector,30 m,1957-12-29t18:30:00.000z,2009-12-29t18:15:00.000z,As needed,Creative Commons Attribution 4.0 International (CC BY 4.0),ICIMOD,2011-01-03,19793,Glacial Lakes; Flood; Glacier; Himalaya; HKH; Maha Kali; Gandaki; Nepal; Koshi; Karnali; Hindu Kush Himalaya; Geoscientific information,80.1742,26.3389,88.0556,30.4073,true,https://rds.icimod.org/Home/DataDetail?metadataId=20831,Spatial extent overlaps Nepal; Explicitly mentions Nepal; Long temporal baseline (≥10 years); Open license (CC BY); High portal popularity
28,153,critical,24065,6a31e6e5-b1e4-4ed9-a245-d5507e380217,Glacial Lake Status after Gorkha Earthquake,snowline / glacier context,cryosphere; hazard; route_context; remote_sensing,Vector,5000,2015-04-26t18:15:00.000z,2015-05-31t18:15:00.000z,As needed,"Users are permitted to copy, use, adapt, and redistribute these data. Users of these data must cite the Science paper, J",ICIMOD,2015-11-11,3561,Glacial Lake; geohazards; earthquake; servircat; icimod-servir; Nepal; Geoscientific information,83.6,27.26191,86.93142,28.854,true,https://rds.icimod.org/Home/DataDetail?metadataId=24065,Spatial extent overlaps Nepal; Explicitly mentions Nepal
29,152,critical,1972414,a25ec7a0-440e-4cf4-b186-869d66f06821,Pluviometer: Langshisha,real-time weather / forecast,weather_climate; cryosphere,,,2013-10-28t18:15:00.000z,2019-10-30t18:15:00.000z,Annually,Creative Commons Attribution 4.0 International (CC BY 4.0),ICIMOD,2020-03-11,12609,precipitation; meteorology; Langtang; Nepal; Climatology; meteorology; atmosphere,85.68619,28.20265,85.68619,28.20265,true,https://rds.icimod.org/Home/DataDetail?metadataId=1972414,Spatial extent overlaps Nepal; Explicitly mentions Nepal; Open license (CC BY); High portal popularity
30,152,critical,1972413,c554ae0d-4a27-42ba-825c-01dc4992ed86,Pluviometer: Morimoto,real-time weather / forecast,weather_climate; cryosphere,,,2013-05-16t18:15:00.000z,2019-10-29t18:15:00.000z,Annually,Creative Commons Attribution 4.0 International (CC BY 4.0),ICIMOD,2020-03-11,12355,precipitation; meteorology; Langtang; Nepal; Climatology; meteorology; atmosphere,85.68152,28.25296,85.68152,28.25296,true,https://rds.icimod.org/Home/DataDetail?metadataId=1972413,Spatial extent overlaps Nepal; Explicitly mentions Nepal; Open license (CC BY); High portal popularity
31,151,critical,1973819,54711a0a-c6ce-44b5-b3a6-5d5ebd03d73b,Improved 8-day version 6.1 Terra–Aqua MODIS cloud-free snow cover and Randolph Glacier Inventory 6.0 product for high-mountain Asia between 2002 and 2022,snowline / glacier context,cryosphere; remote_sensing,Grid,,2002-10-15t18:15:00.000z,2022-12-30t18:15:00.000z,As needed,Creative Commons Attribution 4.0 International (CC BY 4.0),ICIMOD,2023-12-22,35295,HMA; HKH; MODIS; Snow Cover; Cryosphere; Geoscientific information,58.22,24.32,122.48,49.19,true,https://rds.icimod.org/Home/DataDetail?metadataId=1973819,Spatial extent overlaps Nepal; Recent temporal coverage (≥2020); Long temporal baseline (≥10 years); Open license (CC BY); High portal popularity
32,149,critical,36030,6f0973ec-e152-425a-90ce-c99a6892de37,Raw Ground Penetrating Radar (GPR) collected on Rikha Samba glacier in 2015,snowline / glacier context,cryosphere; terrain_landcover,,,2026-05-08t18:14:59.000z,2026-05-08t18:14:59.000z,As needed,Creative Commons Attribution 4.0 International (CC BY 4.0),ICIMOD,2015-01-01,14499,Glacier; Ice Thickness; Cryosphere; GPR; Rikha Samba; Lower Mustang; Nepal; Hindu Kush Himalaya; Geoscientific information,85.785589,28.11677,85.81682,28.20026,true,https://rds.icimod.org/Home/DataDetail?metadataId=36030,Spatial extent overlaps Nepal; Explicitly mentions Nepal; Recent temporal coverage (≥2020); Open license (CC BY); High portal popularity
33,146,critical,18006,dafbd614-d83f-4fef-917a-3366c1d28a63,"Meteorological Data of HYCOS Automatic Weather Station at Hongtsho, Bhutan",real-time weather / forecast,weather_climate; hazard,,,2011-01-18t07:00:00.000z,2013-12-31t06:00:00.000z,As needed,,ICIMOD,2014-11-11,1615,HYCOS; Flood; Rainfall; Meteorological Station; Wind Direction; Wind Speed; Pressure; Relative Humidity; Temperature; Bhutan; Hongtsho; Thimpu; Climatology; meteorology; atmosphere,89.73357,27.46769,89.733566666667,27.46769,false,https://rds.icimod.org/Home/DataDetail?metadataId=18006,Spatial extent overlaps HKH region
34,146,critical,17450,2e5dae2a-04d2-4b34-85e5-bb8f1be57961,"Meteorological Data of HYCOS Automatic Weather Station at Kurigram, Bangladesh.",real-time weather / forecast,weather_climate; hazard,,,2011-01-17t02:45:00.000z,2013-01-31t06:00:00.000z,As needed,,ICIMOD,2014-10-29,1934,HYCOS; Flood; Temperature; Relative Humidity; Wind Direction; Rainfall; Wind Speed; Pressure; Automatic Weather Station; AWS; Bangladesh; Kurigram; Climatology; meteorology; atmosphere,89.544,25.797,89.544,25.797,false,https://rds.icimod.org/Home/DataDetail?metadataId=17450,Spatial extent overlaps HKH region
35,146,critical,26859,8b3087d8-174c-443c-a8fc-4dabf45e3980,Meteorological data from Yala Base Camp automatic weather station,real-time weather / forecast,weather_climate; cryosphere; route_context,"Text, table",,2012-05-07t18:15:00.000z,2019-12-30t18:15:00.000z,Annually,Creative Commons Attribution 4.0 International (CC BY 4.0),ICIMOD,2016-06-20,17259,meteorology; Automatic Weather Station; AWS; Glacier; Yala Glacier; Langtang; Climatology; meteorology; atmosphere,85.61208,28.23252,85.61208,28.23252,true,https://rds.icimod.org/Home/DataDetail?metadataId=26859,Spatial extent overlaps Nepal; Open license (CC BY); High portal popularity
36,146,critical,31029,c6a59a04-e6f7-4bf6-a6a8-f1cd534a6b62,Clean Ice and Debris covered glaciers of HKH Region,snowline / glacier context,cryosphere; terrain_landcover; remote_sensing,,50000,2003-11-30t18:15:00.000z,2008-12-30t18:15:00.000z,As needed,Creative Commons Attribution 4.0 International (CC BY 4.0),ICIMOD,2011-04-12,18694,Glacier Status; Clean Ice; Debris Covered; Glacier; HKH; Amu Darya; Indus; Ganges; Brahmaputra; Irrawaddy; Nepal; Bhutan; China; India; Pakistan; Afghanistan; Geoscientific information,98.171,38.348,67.625,27.497,false,https://rds.icimod.org/Home/DataDetail?metadataId=31029,Spatial extent overlaps HKH region; Explicitly mentions Nepal; Open license (CC BY); High portal popularity
37,145,critical,8685,2a7b19a6-d266-4b01-a1f8-fcd9cac5d0a9,Monthly Minimum Temperature Trend (March) 1950-2000 of Hindu Kush Himalayan (HKH) Region,real-time weather / forecast,weather_climate,Grid,1000000,2026-05-08t18:14:59.000z,2026-05-08t18:14:59.000z,As needed,"The content of this website can be accessed, printed and downloaded in an unaltered form (altered including being stretc",ICIMOD,2011-07-13T09:28:00,1712,Temperature; Climate; Monthly minimum temperature; Hindu Kush Himalayan Region; HKH Region; Climatology; meteorology; atmosphere,60.0000000000033,14.9999999999967,106.008333333337,48.00833333333,true,https://rds.icimod.org/Home/DataDetail?metadataId=8685,Spatial extent overlaps Nepal; Recent temporal coverage (≥2020)
38,145,critical,8683,7fe42618-f791-4514-abc9-88a7bd3d8682,Monthly Minimum Temperature Trend (January) 1950-2000 of Hindu Kush Himalayan (HKH) Region,real-time weather / forecast,weather_climate,Grid,1000000,2026-05-08t18:14:59.000z,2026-05-08t18:14:59.000z,As needed,"The content of this website can be accessed, printed and downloaded in an unaltered form (altered including being stretc",ICIMOD,2011-07-13T09:11:00,1478,Temperature; Climate; Monthly minimum temperature; Hindu Kush Himalayan Region; HKH Region; Climatology; meteorology; atmosphere,60.0000000000033,14.9999999999967,106.008333333337,48.00833333333,true,https://rds.icimod.org/Home/DataDetail?metadataId=8683,Spatial extent overlaps Nepal; Recent temporal coverage (≥2020)
39,145,critical,8684,13dacec2-8fd7-46cc-96ec-0511b41c22b3,Monthly Minimum Temperature Trend (February) 1950-2000 of Hindu Kush Himalayan (HKH) Region,real-time weather / forecast,weather_climate,Grid,1000000,2026-05-08t18:14:59.000z,2026-05-08t18:14:59.000z,As needed,"The content of this website can be accessed, printed and downloaded in an unaltered form (altered including being stretc",ICIMOD,2011-07-13T09:20:00,1478,Temperature; Climate; Monthly minimum temperature; Hindu Kush Himalayan Region; HKH Region; Climatology; meteorology; atmosphere,60.0000000000033,14.9999999999967,106.008333333337,48.00833333333,true,https://rds.icimod.org/Home/DataDetail?metadataId=8684,Spatial extent overlaps Nepal; Recent temporal coverage (≥2020)
40,145,critical,8686,250ed0ac-e503-4acb-8385-758c6e78bcf3,Monthly Minimum Temperature Trend (April) 1950-2000 of Hindu Kush Himalayan (HKH) Region,real-time weather / forecast,weather_climate,Grid,1000000,2026-05-08t18:14:59.000z,2026-05-08t18:14:59.000z,As needed,"The content of this website can be accessed, printed and downloaded in an unaltered form (altered including being stretc",ICIMOD,2011-07-13T09:33:00,1761,Temperature; Climate; Monthly minimum temperature; Hindu Kush Himalayan Region; HKH Region; Climatology; meteorology; atmosphere,60.0000000000033,14.9999999999967,106.008333333337,48.00833333333,true,https://rds.icimod.org/Home/DataDetail?metadataId=8686,Spatial extent overlaps Nepal; Recent temporal coverage (≥2020)
41,145,critical,8690,01327e12-74fd-4ff9-ac54-d86a2f9e74a8,Monthly Minimum Temperature Trend (August) 1950-2000 of Hindu Kush Himalayan (HKH) Region,real-time weather / forecast,weather_climate,Grid,1000000,2026-05-08t18:14:59.000z,2026-05-08t18:14:59.000z,As needed,"The content of this website can be accessed, printed and downloaded in an unaltered form (altered including being stretc",ICIMOD,2011-07-13T09:54:00,2556,Temperature; Climate; Monthly minimum temperature; Hindu Kush Himalayan Region; HKH Region; Climatology; meteorology; atmosphere,60.0000000000033,14.9999999999967,106.008333333337,48.00833333333,true,https://rds.icimod.org/Home/DataDetail?metadataId=8690,Spatial extent overlaps Nepal; Recent temporal coverage (≥2020)
42,145,critical,8692,0743aef3-4088-4d19-b047-1e47736a9f3a,Monthly Minimum Temperature Trend (October) 1950-2000 of Hindu Kush Himalayan (HKH) Region,real-time weather / forecast,weather_climate,Grid,1000000,2026-05-08t18:14:59.000z,2026-05-08t18:14:59.000z,As needed,"The content of this website can be accessed, printed and downloaded in an unaltered form (altered including being stretc",ICIMOD,2011-07-13T10:04:00,1583,Temperature; Climate; Monthly minimum temperature; Hindu Kush Himalayan Region; HKH Region; Climatology; meteorology; atmosphere,60.0000000000033,14.9999999999967,106.008333333337,48.00833333333,true,https://rds.icimod.org/Home/DataDetail?metadataId=8692,Spatial extent overlaps Nepal; Recent temporal coverage (≥2020)
43,145,critical,8694,7089e174-f593-4257-b38e-ad54da8300f2,Monthly Minimum Temperature Trend (December) 1950-2000 of Hindu Kush Himalayan (HKH) Region,real-time weather / forecast,weather_climate,Grid,1000000,2026-05-08t18:14:59.000z,2026-05-08t18:14:59.000z,As needed,"The content of this website can be accessed, printed and downloaded in an unaltered form (altered including being stretc",ICIMOD,2011-07-13T10:16:00,2078,Temperature; Climate; Monthly minimum temperature; Hindu Kush Himalayan Region; HKH Region; Climatology; meteorology; atmosphere,60.0000000000033,14.9999999999967,106.008333333337,48.00833333333,true,https://rds.icimod.org/Home/DataDetail?metadataId=8694,Spatial extent overlaps Nepal; Recent temporal coverage (≥2020)
44,145,critical,8689,f84bd955-9dec-4dd5-bb51-ff90c8da1ee2,Monthly Minimum Temperature Trend (July) 1950-2000 of Hindu Kush Himalayan (HKH) Region,real-time weather / forecast,weather_climate,Grid,1000000,2026-05-08t18:14:59.000z,2026-05-08t18:14:59.000z,As needed,"The content of this website can be accessed, printed and downloaded in an unaltered form (altered including being stretc",ICIMOD,2011-07-13T09:48:00,1516,Temperature; Climate; Monthly minimum temperature; Hindu Kush Himalayan Region; HKH Region; Climatology; meteorology; atmosphere,60.0000000000033,14.9999999999967,106.008333333337,48.00833333333,true,https://rds.icimod.org/Home/DataDetail?metadataId=8689,Spatial extent overlaps Nepal; Recent temporal coverage (≥2020)
45,145,critical,8687,a6d973b7-f288-49fb-9ca7-41f0678bdc61,Monthly Minimum Temperature Trend (May) 1950-2000 of Hindu Kush Himalayan (HKH) Region,real-time weather / forecast,weather_climate,Grid,1000000,2026-05-08t18:14:59.000z,2026-05-08t18:14:59.000z,As needed,"The content of this website can be accessed, printed and downloaded in an unaltered form (altered including being stretc",ICIMOD,2011-07-13T09:38:00,3723,Temperature; Climate; Monthly minimum temperature; Hindu Kush Himalayan Region; HKH Region; Climatology; meteorology; atmosphere,60.0000000000033,14.9999999999967,106.008333333337,48.00833333333,true,https://rds.icimod.org/Home/DataDetail?metadataId=8687,Spatial extent overlaps Nepal; Recent temporal coverage (≥2020)
46,145,critical,8691,9807c2fd-6cdb-4c29-a01a-4f33c7028e23,Monthly Minimum Temperature Trend (September) 1950-2000 of Hindu Kush Himalayan (HKH) Region,real-time weather / forecast,weather_climate,Grid,1000000,2026-05-08t18:14:59.000z,2026-05-08t18:14:59.000z,As needed,"The content of this website can be accessed, printed and downloaded in an unaltered form (altered including being stretc",ICIMOD,2011-07-13T10:00:00,1889,Temperature; Climate; Monthly minimum temperature; Hindu Kush Himalayan Region; HKH Region; Climatology; meteorology; atmosphere,60.0000000000033,14.9999999999967,106.008333333337,48.00833333333,true,https://rds.icimod.org/Home/DataDetail?metadataId=8691,Spatial extent overlaps Nepal; Recent temporal coverage (≥2020)
47,145,critical,8688,0f7cc838-32b6-46de-bdaf-5b60c77d2415,Monthly Minimum Temperature Trend (June) 1950-2000 of Hindu Kush Himalayan (HKH) Region,real-time weather / forecast,weather_climate,Grid,1000000,2026-05-08t18:14:59.000z,2026-05-08t18:14:59.000z,As needed,"The content of this website can be accessed, printed and downloaded in an unaltered form (altered including being stretc",ICIMOD,2011-07-13T09:42:00,1869,Temperature; Climate; Monthly minimum temperature; Hindu Kush Himalayan Region; HKH Region; Climatology; meteorology; atmosphere,60.0000000000033,14.9999999999967,106.008333333337,48.00833333333,true,https://rds.icimod.org/Home/DataDetail?metadataId=8688,Spatial extent overlaps Nepal; Recent temporal coverage (≥2020)
48,145,critical,8693,8c7e704e-cbf9-4409-b515-ec62d1c3444f,Monthly Minimum Temperature Trend (November) 1950-2000 of Hindu Kush Himalayan (HKH) Region,real-time weather / forecast,weather_climate,Grid,1000000,2026-05-08t18:14:59.000z,2026-05-08t18:14:59.000z,As needed,"The content of this website can be accessed, printed and downloaded in an unaltered form (altered including being stretc",ICIMOD,2011-07-13T10:11:00,2011,Temperature; Climate; Monthly minimum temperature; Hindu Kush Himalayan Region; HKH Region; Climatology; meteorology; atmosphere,60.0000000000033,14.9999999999967,106.008333333337,48.00833333333,true,https://rds.icimod.org/Home/DataDetail?metadataId=8693,Spatial extent overlaps Nepal; Recent temporal coverage (≥2020)
49,145,critical,1972409,2c784f13-7ef0-4d0f-823c-2328623cbd89,Micromet station: Lirung glacier,real-time weather / forecast,weather_climate; cryosphere,,,2017-10-19t18:15:00.000z,2019-08-09t18:15:00.000z,Annually,Creative Commons Attribution 4.0 International (CC BY 4.0),ICIMOD,2020-03-11,12369,debris-covered ice; meteorology; Langtang; Nepal; Climatology; meteorology; atmosphere,85.55711,28.23967,85.55711,28.23967,true,https://rds.icimod.org/Home/DataDetail?metadataId=1972409,Spatial extent overlaps Nepal; Explicitly mentions Nepal; Open license (CC BY); High portal popularity
50,144,critical,20964,66751f42-16ac-4c74-ac99-1ebcd6ee4e84,Glacial Lakes of Nepal 2001,snowline / glacier context,cryosphere; hazard; remote_sensing,Vector,50000,1957-12-29t18:30:00.000z,1980-12-29t18:30:00.000z,As needed,Creative Commons Attribution 4.0 International (CC BY 4.0),ICIMOD,2001-01-08,11381,Glacial Lakes; Glacier; Himalaya; Flood; HKH; Maha Kali; Gandaki; Nepal; Koshi; Karnali; Hindu Kush Himalaya; Geoscientific information,88.0556,30.4073,80.1742,26.3389,true,https://rds.icimod.org/Home/DataDetail?metadataId=20964,Spatial extent overlaps Nepal; Explicitly mentions Nepal; Long temporal baseline (≥10 years); Open license (CC BY); High portal popularity
51,143,critical,1973404,eddcc797-fb42-48b0-aad6-9f325627a8ba,Glacial lake of Afghanistan 2000,snowline / glacier context,cryosphere; terrain_landcover; remote_sensing,Vector,50000,1998-12-31t18:15:00.000z,2001-12-30t18:15:00.000z,As needed,Creative Commons Attribution 4.0 International (CC BY 4.0),ICIMOD,2021-01-01,3611,Glacial lake; Glacier; Cryosphere; Afghanistan; Amu Darya; Kabul; Indus; Geoscientific information,67.634,34.573,74.652,38.296,false,https://rds.icimod.org/Home/DataDetail?metadataId=1973404,Spatial extent overlaps HKH region; Open license (CC BY)
52,143,critical,8852,759675fe-e07f-4ec5-a700-e32cfc4088a4,The Modis Snow Cover data of Hindu Kush Himalayan (HKH) Region,real-time weather / forecast,weather_climate; cryosphere; remote_sensing,,,2026-05-08t18:14:59.000z,2026-05-08t18:14:59.000z,As needed,"The content of this website can be accessed, printed and downloaded in an unaltered form (altered including being stretc",ICIMOD,2011-12-01T11:44:00,4116,Snow Cover; MODIS; Cryosphere; SERVIR Himalaya; servircat; icimod-servir; Hindu Kush Himalayan Region; HKH Region; Climatology; meteorology; atmosphere,60.853848,15.9578,105.044632,39.318611,true,https://rds.icimod.org/Home/DataDetail?metadataId=8852,Spatial extent overlaps Nepal; Recent temporal coverage (≥2020)
53,143,critical,1973410,bfaa54a2-c054-4fa5-81b2-cdaf4dcabc40,Glacial lake of Afghanistan 2015,snowline / glacier context,cryosphere; terrain_landcover; remote_sensing,Vector,50000,2013-12-31t18:15:00.000z,2016-12-30t18:15:00.000z,As needed,Creative Commons Attribution 4.0 International (CC BY 4.0),ICIMOD,2020-01-01,3004,Glacial lake; Glacier; Cryosphere; Afghanistan; Amu Darya; Kabul; Indus; Geoscientific information,67.633,34.573,74.652,38.296,false,https://rds.icimod.org/Home/DataDetail?metadataId=1973410,Spatial extent overlaps HKH region; Open license (CC BY)
54,143,critical,1973407,4109a908-f6eb-452f-b514-c27cc646b102,Glacial lake of Afghanistan 2010,snowline / glacier context,cryosphere; terrain_landcover; remote_sensing,Vector,50000,2008-12-31t18:15:00.000z,2011-12-30t18:15:00.000z,As needed,Creative Commons Attribution 4.0 International (CC BY 4.0),ICIMOD,2020-01-01,3850,Glacial lake; Glacier; Cryosphere; Afghanistan; Amu Darya; Kabul; Indus; Geoscientific information,67.634,34.573,74.652,38.296,false,https://rds.icimod.org/Home/DataDetail?metadataId=1973407,Spatial extent overlaps HKH region; Open license (CC BY)
55,143,critical,1973400,da90e827-3543-4e6f-8a36-bccdd3c7a01c,Glacial lake of Afghanistan 1990,snowline / glacier context,cryosphere; terrain_landcover; remote_sensing,Vector,50000,1988-12-31t18:15:00.000z,1991-12-30t18:15:00.000z,As needed,Creative Commons Attribution 4.0 International (CC BY 4.0),ICIMOD,2020-01-01,2725,Glacial lake; Glacier; Cryosphere; Afghanistan; Amu Darya; Kabul; Indus; Geoscientific information,67.634,34.573,74.652,38.296,false,https://rds.icimod.org/Home/DataDetail?metadataId=1973400,Spatial extent overlaps HKH region; Open license (CC BY)
56,141,critical,1972729,073f1390-3b0e-4320-8446-8466ad118c59,Land cover of Nepal,snowline / glacier context,cryosphere; hazard; terrain_landcover; remote_sensing,Grid,30 m,1999-12-31t18:15:00.000z,2021-12-31t18:15:00.000z,As needed,Creative Commons Attribution 4.0 International (CC BY 4.0),FRTC,2021-02-10,88023,Land cover; Land use; GIS; spatial data; Landsat; GEE; Google Earth Engine; Earth Observation; NLCMS; Nepal; FRTC; ICIMOD; SERVIR-HKH; Geoscientific information,80.03,26.344,88.169,30.417,true,https://rds.icimod.org/Home/DataDetail?metadataId=1972729,Spatial extent overlaps Nepal; Explicitly mentions Nepal; Recent temporal coverage (≥2020); Long temporal baseline (≥10 years); Open license (CC BY); High portal popularity
57,139,critical,1973405,48e3b0c5-a8a5-4923-b04f-ae7cae5c3066,An Improved 8-Day Terra–Aqua MODIS V6.1 Combined Cloud-Free Snow Cover Dataset for the Ganges Basin (2002–2025),snowline / glacier context,cryosphere; hydrology; remote_sensing,Grid,,2002-08-20t18:15:00.000z,2025-12-30t18:15:00.000z,As needed,Creative Commons Attribution 4.0 International (CC BY 4.0),ICIMOD,2026-02-05,18991,Ganges Basin; HKH; MODIS; Snow Cover; Cryosphere; Geoscientific information,73.38,21.52,90.67,31.46,true,https://rds.icimod.org/Home/DataDetail?metadataId=1973405,Spatial extent overlaps Nepal; Recent temporal coverage (≥2020); Long temporal baseline (≥10 years); Open license (CC BY); High portal popularity
58,137,critical,861,09cca34f-68c7-4628-8535-369d2d088c10,"Glaciers, Glacial Lake and Glacial Lake Outburst Floods (GLOF) of Nepal",snowline / glacier context,cryosphere; hazard; remote_sensing,Vector,50000,2026-05-08t18:14:59.000z,2026-05-08t18:14:59.000z,As needed,"The content of this website can be accessed, printed and downloaded in an unaltered form (altered including being stretc",ICIMOD,2008-07-14T22:52:00,2503,Glaciers; Glacial Lake Outbrust Floods; GLOF; Glacial lake; Early warning system; Nepal; Environment,80.0522,26.36836,88.19456,30.42472,true,https://rds.icimod.org/Home/DataDetail?metadataId=861,Spatial extent overlaps Nepal; Explicitly mentions Nepal; Recent temporal coverage (≥2020)
59,137,critical,8909,53a44779-bc51-423a-a829-d895ec798d99,Sub-basins of Hindu Kush Himalaya (HKH) Region,flood / water context,hydrology; terrain_landcover,Vector,,2026-05-08t18:14:59.000z,2026-05-08t18:14:59.000z,As needed,Creative Commons Attribution 4.0 International (CC BY 4.0),ICIMOD,2012-01-20T11:43:00,12783,Sub basin; Basin; River basin; HKH; Hindu Kush Himalaya Region; Geoscientific information,58.3583,8.5538,122.6445,44.1849,true,https://rds.icimod.org/Home/DataDetail?metadataId=8909,Spatial extent overlaps Nepal; Recent temporal coverage (≥2020); Open license (CC BY); High portal popularity
60,135,critical,1972726,55e06355-60f5-4045-8697-beddb5b16f51,"Weather station data – precipitation and temperature – at Gyelpozhing School in Mongar, Bhutan (2015-2019)",real-time weather / forecast,weather_climate; cryosphere,"Text, table",,2026-05-08t18:14:59.000z,2026-05-08t18:14:59.000z,As needed,Creative Commons Attribution 4.0 International (CC BY 4.0),UWICER,2015-01-01,53371,HEROES; Climate Change; Citizen Science; Phenology study; Change change impact; Bhutan Phenology Network; Biodiversity; Climate variable; Temperature; Precipitation; Bhutan; Gyelpozhing; Mongar; UWICER; Geoscientific information,91.1935,27.2369,91.1935,27.2369,false,https://rds.icimod.org/Home/DataDetail?metadataId=1972726,Spatial extent overlaps HKH region; Recent temporal coverage (≥2020); Open license (CC BY); High portal popularity
61,135,critical,1972725,9cd89e3d-a9d3-4a86-8eaa-7cc8ea69ebb0,"Weather station data – precipitation and temperature – at Sakteng School in Trashigang, Bhutan (2015-2020)",real-time weather / forecast,weather_climate; cryosphere,"Text, table",,2026-05-08t18:14:59.000z,2026-05-08t18:14:59.000z,As needed,Creative Commons Attribution 4.0 International (CC BY 4.0),UWICER,2015-01-01,61302,HEROES; Climate Change; Citizen Science; Phenology study; Change change impact; Bhutan Phenology Network; Biodiversity; Climate variable; Temperature; Precipitation; Bhutan; Sakteng; Trashigang; UWICER; Geoscientific information,91.923,27.4031,91.923,27.4031,false,https://rds.icimod.org/Home/DataDetail?metadataId=1972725,Spatial extent overlaps HKH region; Recent temporal coverage (≥2020); Open license (CC BY); High portal popularity
62,135,critical,1972736,28db1ce5-22d4-49ba-9821-193e6b11f78a,"Weather station data – precipitation and temperature – at Nobding School in Wangdiphodrang, Bhutan (2015-2020)",real-time weather / forecast,weather_climate; cryosphere,,,2026-05-08t18:14:59.000z,2026-05-08t18:14:59.000z,As needed,Creative Commons Attribution 4.0 International (CC BY 4.0),UWICER,2015-01-01,11385,HEROES; Climate Change; Citizen Science; Phenology study; Change change impact; Bhutan Phenology Network; Biodiversity; Climate variable; Temperature; Precipitation; Bhutan; Nobding; Wangdiphodrang; UWICER; Geoscientific information,90.1504,27.5469,90.1504,27.5469,false,https://rds.icimod.org/Home/DataDetail?metadataId=1972736,Spatial extent overlaps HKH region; Recent temporal coverage (≥2020); Open license (CC BY); High portal popularity
63,135,critical,1972724,7eeaada2-4b24-492e-a7f4-510f1b0044e3,"Weather station data – precipitation and temperature – at Damthang School in Haa, Bhutan (2015-2020)",real-time weather / forecast,weather_climate; cryosphere,"Text, table",,2026-05-08t18:14:59.000z,2026-05-08t18:14:59.000z,As needed,Creative Commons Attribution 4.0 International (CC BY 4.0),UWICER,2015-01-01,71786,HEROES; Climate Change; Citizen Science; Phenology study; Change change impact; Bhutan Phenology Network; Biodiversity; Climate variable; Temperature; Precipitation; Bhutan; Damthang; Haa; UWICER; Geoscientific information,89.2033,27.4342,89.2033,27.4342,false,https://rds.icimod.org/Home/DataDetail?metadataId=1972724,Spatial extent overlaps HKH region; Recent temporal coverage (≥2020); Open license (CC BY); High portal popularity
64,135,critical,1972735,12b63cc0-df58-4561-a1e1-c3faa33ea86a,"Weather station data – precipitation and temperature – at Pelrithang School in Gelephu, Bhutan (2014-2019)",real-time weather / forecast,weather_climate; cryosphere,,,2026-05-08t18:14:59.000z,2026-05-08t18:14:59.000z,As needed,Creative Commons Attribution 4.0 International (CC BY 4.0),UWICER,2015-01-01,16802,HEROES; Climate Change; Citizen Science; Phenology study; Change change impact; Bhutan Phenology Network; Biodiversity; Climate variable; Temperature; Precipitation; Bhutan; Pelrithang; Gelephu; UWICER; Geoscientific information,90.4913,26.9021,90.4913,26.9021,false,https://rds.icimod.org/Home/DataDetail?metadataId=1972735,Spatial extent overlaps HKH region; Recent temporal coverage (≥2020); Open license (CC BY); High portal popularity
65,135,critical,24055,cec6fce4-8df6-43e1-b527-62a6212ce4b7,Geomorphic and Geologic Controls of Geohazards Induced by Nepal’s 2015 Gorkha Earthquake,snowline / glacier context,cryosphere; hazard; route_context; remote_sensing,Vector,5000,2015-04-26t18:15:00.000z,2015-05-31t18:15:00.000z,As needed,"Users are permitted to copy, use, adapt, and redistribute these data. Users of these data must cite Kargel et al., 2015 ",ICIMOD,2015-11-11,3704,landslides; geohazards; earthquake; servircat; icimod-servir; Nepal; Geoscientific information,83.6,27.26191,86.93142,28.854,true,https://rds.icimod.org/Home/DataDetail?metadataId=24055,Spatial extent overlaps Nepal; Explicitly mentions Nepal
66,134,critical,35710,0e7d7b17-eeba-4e3f-a92c-6d007ed34189,Land cover of Koshi Basin 2000,snowline / glacier context,cryosphere; hazard; hydrology; terrain_landcover; remote_sensing,,30 m,2014-12-31t18:15:00.000z,2016-10-02t18:15:00.000z,As needed,Creative Commons Attribution 4.0 International (CC BY 4.0),ICIMOD,2016-10-03,5113,Basin; Land cover; China; India; Koshi; Nepal; Geoscientific information,84.9956,25.3208,88.9677,29.1398,true,https://rds.icimod.org/Home/DataDetail?metadataId=35710,Spatial extent overlaps Nepal; Explicitly mentions Nepal; Open license (CC BY)
67,134,critical,35709,ada9005e-c207-4fbc-b2a1-06d9262b9e28,Land cover of Koshi Basin 1990,snowline / glacier context,cryosphere; hazard; hydrology; terrain_landcover; remote_sensing,,30 m,2014-12-31t18:15:00.000z,2016-10-02t18:15:00.000z,As needed,Creative Commons Attribution 4.0 International (CC BY 4.0) | None,ICIMOD,2016-10-03,5611,Basin; Land cover; China; Koshi; India; Nepal; Geoscientific information,84.9956,25.3208,88.9677,29.1398,true,https://rds.icimod.org/Home/DataDetail?metadataId=35709,Spatial extent overlaps Nepal; Explicitly mentions Nepal; Open license (CC BY)
68,134,critical,22464,dcab6bc7-9dd0-4686-86ce-70664c8589ab,Meteorological data from Kyanging automatic weather station,real-time weather / forecast,weather_climate; cryosphere,"Text, table",,2012-03-21t23:15:00.000z,2019-12-30t23:15:00.000z,Annually,Creative Commons Attribution 4.0 International (CC BY 4.0),ICIMOD,2016-06-20,19150,meteorology; Automatic Weather Station; AWS; Glacier; precipitation; Kyanging; Langtang; Climatology; meteorology; atmosphere,85.56169,28.21081,85.56169,28.21081,true,https://rds.icimod.org/Home/DataDetail?metadataId=22464,Spatial extent overlaps Nepal; Open license (CC BY); High portal popularity
69,132,critical,7952,8f4848b8-769a-47ac-babe-3e22c5a10238,Sub-sub-basins of Hindu Kush Himalaya (HKH) Region,flood / water context,hydrology; terrain_landcover,Vector,,2026-05-08t18:14:59.000z,2026-05-08t18:14:59.000z,As needed,Creative Commons Attribution 4.0 International (CC BY 4.0),ICIMOD,2010-06-12T17:11:00,6036,Basin; Sub basin; River basin; HKH; Hindu Kush Himalaya Region; Geoscientific information,58.358308,8.553756,122.644539,44.184896,true,https://rds.icimod.org/Home/DataDetail?metadataId=7952,Spatial extent overlaps Nepal; Recent temporal coverage (≥2020); Open license (CC BY)
70,132,critical,2732,731cca1c-a572-4924-9a90-0cfa64bbe9b6,Major River Basins in the Hindu Kush Himalaya (HKH) Region,flood / water context,hydrology; terrain_landcover,Vector,,2026-05-08t18:14:59.000z,2026-05-08t18:14:59.000z,As needed,Creative Commons Attribution 4.0 International (CC BY 4.0),ICIMOD,2010-06-12T16:32:00,7813,Basin; Basin boundary; River basin; HKH; Hindu Kush Himalaya Region; Geoscientific information,58.358308,8.553756,122.644539,44.184896,true,https://rds.icimod.org/Home/DataDetail?metadataId=2732,Spatial extent overlaps Nepal; Recent temporal coverage (≥2020); Open license (CC BY)
71,131,critical,8678,d807f6bc-905d-48e9-a3ec-4d9fb1a29c22,Monthly Precipitation Trend (October) 1950-2000 of Hindu Kush Himalayan (HKH) Region,real-time weather / forecast,weather_climate,Grid,1000000,2026-05-07t18:14:59.000z,2026-05-07t18:14:59.000z,As needed,"The content of this website can be accessed, printed and downloaded in an unaltered form (altered including being stretc",ICIMOD,2011-07-12T14:15:00,2473,Precipitation; Climate; Monthly precipitatio; Hindu Kush Himalayan Region; HKH Region; Climatology; meteorology; atmosphere,60.0000000000033,14.9999999999967,106.008333333337,48.00833333333,true,https://rds.icimod.org/Home/DataDetail?metadataId=8678,Spatial extent overlaps Nepal; Recent temporal coverage (≥2020)
72,131,critical,8004,71f9e7ee-9900-40a0-b3a6-5c0cf2e2ded0,"DEM of Kayar Khola Watershed, Chitwan Nepal",flood / water context,hydrology; terrain_landcover,Vector,25000,2026-05-08t18:14:59.000z,2026-05-08t18:14:59.000z,As needed,"The content of this website can be accessed, printed and downloaded in an unaltered form (altered including being stretc",ICIMOD,2010-07-25T00:00:00,6797,REDD; Digital Elevation Model; Topography; Digital Terrain Model; Kayar Khola Watershed; Chitwan; Nepal; Elevation,84.527156,27.64993,84.726505,27.79811,true,https://rds.icimod.org/Home/DataDetail?metadataId=8004,Spatial extent overlaps Nepal; Explicitly mentions Nepal; Recent temporal coverage (≥2020)
73,131,critical,8674,2ade0e40-5002-40cb-9f16-7bc57c67881c,Monthly Precipitation Trend (June) 1950-2000 of Hindu Kush Himalayan (HKH) Region,real-time weather / forecast,weather_climate,Grid,1000000,2026-05-08t18:14:59.000z,2026-05-08t18:14:59.000z,As needed,"The content of this website can be accessed, printed and downloaded in an unaltered form (altered including being stretc",ICIMOD,2011-07-12T13:44:00,1721,Precipitation; Climate; Monthly precipitation; Hindu Kush Himalayan Region; HKH Region; Climatology; meteorology; atmosphere,60.0000000000033,14.9999999999967,106.008333333337,48.00833333333,true,https://rds.icimod.org/Home/DataDetail?metadataId=8674,Spatial extent overlaps Nepal; Recent temporal coverage (≥2020)
74,131,critical,8677,7fdc29e9-d096-4c87-8489-44f2f6b1d04a,Monthly Precipitation Trend (September) 1950-2000 of Hindu Kush Himalayan (HKH) Region,real-time weather / forecast,weather_climate,Grid,1000000,2026-05-08t18:14:59.000z,2026-05-08t18:14:59.000z,As needed,"The content of this website can be accessed, printed and downloaded in an unaltered form (altered including being stretc",ICIMOD,2011-07-12T14:09:00,1554,Precipitation; Climate; Monthly precipitation; Hindu Kush Himalayan Region; HKH Region; Climatology; meteorology; atmosphere,60.0000000000033,14.9999999999967,106.008333333337,48.00833333333,true,https://rds.icimod.org/Home/DataDetail?metadataId=8677,Spatial extent overlaps Nepal; Recent temporal coverage (≥2020)
75,131,critical,8681,e9919e69-a800-4d49-b52e-f85272e76f8d,Monthly Precipitation Trend (November) 1950-2000 of Hindu Kush Himalayan (HKH) Region,real-time weather / forecast,weather_climate,Grid,1000000,2026-05-08t18:14:59.000z,2026-05-08t18:14:59.000z,As needed,"The content of this website can be accessed, printed and downloaded in an unaltered form (altered including being stretc",ICIMOD,2011-07-12T15:17:00,2128,Precipitation; Climate; Monthly precipitation; Hindu Kush Himalayan Region; HKH Region; Climatology; meteorology; atmosphere,60.0000000000033,14.9999999999967,106.008333333337,48.00833333333,true,https://rds.icimod.org/Home/DataDetail?metadataId=8681,Spatial extent overlaps Nepal; Recent temporal coverage (≥2020)
76,131,critical,8682,55d9418d-bb13-439b-ad5a-65a88640d744,Monthly Precipitation Trend (December) 1950-2000 of Hindu Kush Himalayan (HKH) Region,real-time weather / forecast,weather_climate,Grid,1000000,2026-05-08t18:14:59.000z,2026-05-08t18:14:59.000z,As needed,"The content of this website can be accessed, printed and downloaded in an unaltered form (altered including being stretc",ICIMOD,2011-07-12T15:30:00,2149,Precipitation; Climate; Monthly precipitation; Hindu Kush Himalayan Region; HKH Region; Climatology; meteorology; atmosphere,60.0000000000033,14.9999999999967,106.008333333337,48.00833333333,true,https://rds.icimod.org/Home/DataDetail?metadataId=8682,Spatial extent overlaps Nepal; Recent temporal coverage (≥2020)
77,131,critical,8661,f441cc8d-a270-45d4-83db-f908225b4566,Monthly Precipitation Trend (February) 1950-2000 of Hindu Kush Himalayan (HKH) Region,real-time weather / forecast,weather_climate,Grid,1000000,2026-05-08t18:14:59.000z,2026-05-08t18:14:59.000z,As needed,"The content of this website can be accessed, printed and downloaded in an unaltered form (altered including being stretc",ICIMOD,2011-07-06T14:34:00,1229,Precipitation; Climate; Monthly precipitation; Hindu Kush Himalayan Region; HKH Region; Climatology; meteorology; atmosphere,60.0000000000033,14.9999999999967,106.008333333337,48.00833333333,true,https://rds.icimod.org/Home/DataDetail?metadataId=8661,Spatial extent overlaps Nepal; Recent temporal coverage (≥2020)
78,131,critical,8663,cd673686-7bc7-457c-959a-b64357b87aba,Monthly Precipitation Trend (April) 1950-2000 of Hindu Kush Himalayan (HKH) Region,real-time weather / forecast,weather_climate,Grid,1000000,2026-05-08t18:14:59.000z,2026-05-08t18:14:59.000z,As needed,"The content of this website can be accessed, printed and downloaded in an unaltered form (altered including being stretc",ICIMOD,2011-07-07T10:55:00,1541,Precipitation; Climate; Monthly precipitation; Hindu Kush Himalayan Region; HKH Region; Climatology; meteorology; atmosphere,60.0000000000033,14.9999999999967,106.008333333337,48.00833333333,true,https://rds.icimod.org/Home/DataDetail?metadataId=8663,Spatial extent overlaps Nepal; Recent temporal coverage (≥2020)
79,131,critical,8664,2b865c42-5ba3-425b-9f5a-d376e5036d94,Monthly Precipitation Trend (March) 1950-2000 of Hindu Kush Himalayan (HKH) Region,real-time weather / forecast,weather_climate,Grid,1000000,2026-05-08t18:14:59.000z,2026-05-08t18:14:59.000z,As needed,"The content of this website can be accessed, printed and downloaded in an unaltered form (altered including being stretc",ICIMOD,2011-07-07T11:11:00,2455,Precipitation; Climate; Monthly precipitation; Hindu Kush Himalayan Region; HKH Region; Climatology; meteorology; atmosphere,60.0000000000033,14.9999999999967,106.008333333337,48.00833333333,true,https://rds.icimod.org/Home/DataDetail?metadataId=8664,Spatial extent overlaps Nepal; Recent temporal coverage (≥2020)
80,131,critical,8666,7e60b01a-6c7f-4bb8-98b3-e5c432e2c4f5,Monthly Precipitation Trend (May) 1950-2000 of Hindu Kush Himalayan (HKH) Region,real-time weather / forecast,weather_climate,Grid,1000000,2026-05-08t18:14:59.000z,2026-05-08t18:14:59.000z,As needed,"The content of this website can be accessed, printed and downloaded in an unaltered form (altered including being stretc",ICIMOD,2011-07-07T12:13:00,1325,Precipitation; Climate; Monthly precipitation; Hindu Kush Himalayan Region; HKH Region; Climatology; meteorology; atmosphere,60.0000000000033,14.9999999999967,106.008333333337,48.00833333333,true,https://rds.icimod.org/Home/DataDetail?metadataId=8666,Spatial extent overlaps Nepal; Recent temporal coverage (≥2020)
81,131,critical,8675,53bb1284-e908-4181-bc05-eee637eb3171,Monthly Precipitation Trend (July) 1950-2000 of Hindu Kush Himalayan (HKH) Region,real-time weather / forecast,weather_climate,Grid,1000000,2026-05-08t18:14:59.000z,2026-05-08t18:14:59.000z,As needed,"The content of this website can be accessed, printed and downloaded in an unaltered form (altered including being stretc",ICIMOD,2011-07-12T13:56:00,1330,Precipitation; Climate; Monthly precipitation; Hindu Kush Himalayan Region; HKH Region; Climatology; meteorology; atmosphere,60.0000000000033,14.9999999999967,106.008333333337,48.00833333333,true,https://rds.icimod.org/Home/DataDetail?metadataId=8675,Spatial extent overlaps Nepal; Recent temporal coverage (≥2020)
82,131,critical,8676,a8b44d6c-b960-4345-a9f5-48c6bbaa4275,Monthly Precipitation Trend (August) 1950-2000 of Hindu Kush Himalayan (HKH) Region,real-time weather / forecast,weather_climate,Grid,1000000,2026-05-08t18:14:59.000z,2026-05-08t18:14:59.000z,As needed,"The content of this website can be accessed, printed and downloaded in an unaltered form (altered including being stretc",ICIMOD,2011-07-12T14:04:00,1344,Precipitation; Climate; Monthly precipitation; Hindu Kush Himalayan Region; HKH Region; Climatology; meteorology; atmosphere,60.0000000000033,14.9999999999967,106.008333333337,48.00833333333,true,https://rds.icimod.org/Home/DataDetail?metadataId=8676,Spatial extent overlaps Nepal; Recent temporal coverage (≥2020)
83,130,critical,8698,382ed3d0-8da5-4c09-9d89-050e05171913,Monthly Maximum Temperature Trend (April) 1950-2000 of Hindu Kush Himalayan (HKH) Region,real-time weather / forecast,weather_climate,Grid,1000000,2026-05-08t18:14:59.000z,2026-05-08t18:14:59.000z,As needed,"The content of this website can be accessed, printed and downloaded in an unaltered form (altered including being stretc",ICIMOD,2011-07-14T09:39:00,1560,Temperature; Climate; Monthly maximum temperature; Hindu Kush Himalayan Region; HKH Region; Climatology; meteorology; atmosphere,60.0000000000033,14.9999999999967,106.008333333337,48.00833333333,true,https://rds.icimod.org/Home/DataDetail?metadataId=8698,Spatial extent overlaps Nepal; Recent temporal coverage (≥2020)
84,130,critical,1972718,70015f61-73ae-47c9-bc02-e5374e955b5a,"Weather station data – precipitation and temperature – at Khasadrapchu School in Thimphu, Bhutan (2015-2020)",real-time weather / forecast,weather_climate; cryosphere,,,2026-05-08t18:14:59.000z,2026-05-08t18:14:59.000z,As needed,Creative Commons Attribution 4.0 International (CC BY 4.0),UWICER,2015-01-01,4217,HEROES; Climate Change; Citizen Science; Phenology study; Change change impact; Bhutan Phenology Network; Biodiversity; Climate variable; Temperature; Precipitation; Bhutan; Khasadrapchu; Thimphu; UWICER; Geoscientific information,89.5803,27.3855,89.5803,27.3855,false,https://rds.icimod.org/Home/DataDetail?metadataId=1972718,Spatial extent overlaps HKH region; Recent temporal coverage (≥2020); Open license (CC BY)
85,130,critical,18488,d53e7e86-bf33-41da-aca9-1d8838b160cd,"Meteorologcal Data of HYCOS Automatic Weather Station at Gupis, Pakistan",real-time weather / forecast,weather_climate,,,2012-05-23t05:45:00.000z,2013-12-31t06:00:00.000z,As needed,,ICIMOD,2014-11-11,1767,HYCOS; Rainfall; Meteorological Station; Temperature; Relative Humidity; Wind Direction; Wind Speed; Pressure; Automatic Weather Station; AWS; Gupis; Pakistan; Climatology; meteorology; atmosphere,73.43333,36.23333,73.433333333333,36.23333,false,https://rds.icimod.org/Home/DataDetail?metadataId=18488,Spatial extent overlaps HKH region
86,130,critical,18503,59d8937d-1c81-4594-9cdd-1e5a7cbe55d1,"Meteorological Data of HYCOS Automatic Weather Station at Kalam, Pakistan",real-time weather / forecast,weather_climate,,,2011-01-01t04:00:00.000z,2013-12-31t06:00:00.000z,As needed,,ICIMOD,2014-11-11,2002,HYCOS; Rainfall; Meteorological Station; Relative Humidity; Wind Direction; Wind Speed; Pressure; Temperature; Automatic Weather Station; AWS; Kalam; Pakistan; Climatology; meteorology; atmosphere,72.42167,35.48278,72.421666666667,35.48278,false,https://rds.icimod.org/Home/DataDetail?metadataId=18503,Spatial extent overlaps HKH region
87,130,critical,1972738,a080e3cf-5383-4c71-a5fb-d6b5cb4296bd,"Weather station data – precipitation and temperature – at Tendruk School in Samtse, Bhutan (2015-2020)",real-time weather / forecast,weather_climate; cryosphere,,,2026-05-08t18:14:59.000z,2026-05-08t18:14:59.000z,As needed,Creative Commons Attribution 4.0 International (CC BY 4.0),UWICER,2015-01-01,3256,HEROES; Climate Change; Citizen Science; Phenology study; Change change impact; Bhutan Phenology Network; Biodiversity; Climate variable; Temperature; Precipitation; Bhutan; Tendruk; Samtse; UWICER; Geoscientific information,88.8722,27.1211,88.8722,27.1211,false,https://rds.icimod.org/Home/DataDetail?metadataId=1972738,Spatial extent overlaps HKH region; Recent temporal coverage (≥2020); Open license (CC BY)
88,130,critical,1972717,cdd31d6b-adc1-48f3-96d6-ae7b3f26f29e,"Weather station data – precipitation and temperature – at Baylling School in Trashiyangtse, Bhutan (2015-2020)",real-time weather / forecast,weather_climate; cryosphere,"Text, table",,2026-05-08t18:14:59.000z,2026-05-08t18:14:59.000z,As needed,Creative Commons Attribution 4.0 International (CC BY 4.0),UWICER,2015-01-01,4383,HEROES; Climate Change; Citizen Science; Phenology study; Change change impact; Bhutan Phenology Network; Biodiversity; Climate variable; Temperature; Precipitation; Bhutan; Baylling; Trashiyangtse; UWICER; Geoscientific information,91.5035,27.6213,91.5035,27.6213,false,https://rds.icimod.org/Home/DataDetail?metadataId=1972717,Spatial extent overlaps HKH region; Recent temporal coverage (≥2020); Open license (CC BY)
89,130,critical,8725,af2a6cf7-650c-4393-a7a2-cffc08091184,Monthly Mean Temperature Trend (October) 1950-2000 of Hindu Kush Himalayan (HKH) Region,real-time weather / forecast,weather_climate,Grid,1000000,2026-05-08t18:14:59.000z,2026-05-08t18:14:59.000z,As needed,"The content of this website can be accessed, printed and downloaded in an unaltered form (altered including being stretc",ICIMOD,2011-07-15T15:19:00,1523,Temperature; Climate; Monthly mean temperature; Hindu Kush Himalayan Region; HKH Region; Climatology; meteorology; atmosphere,60.0000000000033,14.9999999999967,106.0083333333366,48.00833333333,true,https://rds.icimod.org/Home/DataDetail?metadataId=8725,Spatial extent overlaps Nepal; Recent temporal coverage (≥2020)
90,130,critical,1972720,11aea68d-8f27-45ec-96b1-c973eba14f75,"Weather station data – precipitation and temperature – at Jakar School in Bumthang, Bhutan (2015-2020)",real-time weather / forecast,weather_climate; cryosphere,"Text, table",,2026-05-08t18:14:59.000z,2026-05-08t18:14:59.000z,As needed,Creative Commons Attribution 4.0 International (CC BY 4.0),UWICER,2015-01-01,4831,HEROES; Climate Change; Citizen Science; Phenology study; Change change impact; Bhutan Phenology Network; Biodiversity; Climate variable; Temperature; Precipitation; Bhutan; Jakar; Bumthang; UWICER; Geoscientific information,90.7376,27.5458,90.7376,27.5458,false,https://rds.icimod.org/Home/DataDetail?metadataId=1972720,Spatial extent overlaps HKH region; Recent temporal coverage (≥2020); Open license (CC BY)
91,130,critical,8709,e4bf8589-6ab5-4e39-afbc-e7d990f46596,Monthly Maximum Temperature Trend (December) 1950-2000 of Hindu Kush Himalayan (HKH) Region,real-time weather / forecast,weather_climate,Grid,1000000,2026-05-08t18:14:59.000z,2026-05-08t18:14:59.000z,As needed,"The content of this website can be accessed, printed and downloaded in an unaltered form (altered including being stretc",ICIMOD,2011-07-15T09:45:00,2856,Temperature; Climate; Monthly maximum temperature; Hindu Kush Himalayan Region; HKH Region; Climatology; meteorology; atmosphere,60.0000000000033,14.9999999999967,106.008333333337,48.00833333333,true,https://rds.icimod.org/Home/DataDetail?metadataId=8709,Spatial extent overlaps Nepal; Recent temporal coverage (≥2020)
92,130,critical,8695,8e420e44-8907-4598-b0c3-8dc6a386bbbc,Monthly Maximum Temperature Trend (January) 1950-2000 of Hindu Kush Himalayan (HKH) Region,real-time weather / forecast,weather_climate,Grid,1000000,2026-05-08t18:14:59.000z,2026-05-08t18:14:59.000z,As needed,"The content of this website can be accessed, printed and downloaded in an unaltered form (altered including being stretc",ICIMOD,2011-07-14T09:22:00,1594,Temperature; Climate; Monthly maximum temperature; Hindu Kush Himalayan Region; HKH Region; Climatology; meteorology; atmosphere,60.0000000000033,14.9999999999967,106.008333333337,48.00833333333,true,https://rds.icimod.org/Home/DataDetail?metadataId=8695,Spatial extent overlaps Nepal; Recent temporal coverage (≥2020)
93,130,critical,8697,7e6e0c51-21b5-4e8c-8a96-2584c7309682,Monthly Maximum Temperature Trend (March) 1950-2000 of Hindu Kush Himalayan (HKH) Region,real-time weather / forecast,weather_climate,Grid,1000000,2026-05-08t18:14:59.000z,2026-05-08t18:14:59.000z,As needed,"The content of this website can be accessed, printed and downloaded in an unaltered form (altered including being stretc",ICIMOD,2011-07-14T09:33:00,1635,Temperature; Climate; Monthly maximum temperature; Hindu Kush Himalayan Region; HKH Region; Climatology; meteorology; atmosphere,60.0000000000033,14.9999999999967,106.008333333337,48.00833333333,true,https://rds.icimod.org/Home/DataDetail?metadataId=8697,Spatial extent overlaps Nepal; Recent temporal coverage (≥2020)
94,130,critical,8699,cfd28a11-f730-4154-9ed9-27198b4a6f28,Monthly Maximum Temperature Trend (May) 1950-2000 of Hindu Kush Himalayan (HKH) Region,real-time weather / forecast,weather_climate,Grid,1000000,2026-05-08t18:14:59.000z,2026-05-08t18:14:59.000z,As needed,"The content of this website can be accessed, printed and downloaded in an unaltered form (altered including being stretc",ICIMOD,2011-07-14T09:44:00,1741,Temperature; Climate; Monthly maximum temperature; Hindu Kush Himalayan Region; HKH Region; Climatology; meteorology; atmosphere,60.0000000000033,14.9999999999967,106.008333333337,48.00833333333,true,https://rds.icimod.org/Home/DataDetail?metadataId=8699,Spatial extent overlaps Nepal; Recent temporal coverage (≥2020)
95,130,critical,8700,7277e542-b036-47de-976f-c28238a3908b,Monthly Maximum Temperature Trend (June) 1950-2000 of Hindu Kush Himalayan (HKH) Region,real-time weather / forecast,weather_climate,Grid,1000000,2026-05-08t18:14:59.000z,2026-05-08t18:14:59.000z,As needed,"The content of this website can be accessed, printed and downloaded in an unaltered form (altered including being stretc",ICIMOD,2011-07-14T09:50:00,1646,Temperature; Climate; Monthly maximum temperature; Hindu Kush Himalayan Region; HKH Region; Climatology; meteorology; atmosphere,60.0000000000033,14.9999999999967,106.008333333337,48.00833333333,true,https://rds.icimod.org/Home/DataDetail?metadataId=8700,Spatial extent overlaps Nepal; Recent temporal coverage (≥2020)
96,130,critical,8702,17a660c7-9fed-4e9b-985c-6bf233e6983b,Monthly Maximum Temperature Trend (August) 1950-2000 of Hindu Kush Himalayan (HKH) Region,real-time weather / forecast,weather_climate,Grid,1000000,2026-05-08t18:14:59.000z,2026-05-08t18:14:59.000z,As needed,"The content of this website can be accessed, printed and downloaded in an unaltered form (altered including being stretc",ICIMOD,2011-07-14T11:25:00,3368,Temperature; Climate; Monthly maximum temperature; Hindu Kush Himalayan Region; HKH Region; Climatology; meteorology; atmosphere,60.0000000000033,14.9999999999967,106.008333333337,48.00833333333,true,https://rds.icimod.org/Home/DataDetail?metadataId=8702,Spatial extent overlaps Nepal; Recent temporal coverage (≥2020)
97,130,critical,8710,d20a05f9-df66-4f51-a2c9-920312d6bef6,Monthly Mean Temperature Trend (January) 1950-2000 of Hindu Kush Himalayan (HKH) Region,real-time weather / forecast,weather_climate,Grid,1000000,2026-05-08t18:14:59.000z,2026-05-08t18:14:59.000z,As needed,"The content of this website can be accessed, printed and downloaded in an unaltered form (altered including being stretc",ICIMOD,2011-07-15T10:31:00,2798,Temperature; Climate; Monthly mean temperature; Hindu Kush Himalayan Region; HKH Region; Climatology; meteorology; atmosphere,60.0000000000033,14.9999999999967,106.0083333333366,48.00833333333,true,https://rds.icimod.org/Home/DataDetail?metadataId=8710,Spatial extent overlaps Nepal; Recent temporal coverage (≥2020)
98,130,critical,8711,dbdc4c82-b14b-4f8f-a24b-e0ff2526b2e7,Monthly Mean Temperature Trend (February) 1950-2000 of Hindu Kush Himalayan (HKH) Region,real-time weather / forecast,weather_climate,Grid,1000000,2026-05-08t18:14:59.000z,2026-05-08t18:14:59.000z,As needed,"The content of this website can be accessed, printed and downloaded in an unaltered form (altered including being stretc",ICIMOD,2011-07-15T10:37:00,1888,Temperature; Climate; Monthly mean temperature; Hindu Kush Himalayan Region; HKH Region; Climatology; meteorology; atmosphere,60.0000000000033,14.9999999999967,106.0083333333366,48.00833333333,true,https://rds.icimod.org/Home/DataDetail?metadataId=8711,Spatial extent overlaps Nepal; Recent temporal coverage (≥2020)
99,130,critical,8712,de7f8b21-1e68-4987-834b-5ec04916085d,Monthly Mean Temperature Trend (March) 1950-2000 of Hindu Kush Himalayan (HKH) Region,real-time weather / forecast,weather_climate,Grid,1000000,2026-05-08t18:14:59.000z,2026-05-08t18:14:59.000z,As needed,"The content of this website can be accessed, printed and downloaded in an unaltered form (altered including being stretc",ICIMOD,2011-07-15T10:41:00,1424,Temperature; Climate; Monthly mean temperature; Hindu Kush Himalayan Region; HKH Region; Climatology; meteorology; atmosphere,60.0000000000033,14.9999999999967,106.0083333333366,48.00833333333,true,https://rds.icimod.org/Home/DataDetail?metadataId=8712,Spatial extent overlaps Nepal; Recent temporal coverage (≥2020)
100,130,critical,8713,86a05488-d7db-4313-a6eb-29a251b96e68,Monthly Mean Temperature Trend (April) 1950-2000 of Hindu Kush Himalayan (HKH) Region,real-time weather / forecast,weather_climate,Grid,1000000,2026-05-08t18:14:59.000z,2026-05-08t18:14:59.000z,As needed,"The content of this website can be accessed, printed and downloaded in an unaltered form (altered including being stretc",ICIMOD,2011-07-15T10:45:00,1558,Temperature; Climate; Monthly mean temperature; Hindu Kush Himalayan Region; HKH Region; Climatology; meteorology; atmosphere,60.0000000000033,14.9999999999967,106.0083333333366,48.00833333333,true,https://rds.icimod.org/Home/DataDetail?metadataId=8713,Spatial extent overlaps Nepal; Recent temporal coverage (≥2020)
101,130,critical,8715,02590cfe-6fb5-49e4-afd6-8620aeb36e48,Monthly Mean Temperature Trend (June) 1950-2000 of Hindu Kush Himalayan (HKH) Region,real-time weather / forecast,weather_climate,Grid,1000000,2026-05-08t18:14:59.000z,2026-05-08t18:14:59.000z,As needed,"The content of this website can be accessed, printed and downloaded in an unaltered form (altered including being stretc",ICIMOD,2011-07-15T11:33:00,2222,Temperature; Climate; Monthly mean temperature; Hindu Kush Himalayan Region; HKH Region; Climatology; meteorology; atmosphere,60.0000000000033,14.9999999999967,106.0083333333366,48.00833333333,true,https://rds.icimod.org/Home/DataDetail?metadataId=8715,Spatial extent overlaps Nepal; Recent temporal coverage (≥2020)
102,130,critical,8716,0b8d69fc-3acb-4085-9284-2e1533cbb1c3,Monthly Mean Temperature Trend (July) 1950-2000 of Hindu Kush Himalayan (HKH) Region,real-time weather / forecast,weather_climate,Grid,1000000,2026-05-08t18:14:59.000z,2026-05-08t18:14:59.000z,As needed,"The content of this website can be accessed, printed and downloaded in an unaltered form (altered including being stretc",ICIMOD,2011-07-15T11:40:00,1223,Temperature; Climate; Monthly mean temperature; Hindu Kush Himalayan Region; HKH Region; Climatology; meteorology; atmosphere,60.0000000000033,14.9999999999967,106.0083333333366,48.00833333333,true,https://rds.icimod.org/Home/DataDetail?metadataId=8716,Spatial extent overlaps Nepal; Recent temporal coverage (≥2020)
103,130,critical,8717,e1acf488-c893-47c0-9c0b-85da6e9a095c,Monthly Mean Temperature Trend (August) 1950-2000 of Hindu Kush Himalayan (HKH) Region,real-time weather / forecast,weather_climate,Grid,1000000,2026-05-08t18:14:59.000z,2026-05-08t18:14:59.000z,As needed,"The content of this website can be accessed, printed and downloaded in an unaltered form (altered including being stretc",ICIMOD,2011-07-15T11:45:00,1506,Temperature; Climate; Monthly mean temperature; Hindu Kush Himalayan Region; HKH Region; Climatology; meteorology; atmosphere,60.0000000000033,14.9999999999967,106.0083333333366,48.00833333333,true,https://rds.icimod.org/Home/DataDetail?metadataId=8717,Spatial extent overlaps Nepal; Recent temporal coverage (≥2020)
104,130,critical,8727,3605640f-27d0-44f1-90cb-a3ef167d2da9,Monthly Mean Temperature Trend (December) 1950-2000 of Hindu Kush Himalayan (HKH) Region,real-time weather / forecast,weather_climate,Grid,1000000,2026-05-08t18:14:59.000z,2026-05-08t18:14:59.000z,As needed,"The content of this website can be accessed, printed and downloaded in an unaltered form (altered including being stretc",ICIMOD,2011-07-15T15:28:00,1623,Temperature; Climate; Monthly mean temperature; Hindu Kush Himalayan Region; HKH Region; Climatology; meteorology; atmosphere,60.0000000000033,14.9999999999967,106.0083333333366,48.00833333333,true,https://rds.icimod.org/Home/DataDetail?metadataId=8727,Spatial extent overlaps Nepal; Recent temporal coverage (≥2020)
105,130,critical,1972721,a087fd77-3198-42a1-a14a-929de12b7f4c,"Weather station data – precipitation and temperature – at Galing School in Trashigang, Bhutan (2015-2020)",real-time weather / forecast,weather_climate; cryosphere,,,2026-05-08t18:14:59.000z,2026-05-08t18:14:59.000z,As needed,Creative Commons Attribution 4.0 International (CC BY 4.0),UWICER,2015-01-01,3870,HEROES; Climate Change; Citizen Science; Phenology study; Change change impact; Bhutan Phenology Network; Biodiversity; Climate variable; Temperature; Precipitation; Bhutan; Galing; Trashigang; UWICER; Geoscientific information,91.6405,27.339,91.6405,27.339,false,https://rds.icimod.org/Home/DataDetail?metadataId=1972721,Spatial extent overlaps HKH region; Recent temporal coverage (≥2020); Open license (CC BY)
106,130,critical,8696,27342963-b2b5-4fdb-8301-12d868e30315,Monthly Maximum Temperature Trend (February) 1950-2000 of Hindu Kush Himalayan (HKH) Region,real-time weather / forecast,weather_climate,Grid,1000000,2026-05-08t18:14:59.000z,2026-05-08t18:14:59.000z,As needed,"The content of this website can be accessed, printed and downloaded in an unaltered form (altered including being stretc",ICIMOD,2011-07-14T09:29:00,2878,Temperature; Climate; Monthly Maximum temperature; Hindu Kush Himalayan Region; HKH Region; Climatology; meteorology; atmosphere,60.0000000000033,14.9999999999967,106.008333333337,48.00833333333,true,https://rds.icimod.org/Home/DataDetail?metadataId=8696,Spatial extent overlaps Nepal; Recent temporal coverage (≥2020)
107,130,critical,8724,ec723988-bee4-41a3-b711-cb7dcee4f3a1,Monthly Mean Temperature Trend (September) 1950-2000 of Hindu Kush Himalayan (HKH) Region,real-time weather / forecast,weather_climate,Grid,1000000,2026-05-08t18:14:59.000z,2026-05-08t18:14:59.000z,As needed,"The content of this website can be accessed, printed and downloaded in an unaltered form (altered including being stretc",ICIMOD,2011-07-15T15:16:00,2079,Temperature; Climate; Monthly mean temperature; Hindu Kush Himalayan Region; HKH Region; Climatology; meteorology; atmosphere,60.0000000000033,14.9999999999967,106.0083333333366,48.00833333333,true,https://rds.icimod.org/Home/DataDetail?metadataId=8724,Spatial extent overlaps Nepal; Recent temporal coverage (≥2020)
108,130,critical,1972716,56118217-bd31-4370-8428-407d8673d987,"Weather station data – precipitation and temperature – at Bjishong School in Damji, Gasa, Bhutan (2015-2018)",real-time weather / forecast,weather_climate; cryosphere,,,2026-05-08t18:14:59.000z,2026-05-08t18:14:59.000z,As needed,Creative Commons Attribution 4.0 International (CC BY 4.0),UWICER,2015-01-01,5225,Climate Change; Citizen Science; Phenology study; Change change impact; Bhutan Phenology Network; Biodiversity; Climate variable; Temperature; Precipitation; Bhutan; Bjishong; Trashiyangtse; Gasa; UWICER; Damji; Geoscientific information,89.7267,27.809,89.7267,27.809,false,https://rds.icimod.org/Home/DataDetail?metadataId=1972716,Spatial extent overlaps HKH region; Recent temporal coverage (≥2020); Open license (CC BY)
109,130,critical,8703,b80d66cf-ffb6-418e-816a-e8c72be8cbfd,Monthly Maximum Temperature Trend (September) 1950-2000 of Hindu Kush Himalayan (HKH) Region,real-time weather / forecast,weather_climate,Grid,1000000,2026-05-08t18:14:59.000z,2026-05-08t18:14:59.000z,As needed,"The content of this website can be accessed, printed and downloaded in an unaltered form (altered including being stretc",ICIMOD,2011-07-14T11:28:00,1968,Temperature; Climate; Monthly maximum temperature; Hindu Kush Himalayan Region; HKH Region; Climatology; meteorology; atmosphere,60.0000000000033,14.9999999999967,106.008333333337,48.00833333333,true,https://rds.icimod.org/Home/DataDetail?metadataId=8703,Spatial extent overlaps Nepal; Recent temporal coverage (≥2020)
110,130,critical,8714,1b7ddee5-aefb-4ee8-b567-e7d1251ca2b7,Monthly Mean Temperature Trend (May) 1950-2000 of Hindu Kush Himalayan (HKH) Region,real-time weather / forecast,weather_climate,Grid,1000000,2026-05-08t18:14:59.000z,2026-05-08t18:14:59.000z,As needed,"The content of this website can be accessed, printed and downloaded in an unaltered form (altered including being stretc",ICIMOD,2011-07-15T10:49:00,2309,Temperature; Climate; Monthly mean temperature; Hindu Kush Himalayan Region; HKH Region; Climatology; meteorology; atmosphere,60.0000000000033,14.9999999999967,106.0083333333366,48.00833333333,true,https://rds.icimod.org/Home/DataDetail?metadataId=8714,Spatial extent overlaps Nepal; Recent temporal coverage (≥2020)
111,130,critical,8708,66a4018a-1d21-4544-ada7-550278aabe9c,Monthly Maximum Temperature Trend (November) 1950-2000 of Hindu Kush Himalayan (HKH) Region,real-time weather / forecast,weather_climate,Grid,1000000,2026-05-08t18:14:59.000z,2026-05-08t18:14:59.000z,As needed,"The content of this website can be accessed, printed and downloaded in an unaltered form (altered including being stretc",ICIMOD,2011-07-15T09:40:00,1377,Temperature; Climate; Monthly maximum temperature; Hindu Kush Himalayan Region; HKH Region; Climatology; meteorology; atmosphere,60.0000000000033,14.9999999999967,106.008333333337,48.00833333333,true,https://rds.icimod.org/Home/DataDetail?metadataId=8708,Spatial extent overlaps Nepal; Recent temporal coverage (≥2020)
112,130,critical,8707,6afee655-bfb1-41ff-852f-c7c578af30a5,Monthly Maximum Temperature Trend (October) 1950-2000 of Hindu Kush Himalayan (HKH) Region,real-time weather / forecast,weather_climate,Grid,1000000,2026-05-08t18:14:59.000z,2026-05-08t18:14:59.000z,As needed,"The content of this website can be accessed, printed and downloaded in an unaltered form (altered including being stretc",ICIMOD,2011-07-15T09:33:00,2112,Temperature; Climate; Monthly maximum temperature; Hindu Kush Himalayan Region; HKH Region; Climatology; meteorology; atmosphere,60.0000000000033,14.9999999999967,106.008333333337,48.00833333333,true,https://rds.icimod.org/Home/DataDetail?metadataId=8707,Spatial extent overlaps Nepal; Recent temporal coverage (≥2020)
113,130,critical,1972719,847a2901-67ed-44af-b07e-96f04a648c17,"Weather station data – precipitation and temperature – at Jomotsangkha School in Samdrupjongkhar, Bhutan (2015-2020)",real-time weather / forecast,weather_climate; cryosphere,,,2026-05-08t18:14:59.000z,2026-05-08t18:14:59.000z,As needed,Creative Commons Attribution 4.0 International (CC BY 4.0),UWICER,2015-01-01,4229,HEROES; Climate Change; Citizen Science; Phenology study; Change change impact; Bhutan Phenology Network; Biodiversity; Climate variable; Temperature; Precipitation; Bhutan; Jomotsangkha; Samdrupjongkhar; UWICER; Geoscientific information,92.1097,26.8962,92.1097,26.8962,false,https://rds.icimod.org/Home/DataDetail?metadataId=1972719,Spatial extent overlaps HKH region; Recent temporal coverage (≥2020); Open license (CC BY)
114,130,critical,35712,11b371c2-f9c9-46ce-91fc-684fb89fdb5b,Soil loss in Koshi Basin 1990,real-time weather / forecast,weather_climate; cryosphere; hazard; hydrology; remote_sensing,,30 m,2014-12-31t18:15:00.000z,2016-10-02t18:15:00.000z,As needed,Creative Commons Attribution 4.0 International (CC BY 4.0),ICIMOD,2016-10-03,4479,Basin; Soil Erosion; China; India; Koshi; Nepal; Geoscientific information,84.9956,25.3208,88.9677,29.1398,true,https://rds.icimod.org/Home/DataDetail?metadataId=35712,Spatial extent overlaps Nepal; Explicitly mentions Nepal; Open license (CC BY)
115,130,critical,1972737,882ff2b1-02e4-4bd7-ad96-12b6bdec5d31,"Weather station data – precipitation and temperature – at Yurung School in Samtse, Bhutan (2015-2020)",real-time weather / forecast,weather_climate; cryosphere,,,2026-05-08t18:14:59.000z,2026-05-08t18:14:59.000z,As needed,Creative Commons Attribution 4.0 International (CC BY 4.0),UWICER,2015-01-01,3687,HEROES; Climate Change; Citizen Science; Phenology study; Change change impact; Bhutan Phenology Network; Biodiversity; Climate variable; Temperature; Precipitation; Bhutan; Yurung; Samtse; UWICER; Geoscientific information,91.348,27.0215,91.348,27.0215,false,https://rds.icimod.org/Home/DataDetail?metadataId=1972737,Spatial extent overlaps HKH region; Recent temporal coverage (≥2020); Open license (CC BY)
116,130,critical,8701,ebeccc6d-42d9-47be-9055-e9652af403ae,Monthly Maximum Temperature Trend (July) 1950-2000 of Hindu Kush Himalayan (HKH) Region,real-time weather / forecast,weather_climate,Grid,1000000,2026-05-08t18:14:59.000z,2026-05-08t18:14:59.000z,As needed,"The content of this website can be accessed, printed and downloaded in an unaltered form (altered including being stretc",ICIMOD,2011-07-14T09:54:00,1835,Temperature; Climate; Monthly maximum temperature; Hindu Kush Himalayan Region; HKH Region; Climatology; meteorology; atmosphere,60.0000000000033,14.9999999999967,106.008333333337,48.00833333333,true,https://rds.icimod.org/Home/DataDetail?metadataId=8701,Spatial extent overlaps Nepal; Recent temporal coverage (≥2020)
117,128,critical,9239,ac6ad620-ee88-4e70-9e04-ba778f30003d,Disaster Events in Nepal,route hazard / safety,hazard,,,2001-01-01t10:08:00.000z,2011-01-01t10:08:00.000z,Annually,Creative Commons Attribution 4.0 International (CC BY 4.0),"ICIMOD, SERVIR Himalaya",2014-04-30,15349,Disaster; Hazard; Flood; Landslide; SERVIR Himalaya; servircat; icimod-servir; geo-disasters; geossDataCore; Nepal; Environment,80.0522,26.36836,88.19456,30.42472,true,https://rds.icimod.org/Home/DataDetail?metadataId=9239,Spatial extent overlaps Nepal; Explicitly mentions Nepal; Long temporal baseline (≥10 years); Open license (CC BY); High portal popularity
118,128,critical,1972504,e2bd3e91-f377-41a9-b647-c4320943fec1,SnowAMP upper,real-time weather / forecast,weather_climate; cryosphere; route_context,,,2015-09-28t18:15:00.000z,2020-07-19t18:15:00.000z,Annually,Creative Commons Attribution 4.0 International (CC BY 4.0),ICIMOD,2021-03-02,30488,precipitation; meteorology; Langtang; Nepal; Climatology; meteorology; atmosphere,85.570875,28.1732,85.570875,28.1732,true,https://rds.icimod.org/Home/DataDetail?metadataId=1972504,Spatial extent overlaps Nepal; Explicitly mentions Nepal; Recent temporal coverage (≥2020); Open license (CC BY); High portal popularity
119,128,critical,1972505,80375d36-cf15-4d27-b754-16b2f8e7883e,SnowAMP Ganja La,real-time weather / forecast,weather_climate; cryosphere; route_context,,,2015-01-09t18:15:00.000z,2020-07-19t18:15:00.000z,Annually,Creative Commons Attribution 4.0 International (CC BY 4.0),ICIMOD,2021-03-02,22051,precipitation; meteorology; Langtang; Nepal; Climatology; meteorology; atmosphere,85.5625,28.1545,85.5625,28.1545,true,https://rds.icimod.org/Home/DataDetail?metadataId=1972505,Spatial extent overlaps Nepal; Explicitly mentions Nepal; Recent temporal coverage (≥2020); Open license (CC BY); High portal popularity
120,128,critical,1972502,14fe8c90-3b27-4491-a0d4-0ffa31ff61e4,SnowAMP lower,real-time weather / forecast,weather_climate; cryosphere; route_context,,,2015-09-28t18:15:00.000z,2020-07-19t18:15:00.000z,Annually,Creative Commons Attribution 4.0 International (CC BY 4.0),ICIMOD,2021-03-02,38347,precipitation; meteorology; Langtang; Nepal; Climatology; meteorology; atmosphere,85.570431,28.192142,85.570431,28.192142,true,https://rds.icimod.org/Home/DataDetail?metadataId=1972502,Spatial extent overlaps Nepal; Explicitly mentions Nepal; Recent temporal coverage (≥2020); Open license (CC BY); High portal popularity
121,127,critical,29246,45385dc1-ef49-4344-bae4-b3fdb6da386f,"High resolution 10 km daily future climate dataset of Indus, Ganges, and Bramhmaputra river basins from 2011 to 2100",real-time weather / forecast,weather_climate; hydrology,,10000 m,2010-12-31t18:15:00.000z,2100-12-30t18:15:00.000z,As needed,,ICIMOD,2016-02-01,4867,Afghanistan; India; Pakistan; Nepal; Bhutan; Bangladesh; Tibet; China; Whole Indus; Whole Brahmaputra; Whole Ganges; Climatology; meteorology; atmosphere,67.981,20.705,97.249,37.409,true,https://rds.icimod.org/Home/DataDetail?metadataId=29246,Spatial extent overlaps Nepal; Explicitly mentions Nepal; Recent temporal coverage (≥2020); Long temporal baseline (≥10 years)
122,127,critical,3338,2d137000-5a71-46aa-9907-f5ba2c68b231,Digital Elevation Model of Sagarmatha National Park (SNP) Nepal,terrain / base map,terrain_landcover; route_context,Vector,50000,2026-05-08t18:14:59.000z,2026-05-08t18:14:59.000z,As needed,"The content of this website can be accessed, printed and downloaded in an unaltered form (altered including being stretc",ICIMOD,2011-07-08T12:21:00,3479,Elevation; Topography; DEM; Sagarmatha National Park; SNP; Nepal; Elevation,86.513927,27.645707,86.985807,28.113354,true,https://rds.icimod.org/Home/DataDetail?metadataId=3338,Spatial extent overlaps Nepal; Explicitly mentions Nepal; Recent temporal coverage (≥2020)
123,127,critical,26040,ab5f1f39-405d-4503-9d01-f2f449525dd7,Precipitation of monsoon season of 2010 in Chitwan Annapurna Landscape (CHAL),real-time weather / forecast,weather_climate,Vector,,2014-10-14t18:15:00.000z,2015-08-09t18:15:00.000z,As needed,"Creative Commons Attribution 4.0 International (CC BY 4.0) | The SERVIR Project, NASA, USAID and ICIMOD make no express ",ICIMOD,2015-08-14,45626,Climate Change Vulnerability; Forest Dependence; Forest; BioClimate; Exposure; Precipitation; servircat; icimod-servir; geo-biodiversity; Chitwan Annapurna Landscape; Nepal; Geoscientific information,82.8785,27.346,85.8001,29.3312,true,https://rds.icimod.org/Home/DataDetail?metadataId=26040,Spatial extent overlaps Nepal; Explicitly mentions Nepal; Open license (CC BY); High portal popularity
124,127,critical,1972408,62f43804-0c25-471b-a3b3-d64263ccb782,Micromet station: Morimoto,real-time weather / forecast,weather_climate,,,2016-03-10t18:15:00.000z,2019-10-29t18:15:00.000z,Annually,Creative Commons Attribution 4.0 International (CC BY 4.0),Utrecht University/ICIMOD,2020-03-11,34317,climate; meteorology; Langtang; Nepal; Climatology; meteorology; atmosphere,85.68152,28.25296,85.68152,28.25296,true,https://rds.icimod.org/Home/DataDetail?metadataId=1972408,Spatial extent overlaps Nepal; Explicitly mentions Nepal; Open license (CC BY); High portal popularity
125,126,critical,23215,bc62fccd-af0f-448f-9367-397575c8e6ac,Drought Frequency in Nepal during Spring season.,real-time weather / forecast,weather_climate; cryosphere; hazard,Grid,30 m,2026-05-08t18:14:59.000z,2026-05-08t18:14:59.000z,As needed,"Creative Commons Attribution 4.0 International (CC BY 4.0) | Users are permitted to copy, use, adapt, and redistribute S","ICIMOD, SERVIR Himalaya",2014-10-14,42249,Wheat; Rice; Agriculcture; Drought; servircat; icimod-servir; geo-agriculture; Nepal; Geoscientific information,80.0509,26.3483,88.2009,30.4483,true,https://rds.icimod.org/Home/DataDetail?metadataId=23215,Spatial extent overlaps Nepal; Explicitly mentions Nepal; Recent temporal coverage (≥2020); Open license (CC BY); High portal popularity
126,126,critical,23216,c6dbe139-68fb-4ad4-a6de-ad7a4f685bc0,Drought Frequency in Nepal during summer season,real-time weather / forecast,weather_climate; cryosphere; hazard,Grid,30 m,2026-05-08t18:14:59.000z,2026-05-08t18:14:59.000z,As needed,"Creative Commons Attribution 4.0 International (CC BY 4.0) | Users are permitted to copy, use, adapt, and redistribute S","ICIMOD, SERVIR Himalaya",2014-10-14,43190,Wheat; Rice; Agriculcture; Drought; servircat; icimod-servir; geo-agriculture; Nepal; Geoscientific information,80.0509,26.3483,88.2009,30.4483,true,https://rds.icimod.org/Home/DataDetail?metadataId=23216,Spatial extent overlaps Nepal; Explicitly mentions Nepal; Recent temporal coverage (≥2020); Open license (CC BY); High portal popularity
127,126,critical,23214,ba64f8ec-f94e-41ac-b7ac-7d7be578266c,Drought Frequency in Nepal during Autumn season,real-time weather / forecast,weather_climate; cryosphere; hazard,Grid,30 m,2026-05-08t18:14:59.000z,2026-05-08t18:14:59.000z,As needed,"Creative Commons Attribution 4.0 International (CC BY 4.0) | Users are permitted to copy, use, adapt, and redistribute S","ICIMOD, SERVIR Himalaya",2014-10-14,43086,Wheat; Rice; Agriculcture; Drought; servircat; icimod-servir; geo-agriculture; Nepal; Geoscientific information,80.0509,26.3483,88.2009,30.4483,true,https://rds.icimod.org/Home/DataDetail?metadataId=23214,Spatial extent overlaps Nepal; Explicitly mentions Nepal; Recent temporal coverage (≥2020); Open license (CC BY); High portal popularity
128,126,critical,23218,118d9ec4-4752-4a98-a044-425e3ea2609b,Drought Frequency in Nepal during winter season,real-time weather / forecast,weather_climate; cryosphere; hazard,Grid,30 m,2026-05-08t18:14:59.000z,2026-05-08t18:14:59.000z,As needed,"Creative Commons Attribution 4.0 International (CC BY 4.0) | Users are permitted to copy, use, adapt, and redistribute S","ICIMOD, SERVIR Himalaya",2014-10-14,43065,Wheat; Rice; Agriculcture; Drought; servircat; icimod-servir; geo-agriculture; Nepal; Geoscientific information,80.0509,26.3483,88.2009,30.4483,true,https://rds.icimod.org/Home/DataDetail?metadataId=23218,Spatial extent overlaps Nepal; Explicitly mentions Nepal; Recent temporal coverage (≥2020); Open license (CC BY); High portal popularity
129,126,critical,23201,a7ebcea2-78b2-4e89-ac82-9d5409b88011,Digital elevation model (DEM) of East Rapti River (buffer),flood / water context,hydrology; terrain_landcover,Grid,2.48999 m,2026-05-08t18:14:59.000z,2026-05-08t18:14:59.000z,As needed,"Creative Commons Attribution 4.0 International (CC BY 4.0) | Users are permitted to copy, use, adapt, and redistribute S","ICIMOD, SERVIR Himalaya",2015-09-22,52064,DEM; Topography; Elevation; servircat; icimod-servir; East Rapti; Nepal; Geoscientific information,84.1262,27.38497,85.19164,27.61923,true,https://rds.icimod.org/Home/DataDetail?metadataId=23201,Spatial extent overlaps Nepal; Explicitly mentions Nepal; Recent temporal coverage (≥2020); Open license (CC BY); High portal popularity
130,125,critical,1972551,21dbabeb-7f7f-4c15-967a-55ea5db92ce1,Eddy Covariance Station Yala Glacier,real-time weather / forecast,weather_climate; cryosphere,,,2016-10-13t18:15:00.000z,2016-11-17t18:15:00.000z,Not planned,Creative Commons Attribution 4.0 International (CC BY 4.0),ICIMOD,2021-03-02,11052,meteorology; Langtang; Nepal; Climatology; meteorology; atmosphere,85.55721,28.23954,85.55721,28.23954,true,https://rds.icimod.org/Home/DataDetail?metadataId=1972551,Spatial extent overlaps Nepal; Explicitly mentions Nepal; Open license (CC BY); High portal popularity
131,125,critical,1974131,83dbf4e1-b048-426d-9284-36a982a8f639,"Status of Springs in Seven Municipalities of Kavre, Nepal",route hazard / safety,hazard; terrain_landcover,"Text, table",,2023-09-15t18:15:00.000z,2024-04-24t18:15:00.000z,As needed,Creative Commons Attribution 4.0 International (CC BY 4.0),ICIMOD,2025-01-10T11:00:00,33038,Springs; Ponds; Inventorization; Springshed Management; Citizen Science; Kavrepalanchok; Nepal; Location,85.3892,27.3979,85.8238,27.7044,true,https://rds.icimod.org/Home/DataDetail?metadataId=1974131,Spatial extent overlaps Nepal; Explicitly mentions Nepal; Recent temporal coverage (≥2020); Open license (CC BY); High portal popularity
132,125,critical,26858,08d03c19-b0c1-49cd-912f-a77953316747,Meteorological data from Rikha Samba automatic weather station,real-time weather / forecast,weather_climate; cryosphere,"Text, table",,2012-10-13t18:15:00.000z,2014-12-30t18:15:00.000z,As needed,Creative Commons Attribution 4.0 International (CC BY 4.0),ICIMOD,2016-06-20,15231,Meteorology; Automatic Weather Station; AWS; Glacier; Rikha Samba; Hidden Valley; Nepal; Climatology; meteorology; atmosphere,83.51449,28.7991,83.51449,28.7991,true,https://rds.icimod.org/Home/DataDetail?metadataId=26858,Spatial extent overlaps Nepal; Explicitly mentions Nepal; Open license (CC BY); High portal popularity
133,124,critical,1972420,ffea4a00-7284-47dd-b848-5af856ec5d28,Pluviometer: Yala Ridge,real-time weather / forecast,weather_climate; cryosphere,,,2013-07-04t18:15:00.000z,2015-04-24t18:15:00.000z,Not planned,Creative Commons Attribution 4.0 International (CC BY 4.0),ICIMOD,2020-03-11,12221,precipitation; meteorology; Langtang; Nepal; Climatology; meteorology; atmosphere,85.597,28.229,85.597,28.229,true,https://rds.icimod.org/Home/DataDetail?metadataId=1972420,Spatial extent overlaps Nepal; Explicitly mentions Nepal; Open license (CC BY); High portal popularity
134,124,critical,1972415,6ed75c65-c076-4c0f-a326-f3a5e9ff1fc0,Pluviometer: Ganja La,real-time weather / forecast,weather_climate; cryosphere,,,2013-10-24t18:15:00.000z,2015-01-31t18:15:00.000z,Not planned,Creative Commons Attribution 4.0 International (CC BY 4.0),ICIMOD,2020-03-11,12366,precipitation; meteorology; Langtang; Nepal; Climatology; meteorology; atmosphere,85.56961,28.18625,85.56961,28.18625,true,https://rds.icimod.org/Home/DataDetail?metadataId=1972415,Spatial extent overlaps Nepal; Explicitly mentions Nepal; Open license (CC BY); High portal popularity
135,124,critical,7961,50901754-0bfb-4255-8dde-606c0bc7205d,"Digital Elevation Model of Charnawati River Watershed, Dolakha, Nepal",flood / water context,hydrology; terrain_landcover,Grid,25000,2026-05-08t18:14:59.000z,2026-05-08t18:14:59.000z,As needed,"The content of this website can be accessed, printed and downloaded in an unaltered form (altered including being stretc",ICIMOD,2010-07-18T11:00:00,6797,REDD; Digital Elevation Model; DEM; Topography; Charnawati Watershed; Dolakha; Nepal; Elevation,85.8832,27.575683,86.118204,27.752094,true,https://rds.icimod.org/Home/DataDetail?metadataId=7961,Spatial extent overlaps Nepal; Explicitly mentions Nepal; Recent temporal coverage (≥2020)
136,124,critical,9102,c6347cdb-7236-4f27-ae8e-f07493c6f121,Meteorological Stations of Nepal,real-time weather / forecast,weather_climate; hydrology,Vector,,2026-05-08t18:14:59.000z,2026-05-08t18:14:59.000z,As needed,Creative Commons Attribution 4.0 International (CC BY 4.0),ICIMOD,2012-10-08T12:10:00,4944,Meteorological Station; Weather station; Nepal; Climatology; meteorology; atmosphere,80.0522,26.36836,88.19456,30.42472,true,https://rds.icimod.org/Home/DataDetail?metadataId=9102,Spatial extent overlaps Nepal; Explicitly mentions Nepal; Recent temporal coverage (≥2020); Open license (CC BY)
137,124,critical,9350,10f4cf89-853b-4439-8ddb-52b954269afc,Glaciers of Nepal 1990,real-time weather / forecast,weather_climate; cryosphere; remote_sensing,Vector,50000,1986-11-10t08:47:00.000z,2011-12-31t08:48:00.000z,Not planned,"Creative Commons Attribution 4.0 International (CC BY 4.0) | Users are permitted to copy, use, adapt, and redistribute S","ICIMOD, SERVIR Himalaya",2014-05-06,15722,Glacier; Clean Ice; Debris Cover; Himala; Cryosphere; servircat; icimod-servir; geo-climate; Nepal; Geoscientific information,80.794,27.528000000000002,88.175,30.376000000000005,true,https://rds.icimod.org/Home/DataDetail?metadataId=9350,Spatial extent overlaps Nepal; Explicitly mentions Nepal; Long temporal baseline (≥10 years); Open license (CC BY); High portal popularity
138,124,critical,9351,c93bf9a0-df40-4847-a232-4df0982c772c,Glaciers of Nepal 2000,real-time weather / forecast,weather_climate; cryosphere; remote_sensing,Vector,50000,1986-11-10t08:47:00.000z,2011-12-31t08:48:00.000z,Not planned,"Creative Commons Attribution 4.0 International (CC BY 4.0) | Users are permitted to copy, use, adapt, and redistribute S","ICIMOD, SERVIR Himalaya",2014-05-06,15316,Glacier; Clean Ice; Debris Cover; Himala; Cryosphere; servircat; icimod-servir; geo-climate; Nepal; Geoscientific information,80.794,27.528000000000002,88.175,30.376000000000005,true,https://rds.icimod.org/Home/DataDetail?metadataId=9351,Spatial extent overlaps Nepal; Explicitly mentions Nepal; Long temporal baseline (≥10 years); Open license (CC BY); High portal popularity
139,124,critical,9352,dbcc48d8-0959-48fb-89da-fa5cafa4823e,Glaciers of Nepal 2010,real-time weather / forecast,weather_climate; cryosphere; remote_sensing,Vector,50000,1986-11-10t08:47:00.000z,2011-12-31t08:48:00.000z,Not planned,"Creative Commons Attribution 4.0 International (CC BY 4.0) | Users are permitted to copy, use, adapt, and redistribute S","ICIMOD, SERVIR Himalaya",2014-05-06,16464,Glacier; Clean Ice; Debris Cover; Himala; Cryosphere; servircat; icimod-servir; geo-climate; Nepal; Geoscientific information,80.794,27.528000000000002,88.175,30.376000000000005,true,https://rds.icimod.org/Home/DataDetail?metadataId=9352,Spatial extent overlaps Nepal; Explicitly mentions Nepal; Long temporal baseline (≥10 years); Open license (CC BY); High portal popularity
140,124,critical,36031,757606cc-80a0-45ac-8f5f-ca7c2efb7c9a,Improved MODIS TERRA/AQUA composite Snow and glacier (RGI6.0) data for High Mountain Asia (2002-2018),snowline / glacier context,cryosphere; remote_sensing,Grid,,2002-10-15t18:15:00.000z,2018-12-30t18:15:00.000z,As needed,"Free to use, Suggested citation: (1) Muhammad, Sher; Thapa, Amrit (2019): Improved MODIS TERRA/AQUA composite Snow and g",ICIMOD,2019-01-13,20062,MODIS; Snow Cover; Cryosphere; HMA; HKH; Geoscientific information,58.22,24.32,122.48,49.19,true,https://rds.icimod.org/Home/DataDetail?metadataId=36031,Spatial extent overlaps Nepal; Long temporal baseline (≥10 years); High portal popularity
141,123,critical,8031,e2f8e0db-9d40-43ea-aa65-25dcbcbca64b,"DEM of Ludhi Khola Watershed, Gorkha, Nepal",flood / water context,hydrology; terrain_landcover,Vector,25000,2026-05-08t18:14:59.000z,2026-05-08t18:14:59.000z,As needed,"The content of this website can be accessed, printed and downloaded in an unaltered form (altered including being stretc",ICIMOD,2010-07-31T00:00:00,4581,REDD; Topography; Digital Terrain Model; Ludhi khola Watershed; Gorkha; Nepal; Elevation,84.530634,27.905367,84.705186,27.999477,true,https://rds.icimod.org/Home/DataDetail?metadataId=8031,Spatial extent overlaps Nepal; Explicitly mentions Nepal; Recent temporal coverage (≥2020)
142,123,critical,36036,89de05d3-8f2d-430a-b25c-e4b2883f713a,Ground Penetrating Radar (GPR) point data of the thickness of Rikha Samba glacier in 2010,snowline / glacier context,cryosphere,Vector,,2026-05-08t18:14:59.000z,2026-05-08t18:14:59.000z,As needed,Creative Commons Attribution 4.0 International (CC BY 4.0),ICIMOD,2010-01-31,68379,Glacier; Glacier Thickness; Cryosphere; GPR; Point Measurement; Rikha Samba Glacier; Lower Mustang; Nepal; Hindu Kush Himalaya; Geoscientific information,85.78559,28.11677,85.81682,28.20026,true,https://rds.icimod.org/Home/DataDetail?metadataId=36036,Spatial extent overlaps Nepal; Explicitly mentions Nepal; Recent temporal coverage (≥2020); Open license (CC BY); High portal popularity
143,122,critical,26053,13535f99-d83e-4ca4-9745-2954b53be1a7,Precipitation of monsoon season of 2050 in Chitwan Annapurna Landscape (CHAL),real-time weather / forecast,weather_climate,Vector,,2014-10-14t18:15:00.000z,2015-08-09t18:15:00.000z,As needed,"Creative Commons Attribution 4.0 International (CC BY 4.0) | The SERVIR Project, NASA, USAID and ICIMOD make no express ",ICIMOD,2015-08-14,5472,Climate Change Vulnerability; Forest Dependence; Forest; BioClimate; Exposure; Precipitation; servircat; icimod-servir; geo-biodiversity; Chitwan Annapurna Landscape; Nepal; Geoscientific information,82.8785,27.346,85.8001,29.3312,true,https://rds.icimod.org/Home/DataDetail?metadataId=26053,Spatial extent overlaps Nepal; Explicitly mentions Nepal; Open license (CC BY)
144,122,critical,1972554,d6aee272-5cd6-4034-b103-aff10cb47599,Snow Water Equivalent Station at Yala Basecamp,real-time weather / forecast,weather_climate; cryosphere; route_context,,,2017-04-23t18:15:00.000z,2019-04-26t18:15:00.000z,Annually,Creative Commons Attribution 4.0 International (CC BY 4.0),ICIMOD,2021-03-02,12361,precipitation; meteorology; snow; Langtang; Nepal; Climatology; meteorology; atmosphere,85.60867,28.23331,85.60867,28.23331,true,https://rds.icimod.org/Home/DataDetail?metadataId=1972554,Spatial extent overlaps Nepal; Explicitly mentions Nepal; Open license (CC BY); High portal popularity
145,121,critical,26058,97f49d6c-5358-4f23-adec-053dc0bbc4dc,Temperature of monsoon season of 2050 in Chitwan Annapurna Landscape (CHAL),real-time weather / forecast,weather_climate,Vector,,2014-10-14t18:15:00.000z,2015-08-09t18:15:00.000z,As needed,"Creative Commons Attribution 4.0 International (CC BY 4.0) | The SERVIR Project, NASA, USAID and ICIMOD make no express ",ICIMOD,2015-08-14,5046,Climate Change Vulnerability; Forest Dependence; Forest; BioClimate; Exposure; Temperature; servircat; icimod-servir; geo-biodiversity; Chitwan Annapurna Landscape; Nepal; Geoscientific information,82.8785,27.346,85.8001,29.3312,true,https://rds.icimod.org/Home/DataDetail?metadataId=26058,Spatial extent overlaps Nepal; Explicitly mentions Nepal; Open license (CC BY)
146,121,critical,26045,3671c846-2772-4767-a2f9-19ead4d9aca5,Temperature of monsoon season of 2010 in Chitwan Annapurna Landscape (CHAL),real-time weather / forecast,weather_climate,Vector,,2014-10-14t18:15:00.000z,2015-08-09t18:15:00.000z,As needed,"Creative Commons Attribution 4.0 International (CC BY 4.0) | The SERVIR Project, NASA, USAID and ICIMOD make no express ",ICIMOD,2015-08-14,5041,Climate Change Vulnerability; Forest Dependence; Forest; BioClimate; Exposure; Temperature; servircat; icimod-servir; geo-biodiversity; Chitwan Annapurna Landscape; Nepal; Geoscientific information,82.8785,27.346,85.8001,29.3312,true,https://rds.icimod.org/Home/DataDetail?metadataId=26045,Spatial extent overlaps Nepal; Explicitly mentions Nepal; Open license (CC BY)
147,120,critical,1972429,3468e308-7428-410f-9c1d-e1a1e20b0b12,Tipping Bucket: Langshisha BC,real-time weather / forecast,weather_climate; cryosphere; route_context,,,2013-10-26t18:15:00.000z,2019-10-28t18:15:00.000z,Annually,Creative Commons Attribution 4.0 International (CC BY 4.0),ICIMOD,2020-03-11,12695,precipitation; meteorology; Langtang; Nepal; Climatology; meteorology; atmosphere,85.67154,28.21365,85.67154,28.21365,true,https://rds.icimod.org/Home/DataDetail?metadataId=1972429,Spatial extent overlaps Nepal; Explicitly mentions Nepal; Open license (CC BY); High portal popularity
148,120,critical,1972503,18dd7163-b48b-4b6b-bc98-060cff35538a,SnowAMP middle,real-time weather / forecast,weather_climate; cryosphere; route_context,,,2015-09-28t18:15:00.000z,2019-11-14t18:15:00.000z,As needed,Creative Commons Attribution 4.0 International (CC BY 4.0),ICIMOD,2021-03-02,38400,precipitation; meteorology; Langtang; Nepal; Climatology; meteorology; atmosphere,85.572428,28.186194,85.572428,28.186194,true,https://rds.icimod.org/Home/DataDetail?metadataId=1972503,Spatial extent overlaps Nepal; Explicitly mentions Nepal; Open license (CC BY); High portal popularity
149,120,critical,23238,a3d3982d-fa90-447a-a391-c2644db2d8a2,"VDC level indicators for hazard, vulnerability and risk due to flood in Nepal",route hazard / safety,hazard; hydrology; route_context,"Text, table",,2026-05-08t18:14:59.000z,2026-05-08t18:14:59.000z,As needed,"Creative Commons Attribution 4.0 International (CC BY 4.0) | Users are permitted to copy, use, adapt, and redistribute S","ICIMOD, SERVIR Himalaya",2015-09-24,3946,Socio-Economic; Sensitivity; Resilience; Sex Ratio; Child Woman Ratio; Exposure; Road Density; Population; Health Facility; geo-disaster; servircat; icimod-servir; Nepal; District; VDC; Geoscientific information,80.0522,26.36836,88.19456,30.42472,true,https://rds.icimod.org/Home/DataDetail?metadataId=23238,Spatial extent overlaps Nepal; Explicitly mentions Nepal; Recent temporal coverage (≥2020); Open license (CC BY)
150,119,high,29331,03313508-fabb-4c58-8162-2e9417426e23,"High resolution 10 km daily reference climate dataset of Indus, Ganges, and Bramhmaputra river basins from 1981 to 2010",real-time weather / forecast,weather_climate; hydrology,,10000 m,1980-12-31t18:30:00.000z,2010-12-30t18:15:00.000z,As needed,,ICIMOD,2016-02-01,5378,Afghanistan; India; Pakistan; Nepal; Bhutan; Bangladesh; Tibet; China; Whole Indus; Whole Brahmaputra; Whole Ganges; Minimum Temperature; Maximum Temperature; Average Temperature; Precipitation; Climatology; meteorology; atmosphere,67.981,20.705,97.249,37.40899,true,https://rds.icimod.org/Home/DataDetail?metadataId=29331,Spatial extent overlaps Nepal; Explicitly mentions Nepal; Long temporal baseline (≥10 years)
151,119,high,29332,a998c136-54c8-4460-a0c4-249eb78f541a,"High resolution 5 km daily reference climate dataset of upper Indus, upper  Ganges, and upper  Bramhmaputra river basins from 1981 to 2010",real-time weather / forecast,weather_climate; hydrology,,5000 m,1980-12-31t18:30:00.000z,2010-12-30t18:15:00.000z,As needed,,ICIMOD,2016-02-01,4386,Afghanistan; India; Pakistan; Nepal; Bhutan; Tibet; China; Upper Indus; Upper Brahmaputra; Upper Ganges; Climatology; meteorology; atmosphere,67.981,26.415,97.856,37.409,true,https://rds.icimod.org/Home/DataDetail?metadataId=29332,Spatial extent overlaps Nepal; Explicitly mentions Nepal; Long temporal baseline (≥10 years)
152,119,high,9349,fdb271a1-5b19-4229-8314-c1faea3d90f4,Glaciers of Nepal 1980,real-time weather / forecast,weather_climate; cryosphere; remote_sensing,Vector,50000,1986-11-10t08:47:00.000z,2011-12-31t08:48:00.000z,Not planned,"Creative Commons Attribution 4.0 International (CC BY 4.0) | Users are permitted to copy, use, adapt, and redistribute S","ICIMOD, SERVIR Himalaya",2014-05-06,5092,Glacier; Clean Ice; Debris Cover; Himala; Cryosphere; servircat; icimod-servir; geo-climate; Nepal; Geoscientific information,80.794,27.528000000000002,88.175,30.376000000000005,true,https://rds.icimod.org/Home/DataDetail?metadataId=9349,Spatial extent overlaps Nepal; Explicitly mentions Nepal; Long temporal baseline (≥10 years); Open license (CC BY)
153,118,high,22158,a17baf7a-af2e-433b-91b8-de93e765c89b,Climate Scenario data from BCCR Norway (NorESM),real-time weather / forecast,weather_climate,Grid,,1995-12-31t23:15:00.000z,2050-12-30t23:15:00.000z,,Copyright,ICIMOD,2015-07-14,4678,HICAP; Climate Change; Tmin; Tmax; 4.5; 8.5; NorESM; Temperature; Precipitation; Indus; Brahmaputra; Ganges; Upper Salween; Upper Mekong; Climatology; meteorology; atmosphere,60.85385,15.957799999999999,105.04463000000001,39.31861000000001,true,https://rds.icimod.org/Home/DataDetail?metadataId=22158,Spatial extent overlaps Nepal; Recent temporal coverage (≥2020); Long temporal baseline (≥10 years)
154,118,high,8726,14a0bf87-22e2-4b17-a657-f5d6a9a64c84,Monthly Mean Temperature Trend (November) 1950-2000 of Hindu Kush Himalayan (HKH) Region,real-time weather / forecast,weather_climate,Grid,1000000,2026-05-08t18:14:59.000z,2026-05-08t18:14:59.000z,As needed,"The content of this website can be accessed, printed and downloaded in an unaltered form (altered including being stretc",ICIMOD,2011-07-15T15:24:00,2306,Temperature; Climate; Monthly mean temperature; Hindu Kush Himalayan Region; HKH Region; Boundaries,60.0000000000033,14.9999999999967,106.0083333333366,48.00833333333,true,https://rds.icimod.org/Home/DataDetail?metadataId=8726,Spatial extent overlaps Nepal; Recent temporal coverage (≥2020)
155,117,high,1972419,f2788adf-e063-4cc6-88e0-bed712e04ea6,Soil Moisture: Langshisha BC,real-time weather / forecast,weather_climate; cryosphere; hydrology; route_context,,,2017-10-22t18:15:00.000z,2019-08-17t18:15:00.000z,Annually,Creative Commons Attribution 4.0 International (CC BY 4.0),ICIMOD,2020-03-11,12166,soil; hydrology; Langtang; Nepal; Climatology; meteorology; atmosphere,85.67154,28.21365,85.67154,28.21365,true,https://rds.icimod.org/Home/DataDetail?metadataId=1972419,Spatial extent overlaps Nepal; Explicitly mentions Nepal; Open license (CC BY); High portal popularity
156,117,high,24684,1f165719-12cc-4f65-8f40-5b27428ce02f,"Factor of Safety (dry condition at 2m depth) of Nepal's Gorkha Earthquake 2015 induced landslide hazard mapping data of Bahrabise, Sindhupalchok",route hazard / safety,hazard; remote_sensing,,30 m,2015-09-21t18:15:00.000z,2015-09-21t18:15:00.000z,As needed,"Creative Commons Attribution 4.0 International (CC BY 4.0) | The SERVIR Project, NASA, USAID and ICIMOD make no express ",ICIMOD,2015-09-22,45893,Landslide; Landslide Dam; Coseismic Landslide; Earthquake; Geohazards; Rockslide; Safety Factors; icimod-servir; servircat; Geo-disasters; Gorkha; Nepal; Bahrabise; Liping; Sindhupalchok; Geoscientific information,85.745,27.474,86.009,28.004,true,https://rds.icimod.org/Home/DataDetail?metadataId=24684,Spatial extent overlaps Nepal; Explicitly mentions Nepal; Open license (CC BY); High portal popularity
157,117,high,29455,57e12fe4-4d34-4ecd-ba33-6e51159dab59,Air Quality Winter Fog Field Campaign Data for Chitwan,real-time weather / forecast,weather_climate; route_context,"Text, table",,2015-12-24t18:15:00.000z,2016-05-24t18:15:00.000z,Biannually,Only limited to Atmosphere Initiative users,ICIMOD,2015-12-25,4032,Air quality data; meterology data; PM10; PM2.5; PM1; Black carbon; CO; CO2; CH4; Temperature; RH; precipiatation; wind speed; wind direction; solar flux; Atmosphere; Chitwan; Climatology; meteorology; atmosphere,84.4901,27.5734,84.4901,27.5734,true,https://rds.icimod.org/Home/DataDetail?metadataId=29455,Spatial extent overlaps Nepal
158,117,high,24268,1b4f293a-c131-415f-8e39-a58d2e8bae23,"Nepal's Gorkha Earthquake 2015 induced landslide data of Bahrabise, Sindhupalchok",route hazard / safety,hazard; remote_sensing,Vector,5000,2015-09-21t18:15:00.000z,2015-09-21t18:15:00.000z,As needed,"Creative Commons Attribution 4.0 International (CC BY 4.0) | The SERVIR Project, NASA, USAID and ICIMOD make no express ",ICIMOD,2015-09-22,45963,Landslide; Landslide Dam; Coseismic Landslide; Earthquake; Geohazards; Rockslide; Safety Factors; icimod-servir; servircat; Geo-disasters; Gorkha; Nepal; Bahrabise; Sindhupalchok; Geoscientific information,85.745,27.474,86.009,28.004,true,https://rds.icimod.org/Home/DataDetail?metadataId=24268,Spatial extent overlaps Nepal; Explicitly mentions Nepal; Open license (CC BY); High portal popularity
159,117,high,24687,fb4bc5ed-0b03-475b-b412-5c68bc1b83bf,"Factor of Safety ( wet condition at 3m depth) of Nepal's Gorkha Earthquake 2015 induced landslide hazard mapping data of Bahrabise, Sindhupalchok",route hazard / safety,hazard; remote_sensing,,30 m,2015-09-21t18:15:00.000z,2015-09-21t18:15:00.000z,As needed,"Creative Commons Attribution 4.0 International (CC BY 4.0) | The SERVIR Project, NASA, USAID and ICIMOD make no express ",ICIMOD,2015-09-22,45661,Landslide; Landslide Dam; Coseismic Landslide; Earthquake; Geohazards; Rockslide; Safety Factors; icimod-servir; servircat; Geo-disasters; Gorkha; Nepal; Bahrabise; Liping; Sindhupalchok; Geoscientific information,85.745,27.474,86.009,28.004,true,https://rds.icimod.org/Home/DataDetail?metadataId=24687,Spatial extent overlaps Nepal; Explicitly mentions Nepal; Open license (CC BY); High portal popularity
160,117,high,24685,2c1dade1-841e-42bb-9eaa-63fc15949b38,"Factor of Safety (dry condition at 3m depth) of Nepal's Gorkha Earthquake 2015 induced landslide hazard mapping data of Bahrabise, Sindhupalchok",route hazard / safety,hazard; remote_sensing,,30 m,2015-09-21t18:15:00.000z,2015-09-21t18:15:00.000z,As needed,"Creative Commons Attribution 4.0 International (CC BY 4.0) | The SERVIR Project, NASA, USAID and ICIMOD make no express ",ICIMOD,2015-09-22,46233,Landslide; Landslide Dam; Coseismic Landslide; Earthquake; Geohazards; Rockslide; Safety Factors; icimod-servir; servircat; Geo-disasters; Gorkha; Nepal; Bahrabise; Liping; Sindhupalchok; Geoscientific information,85.745,27.474,86.009,28.004,true,https://rds.icimod.org/Home/DataDetail?metadataId=24685,Spatial extent overlaps Nepal; Explicitly mentions Nepal; Open license (CC BY); High portal popularity
161,116,high,35984,cd24abe1-be5e-4381-b552-5038841eb974,Glaciers of Afghanistan 1990,snowline / glacier context,cryosphere; terrain_landcover; remote_sensing,,50000,2026-05-08t18:14:59.000z,2026-05-08t18:14:59.000z,As needed,Creative Commons Attribution 4.0 International (CC BY 4.0),ICIMOD,2018-06-30,43015,Glacier; Clean Ice; Debris cover; Cryosphere; Afghanistan; Amu Darya; Kabul; Indus; icimod-servir; servircat; servir-hkh; Geoscientific information,74.888,38.35,67.625,34.573,false,https://rds.icimod.org/Home/DataDetail?metadataId=35984,Spatial extent overlaps HKH region; Recent temporal coverage (≥2020); Open license (CC BY); High portal popularity
162,116,high,1857,29e7d960-35ec-443c-b393-f1a95a1afbea,Elevation Zones of Hindu Kush Himalayan (HKH) Region,terrain / base map,terrain_landcover,Vector,1000000,2026-05-08t18:14:59.000z,2026-05-08t18:14:59.000z,As needed,Creative Commons Attribution 4.0 International (CC BY 4.0),ICIMOD,2007-09-20,3980,Elevation; Topography; Hindu Kush Himalayan Region; HKH; Elevation,60.853848,15.9578,105.044632,39.318611,true,https://rds.icimod.org/Home/DataDetail?metadataId=1857,Spatial extent overlaps Nepal; Recent temporal coverage (≥2020); Open license (CC BY)
163,116,high,1972585,3e745d10-28ef-4679-b832-056bfc6bdd78,Improved daily MODIS TERRA/AQUA Snow and Randolph Glacier Inventory (RGI6.0) data for High Mountain Asia (2002-2019),snowline / glacier context,cryosphere; remote_sensing,,,,,Unknown,,ICIMOD,2021-04-01,11333,MODIS; Snow Cover; Cryosphere; HKH; Geoscientific information,58.22,24.32,122.479,49.19,true,https://rds.icimod.org/Home/DataDetail?metadataId=1972585,Spatial extent overlaps Nepal; High portal popularity
164,116,high,35985,7300d63c-270e-4ecd-8a11-c59a87cf8121,Glaciers of Afghanistan 2000,snowline / glacier context,cryosphere; terrain_landcover; remote_sensing,,50000,2026-05-08t18:14:59.000z,2026-05-08t18:14:59.000z,As needed,Creative Commons Attribution 4.0 International (CC BY 4.0),ICIMOD,2018-06-30,43284,Glacier; Clean Ice; Debris cover; Cryosphere; Afghanistan; Amu Darya; Kabul; Indus; icimod-servir; servircat; servir-hkh; Geoscientific information,74.888,38.35,67.625,34.573,false,https://rds.icimod.org/Home/DataDetail?metadataId=35985,Spatial extent overlaps HKH region; Recent temporal coverage (≥2020); Open license (CC BY); High portal popularity
165,115,high,29245,ede6e8bf-fedb-47b4-951d-7fdd1a41d734,"High resolution 5 km daily future climate dataset of upper Indus, upper Ganges, and upper Bramhmaputra river basins from 2011 to 2100",real-time weather / forecast,weather_climate; hydrology,,5000 m,2010-12-31t18:15:00.000z,2100-12-30t18:15:00.000z,As needed,,ICIMOD,2016-02-01,5582,Afghanistan; India; Pakistan; Nepal; Bhutan; Bangladesh; Tibet; China; Upper Indus; Upper Brahmaputra; Upper Ganges; Geoscientific information,67.981,27.415,97.856,37.409,true,https://rds.icimod.org/Home/DataDetail?metadataId=29245,Spatial extent overlaps Nepal; Explicitly mentions Nepal; Recent temporal coverage (≥2020); Long temporal baseline (≥10 years)
166,115,high,36038,957ad7d2-22a5-4ca2-ae18-c2d949ab1c5f,"Flood Extent in Nepal, India and Bangladesh for July 2020",route hazard / safety,hazard; hydrology; remote_sensing,,30 m,2020-06-30t18:15:00.000z,2020-07-30t18:15:00.000z,As needed,Creative Commons Attribution 4.0 International (CC BY 4.0),ICIMOD,2020-08-01,56612,Flood 2020; Sentinel-1; River; Water Area; Nepal; Terai; Koshi; Bangladesh; India; Geoscientific information,79.59204,21.76869,96.2672,29.084390000000003,true,https://rds.icimod.org/Home/DataDetail?metadataId=36038,Spatial extent overlaps Nepal; Explicitly mentions Nepal; Recent temporal coverage (≥2020); Open license (CC BY); High portal popularity
167,114,high,22293,755b1813-5136-4b08-a4be-a1bc82db9c06,Daily different contribution of total flow from HI-SPHY model for middle century(4.5),real-time weather / forecast,weather_climate; cryosphere,Grid,,2040-12-31t23:15:00.000z,2050-12-30t23:15:00.000z,,Creative Commons Attribution 4.0 International (CC BY 4.0),ICIMOD,2015-07-14,6743,HICAP; Climate Change; Snow Melt; Glacier Melt; Total Discharge; Upper Indus; Upper Brahmaputra; Upper Ganges; Upper Salween; Upper Mekong; Climatology; meteorology; atmosphere,67.55833,26.687353,98.73454,37.07938,true,https://rds.icimod.org/Home/DataDetail?metadataId=22293,Spatial extent overlaps Nepal; Recent temporal coverage (≥2020); Long temporal baseline (≥10 years); Open license (CC BY)
168,114,high,2161,148a9022-b28f-47f1-89b5-6c881375d142,Glacial Lakes of Sagarmatha National Park (SNP) Nepal,snowline / glacier context,cryosphere; route_context,Vector,50000,2026-05-08t18:14:59.000z,2026-05-08t18:14:59.000z,As needed,Creative Commons Attribution 4.0 International (CC BY 4.0),ICIMOD,2011-07-08T13:51:00,2022,Glacial Lake; Water resource; Hydrography; Sagarmatha National Park; Nepal; SNP; Location,86.513927,27.645707,86.985807,28.113354,true,https://rds.icimod.org/Home/DataDetail?metadataId=2161,Spatial extent overlaps Nepal; Explicitly mentions Nepal; Recent temporal coverage (≥2020); Open license (CC BY)
169,114,high,9096,22ca7e9a-35d7-408c-9838-e0c8b9e5a3e8,Glaciers in Sagarmatha National Park (SNP) Nepal,snowline / glacier context,cryosphere; route_context,Vector,50000,2026-05-08t18:14:59.000z,2026-05-08t18:14:59.000z,Not planned,Creative Commons Attribution 4.0 International (CC BY 4.0),ICIMOD,2012-09-25,3024,Glacier; Glacial Lake; Sagarmatha National Park; Nepal; SNP; Inland waters,86.513927,27.645707,86.985807,28.113354,true,https://rds.icimod.org/Home/DataDetail?metadataId=9096,Spatial extent overlaps Nepal; Explicitly mentions Nepal; Recent temporal coverage (≥2020); Open license (CC BY)
170,114,high,8734,515bebe3-2c89-4419-972b-579b0ee8ad4b,"Digital Elevation Model of Koshi Tappu, Nepal",flood / water context,hydrology; terrain_landcover,Grid,50000,2026-05-08t18:14:59.000z,2026-05-08t18:14:59.000z,As needed,"The content of this website can be accessed, printed and downloaded in an unaltered form (altered including being stretc",ICIMOD,2011-07-18T11:00:00,6103,Digital Elevation Model; DEM; Topography; Koshi Tappu; Koshi Basin; Nepal; Boundaries,86.55,26.36,87.5,26.44,true,https://rds.icimod.org/Home/DataDetail?metadataId=8734,Spatial extent overlaps Nepal; Explicitly mentions Nepal; Recent temporal coverage (≥2020)
171,114,high,22294,8becc515-8b7a-4b21-b1e2-b5734db51fdc,Daily different contribution of total flow from HI-SPHY model for middle century(8.5),real-time weather / forecast,weather_climate; cryosphere,Grid,,2040-12-31t23:15:00.000z,2050-12-30t23:15:00.000z,,Creative Commons Attribution 4.0 International (CC BY 4.0),ICIMOD,2015-07-14,6549,HICAP; Climate Change; Snow Melt; Glacier Melt; Total Discharge; Upper Indus; Upper Brahmaputra; Upper Ganges; Upper Salween; Upper Mekong; Climatology; meteorology; atmosphere,67.55833,26.687353,98.73454,37.07938,true,https://rds.icimod.org/Home/DataDetail?metadataId=22294,Spatial extent overlaps Nepal; Recent temporal coverage (≥2020); Long temporal baseline (≥10 years); Open license (CC BY)
172,113,high,3278,4b8426a0-d665-406b-bb25-b13664f7a2a5,Hillshade of Sagarmatha National Park (SNP) Nepal,terrain / base map,terrain_landcover; route_context,Vector,50000,2026-05-08t18:14:59.000z,2026-05-08t18:14:59.000z,As needed,"The content of this website can be accessed, printed and downloaded in an unaltered form (altered including being stretc",ICIMOD,2011-07-08T11:59:00,2601,Hillshade; Elevation; Topography; Sagarmatha National Park; SNP; Nepal; Elevation,86.513927,27.645707,86.985807,28.113354,true,https://rds.icimod.org/Home/DataDetail?metadataId=3278,Spatial extent overlaps Nepal; Explicitly mentions Nepal; Recent temporal coverage (≥2020)
173,113,high,8658,c38464e1-be53-414f-84cc-63f5aa603278,Precipitation of HKH Region for January.,real-time weather / forecast,weather_climate,Grid,100000,2026-05-08t18:14:59.000z,2026-05-08t18:14:59.000z,As needed,"The content of this website can be accessed, printed and downloaded in an unaltered form (altered including being stretc",ICIMOD,2011-07-04T14:22:00,1538,Precipitation; Climate; HKH; Climatology; meteorology; atmosphere,60.0000000000033,14.99999999999671,106.0083333333366,48.00833333333003,true,https://rds.icimod.org/Home/DataDetail?metadataId=8658,Spatial extent overlaps Nepal; Recent temporal coverage (≥2020)
174,113,high,1972407,9d26e03d-2a55-425d-bdb7-9e2b8e2d5d0e,Discharge: Langtang Khola,real-time weather / forecast,weather_climate; hydrology,,,2012-03-21t18:15:00.000z,2019-04-04t18:15:00.000z,Not planned,Creative Commons Attribution 4.0 International (CC BY 4.0),Utrecht University/ICIMOD,2020-03-11,36123,discharge; hydrology; Langtang; Nepal; Climatology; meteorology; atmosphere,85.56169,28.21081,85.56169,28.21081,true,https://rds.icimod.org/Home/DataDetail?metadataId=1972407,Spatial extent overlaps Nepal; Explicitly mentions Nepal; Open license (CC BY); High portal popularity
175,112,high,26042,486e9c18-d7a3-40e4-84b0-80a87c7c568a,Precipitation of wettest month of 2010 in Chitwan Annapurna Landscape (CHAL),real-time weather / forecast,weather_climate,Vector,,2014-10-14t18:15:00.000z,2015-08-09t18:15:00.000z,As needed,"Creative Commons Attribution 4.0 International (CC BY 4.0) | The SERVIR Project, NASA, USAID and ICIMOD make no express ",ICIMOD,2015-08-14,44413,Climate Change Vulnerability; Forest Dependence; Forest; BioClimate; Exposure; Precipitation; servircat; icimod-servir; geo-biodiversity; Chitwan Annapurna Landscape; Nepal; Geoscientific information,82.8785,27.346,85.8001,29.3312,true,https://rds.icimod.org/Home/DataDetail?metadataId=26042,Spatial extent overlaps Nepal; Explicitly mentions Nepal; Open license (CC BY); High portal popularity
176,112,high,26056,cd0f3ce5-f671-4ddb-b092-8997919ab783,Precipitation of winter season of 2050 in Chitwan Annapurna Landscape (CHAL),real-time weather / forecast,weather_climate,Vector,,2014-10-14t18:15:00.000z,2015-08-09t18:15:00.000z,As needed,"Creative Commons Attribution 4.0 International (CC BY 4.0) | The SERVIR Project, NASA, USAID and ICIMOD make no express ",ICIMOD,2015-08-14,44450,Climate Change Vulnerability; Forest Dependence; Forest; BioClimate; Exposure; Precipitation; servircat; icimod-servir; geo-biodiversity; Chitwan Annapurna Landscape; Nepal; Geoscientific information,82.8785,27.346,85.8001,29.3312,true,https://rds.icimod.org/Home/DataDetail?metadataId=26056,Spatial extent overlaps Nepal; Explicitly mentions Nepal; Open license (CC BY); High portal popularity
177,112,high,35711,0b96286a-1d4b-4551-8960-91e8df1dc3e3,Soil loss in Koshi Basin 2010,real-time weather / forecast,weather_climate; cryosphere; hazard; hydrology; remote_sensing,,,2014-12-31t18:15:00.000z,2016-10-02t18:15:00.000z,As needed,Creative Commons Attribution 4.0 International (CC BY 4.0) | None,ICIMOD,2016-10-03,6573,Basin; Soil Erosion; China; Koshi; India; Geoscientific information,84.9956,25.3208,88.9677,29.1398,true,https://rds.icimod.org/Home/DataDetail?metadataId=35711,Spatial extent overlaps Nepal; Open license (CC BY)
178,112,high,9184,eef30a90-6c0c-40ba-a01d-17bf5617be9d,Rainfall Erosivity Factor of Koshi Basin,real-time weather / forecast,weather_climate; hydrology,Vector,50000,2026-05-08t18:14:59.000z,2026-05-08t18:14:59.000z,As needed,"The content of this website can be accessed, printed and downloaded in an unaltered form (altered including being stretc",ICIMOD,2013-06-13T15:22:00,3337,Rainfall Erosivity; Basin; Koshi; Nepal; Climatology; meteorology; atmosphere,85.0238,25.3334,88.9502,29.1382,true,https://rds.icimod.org/Home/DataDetail?metadataId=9184,Spatial extent overlaps Nepal; Explicitly mentions Nepal; Recent temporal coverage (≥2020)
179,112,high,26037,fe340345-1c16-4e5a-b5c8-2853cb474c01,Annual mean precipitation of 2010 in Chitwan Annapurna Landscape (CHAL),real-time weather / forecast,weather_climate,Vector,,2014-10-14t18:15:00.000z,2015-08-09t18:15:00.000z,As needed,"Creative Commons Attribution 4.0 International (CC BY 4.0) | The SERVIR Project, NASA, USAID and ICIMOD make no express ",ICIMOD,2015-08-14,44120,Climate Change Vulnerability; Forest Dependence; Forest; BioClimate; Exposure; Precipitation; servircat; icimod-servir; geo-biodiversity; Chitwan Annapurna Landscape; Nepal; Geoscientific information,82.8785,27.346,85.8001,29.3312,true,https://rds.icimod.org/Home/DataDetail?metadataId=26037,Spatial extent overlaps Nepal; Explicitly mentions Nepal; Open license (CC BY); High portal popularity
180,112,high,24686,04045cb5-f9ef-41ef-91b5-753f9a36449b,"Factor of Safety (dry condition at 5m depth) of Nepal's Gorkha Earthquake 2015 induced landslide hazard mapping data of Bahrabise, Sindhupalchok",route hazard / safety,hazard; remote_sensing,,30 m,2015-09-21t18:15:00.000z,2015-09-21t18:15:00.000z,As needed,"Creative Commons Attribution 4.0 International (CC BY 4.0) | The SERVIR Project, NASA, USAID and ICIMOD make no express ",ICIMOD,2015-09-22,6334,Landslide; Landslide Dam; Coseismic Landslide; Earthquake; Geohazards; Rockslide; Safety Factors; icimod-servir; servircat; Geo-disasters; Gorkha; Nepal; Bahrabise; Liping; Sindhupalchok; Geoscientific information,85.745,27.474,86.009,28.004,true,https://rds.icimod.org/Home/DataDetail?metadataId=24686,Spatial extent overlaps Nepal; Explicitly mentions Nepal; Open license (CC BY)
181,112,high,26041,0c58b0c0-384c-4e70-b08b-2becd9c4f022,Precipitation of summer season of 2010 in Chitwan Annapurna Landscape (CHAL),real-time weather / forecast,weather_climate,Vector,,2014-10-14t18:15:00.000z,2015-08-09t18:15:00.000z,As needed,"Creative Commons Attribution 4.0 International (CC BY 4.0) | The SERVIR Project, NASA, USAID and ICIMOD make no express ",ICIMOD,2015-08-14,45247,Climate Change Vulnerability; Forest Dependence; Forest; BioClimate; Exposure; Precipitation; servircat; icimod-servir; geo-biodiversity; Chitwan Annapurna Landscape; Nepal; Geoscientific information,82.8785,27.346,85.8001,29.3312,true,https://rds.icimod.org/Home/DataDetail?metadataId=26041,Spatial extent overlaps Nepal; Explicitly mentions Nepal; Open license (CC BY); High portal popularity
182,112,high,26052,ea4e2f8a-cd62-4b0f-98df-1f85bf882bc4,Precipitation of driest month of 2050 in Chitwan Annapurna Landscape (CHAL),real-time weather / forecast,weather_climate,Vector,,2014-10-14t18:15:00.000z,2015-08-09t18:15:00.000z,As needed,"Creative Commons Attribution 4.0 International (CC BY 4.0) | The SERVIR Project, NASA, USAID and ICIMOD make no express ",ICIMOD,2015-08-14,44785,Climate Change Vulnerability; Forest Dependence; Forest; BioClimate; Exposure; Precipitation; servircat; icimod-servir; geo-biodiversity; Chitwan Annapurna Landscape; Nepal; Geoscientific information,82.8785,27.346,85.8001,29.3312,true,https://rds.icimod.org/Home/DataDetail?metadataId=26052,Spatial extent overlaps Nepal; Explicitly mentions Nepal; Open license (CC BY); High portal popularity
183,112,high,26054,75d5b82e-5a0b-4fbd-9a7b-e845b0d88377,Precipitation of summer season of 2050 in Chitwan Annapurna Landscape (CHAL),real-time weather / forecast,weather_climate,Vector,,2014-10-14t18:15:00.000z,2015-08-09t18:15:00.000z,As needed,"Creative Commons Attribution 4.0 International (CC BY 4.0) | The SERVIR Project, NASA, USAID and ICIMOD make no express ",ICIMOD,2015-08-14,44405,Climate Change Vulnerability; Forest Dependence; Forest; BioClimate; Exposure; Precipitation; servircat; icimod-servir; geo-biodiversity; Chitwan Annapurna Landscape; Nepal; Geoscientific information,82.8785,27.346,85.8001,29.3312,true,https://rds.icimod.org/Home/DataDetail?metadataId=26054,Spatial extent overlaps Nepal; Explicitly mentions Nepal; Open license (CC BY); High portal popularity
184,112,high,33805,9cf1e348-bc23-40d8-989b-1c03a2476182,"Flood data of Bangladesh on Aug 24, 2017",route hazard / safety,hazard; hydrology; route_context; remote_sensing,,30 m,2017-08-23t18:15:00.000z,2017-08-23t18:15:00.000z,As needed,"Creative Commons Attribution 4.0 International (CC BY 4.0) | Citation: Uddin, K.; Matin, M.A.; Meyer, F.J. Operational F",ICIMOD,2017-08-24,3858,Flood2017; Sentinel-1; River; Water area; Disaster; Bangladesh; Jamuna; Padma; Nepal; Koshi; Geoscientific information,86.2495,24.8567,89.3376,28.3043,true,https://rds.icimod.org/Home/DataDetail?metadataId=33805,Spatial extent overlaps Nepal; Explicitly mentions Nepal; Open license (CC BY)
185,112,high,1972511,569b907f-708b-4ebf-a111-1e10eb552bfd,Land cover of HKH region,snowline / glacier context,cryosphere; hazard; terrain_landcover; remote_sensing,Grid,50000,2015-08-31t18:15:00.000z,2020-08-31t18:15:00.000z,Continual,Creative Commons Attribution 4.0 International (CC BY 4.0),ICIMOD,2022-11-09,111934,Land cover; Land use; GIS; spatial data; Landsat; GEE; Google Earth Engine; Earth Observation; SERVIR-HKH; ICIMOD; HKH; Hindu Kush Himalayas; Afghanistan; Bangladesh; Bhutan; China; India; Myanmar; Nepal; Pakistan; Geoscientific information,105.044678,15.957886,60.853882,39.318726,false,https://rds.icimod.org/Home/DataDetail?metadataId=1972511,Outside Nepal/HKH region; Explicitly mentions Nepal; Recent temporal coverage (≥2020); High update frequency; Open license (CC BY); High portal popularity
186,112,high,36002,a661ca39-baad-45b8-af46-924b9c1d9b4f,Precipitation data from Climate Scenarios for Nepal (NAP),real-time weather / forecast,weather_climate; cryosphere,,,1980-12-31t18:30:00.000z,2065-12-30t18:15:00.000z,As needed,Creative Commons Attribution 4.0 International (CC BY 4.0),ICIMOD,2019-02-01,8519,Climate Change; RCP4.5; RCP8.5; NAP; Precipitation; Extreme Indices; NAPA; Nepal; Geoscientific information,79,25,90,30,true,https://rds.icimod.org/Home/DataDetail?metadataId=36002,Spatial extent overlaps Nepal; Explicitly mentions Nepal; Recent temporal coverage (≥2020); Long temporal baseline (≥10 years); Open license (CC BY)
187,111,high,26099,6a8778f6-0679-47bb-bfcc-8709b2be5204,Impacts of land surface temperature on forest ecosystems in Chitwan Annapurna Landscape (CHAL),real-time weather / forecast,weather_climate,Vector,,2014-10-14t18:15:00.000z,2015-08-09t18:15:00.000z,As needed,"Creative Commons Attribution 4.0 International (CC BY 4.0) | The SERVIR Project, NASA, USAID and ICIMOD make no express ",ICIMOD,2015-08-14,45160,Climate Change Vulnerability; Sensitivity; servircat; icimod-servir; geo-biodiversity; Chitwan Annapurna Landscape; Nepal; Geoscientific information,82.8785,27.346,85.8001,29.3312,true,https://rds.icimod.org/Home/DataDetail?metadataId=26099,Spatial extent overlaps Nepal; Explicitly mentions Nepal; Open license (CC BY); High portal popularity
188,111,high,26096,82efa676-61d6-42db-8305-76bc189b8a54,Impacts of decadal rainy season land surface temperature on forest ecosystems in Chitwan Annapurna Landscape (CHAL),real-time weather / forecast,weather_climate,Vector,,2014-10-14t18:15:00.000z,2015-08-09t18:15:00.000z,As needed,"Creative Commons Attribution 4.0 International (CC BY 4.0) | The SERVIR Project, NASA, USAID and ICIMOD make no express ",ICIMOD,2015-08-14,45718,Climate Change Vulnerability; Sensitivity; servircat; icimod-servir; geo-biodiversity; Chitwan Annapurna Landscape; Nepal; Geoscientific information,82.8785,27.346,85.8001,29.3312,true,https://rds.icimod.org/Home/DataDetail?metadataId=26096,Spatial extent overlaps Nepal; Explicitly mentions Nepal; Open license (CC BY); High portal popularity
189,111,high,35986,f1605fdf-485a-47ef-9db3-39860576e628,Glaciers of Afghanistan 2010,snowline / glacier context,cryosphere; terrain_landcover; remote_sensing,,50000,2026-05-08t18:14:59.000z,2026-05-08t18:14:59.000z,As needed,Creative Commons Attribution 4.0 International (CC BY 4.0),ICIMOD,2018-06-30,2630,Glacier; Clean Ice; Debris cover; Cryosphere; icimod-servir; servircat; servir-hkh; Afghanistan; Amu Darya; Kabul; Indus; Geoscientific information,74.888,38.35,67.625,34.573,false,https://rds.icimod.org/Home/DataDetail?metadataId=35986,Spatial extent overlaps HKH region; Recent temporal coverage (≥2020); Open license (CC BY)
190,111,high,26059,defd2a3a-f1ab-4f03-a6d3-afa8fb7b6e2a,Temperature of summer season of 2050 in Chitwan Annapurna Landscape (CHAL),real-time weather / forecast,weather_climate,Vector,,2014-10-14t18:15:00.000z,2015-08-09t18:15:00.000z,As needed,"Creative Commons Attribution 4.0 International (CC BY 4.0) | The SERVIR Project, NASA, USAID and ICIMOD make no express ",ICIMOD,2015-08-14,44795,Climate Change Vulnerability; Forest Dependence; Forest; BioClimate; Exposure; Temperature; servircat; icimod-servir; geo-biodiversity; Chitwan Annapurna Landscape; Nepal; Geoscientific information,82.8785,27.346,85.8001,29.3312,true,https://rds.icimod.org/Home/DataDetail?metadataId=26059,Spatial extent overlaps Nepal; Explicitly mentions Nepal; Open license (CC BY); High portal popularity
191,111,high,549,90c3af01-61b7-4fb2-aec6-ca8e4d61eed5,Glaciers of Hindu Kush Himalayan (HKH) Region,snowline / glacier context,cryosphere,Vector,1000000,2026-05-08t18:14:59.000z,2026-05-08t18:14:59.000z,As needed,"The content of this website can be accessed, printed and downloaded in an unaltered form (altered including being stretc",ICIMOD,2008-08-03T16:01:00,2151,Glacier; Glacial lakes; GLOF; HKH; Environment,60.853848,15.9578,105.044632,39.318611,true,https://rds.icimod.org/Home/DataDetail?metadataId=549,Spatial extent overlaps Nepal; Recent temporal coverage (≥2020)
192,111,high,26048,028efd69-4d18-4443-b1ec-b2ea5d0411e8,Temperature of winter season of 2010 in Chitwan Annapurna Landscape (CHAL),real-time weather / forecast,weather_climate,Vector,,2014-10-14t18:15:00.000z,2015-08-09t18:15:00.000z,As needed,"Creative Commons Attribution 4.0 International (CC BY 4.0) | The SERVIR Project, NASA, USAID and ICIMOD make no express ",ICIMOD,2015-08-14,44336,Climate Change Vulnerability; Forest Dependence; Forest; BioClimate; Exposure; Temperature; servircat; icimod-servir; geo-biodiversity; Chitwan Annapurna Landscape; Nepal; Geoscientific information,82.8785,27.346,85.8001,29.3312,true,https://rds.icimod.org/Home/DataDetail?metadataId=26048,Spatial extent overlaps Nepal; Explicitly mentions Nepal; Open license (CC BY); High portal popularity
193,111,high,26051,11258f8d-acba-4761-864c-fef3884ce3d8,Annual mean temperature of 2050 in Chitwan Annapurna Landscape (CHAL),real-time weather / forecast,weather_climate,Vector,,2014-10-14t18:15:00.000z,2015-08-09t18:15:00.000z,As needed,"Creative Commons Attribution 4.0 International (CC BY 4.0) | The SERVIR Project, NASA, USAID and ICIMOD make no express ",ICIMOD,2015-08-14,14180,Climate Change Vulnerability; Forest Dependence; Forest; BioClimate; Exposure; Temperature; servircat; icimod-servir; geo-biodiversity; Chitwan Annapurna Landscape; Nepal; Geoscientific information,82.8785,27.346,85.8001,29.3312,true,https://rds.icimod.org/Home/DataDetail?metadataId=26051,Spatial extent overlaps Nepal; Explicitly mentions Nepal; Open license (CC BY); High portal popularity
194,111,high,26061,b965cf03-c7af-499f-81d1-bd22675b75ce,Temperature of winter season of 2050 in Chitwan Annapurna Landscape (CHAL),real-time weather / forecast,weather_climate,Vector,,2014-10-14t18:15:00.000z,2015-08-09t18:15:00.000z,As needed,"Creative Commons Attribution 4.0 International (CC BY 4.0) | The SERVIR Project, NASA, USAID and ICIMOD make no express ",ICIMOD,2015-08-14,45065,Climate Change Vulnerability; Forest Dependence; Forest; BioClimate; Exposure; Temperature; servircat; icimod-servir; geo-biodiversity; Chitwan Annapurna Landscape; Nepal; Geoscientific information,82.8785,27.346,85.8001,29.3312,true,https://rds.icimod.org/Home/DataDetail?metadataId=26061,Spatial extent overlaps Nepal; Explicitly mentions Nepal; Open license (CC BY); High portal popularity
195,111,high,35987,9bc34b72-f1b0-4a9e-9608-0387fa1bf83a,Glaciers of Afghanistan 2015,snowline / glacier context,cryosphere; terrain_landcover; remote_sensing,,,2026-05-08t18:14:59.000z,2026-05-08t18:14:59.000z,As needed,Creative Commons Attribution 4.0 International (CC BY 4.0),ICIMOD,2018-06-30,3088,Glacier; Clean Ice; Debris cover; Cryosphere; icimod-servir; servircat; servir-hkh; Afghanistan; Amu Darya; Kabul; Indus; Geoscientific information,74.888,38.35,67.625,34.573,false,https://rds.icimod.org/Home/DataDetail?metadataId=35987,Spatial extent overlaps HKH region; Recent temporal coverage (≥2020); Open license (CC BY)
196,111,high,26097,a116b045-5ade-42a5-a69f-6bda0bfa71ad,Impacts of decadal winter season land surface temperature on forest ecosystems in Chitwan Annapurna Landscape (CHAL),real-time weather / forecast,weather_climate,Vector,,2014-10-14t18:15:00.000z,2015-08-09t18:15:00.000z,As needed,"Creative Commons Attribution 4.0 International (CC BY 4.0) | The SERVIR Project, NASA, USAID and ICIMOD make no express ",ICIMOD,2015-08-14,45227,Climate Change Vulnerability; Sensitivity; servircat; icimod-servir; geo-biodiversity; Chitwan Annapurna Landscape; Nepal; Geoscientific information,82.8785,27.346,85.8001,29.3312,true,https://rds.icimod.org/Home/DataDetail?metadataId=26097,Spatial extent overlaps Nepal; Explicitly mentions Nepal; Open license (CC BY); High portal popularity
197,111,high,26047,6d217dd3-c215-4dbb-9799-a2b59b5573b7,Temperature of warmest month of 2010 in Chitwan Annapurna Landscape (CHAL),real-time weather / forecast,weather_climate,Vector,,2014-10-14t18:15:00.000z,2015-08-09t18:15:00.000z,As needed,"Creative Commons Attribution 4.0 International (CC BY 4.0) | The SERVIR Project, NASA, USAID and ICIMOD make no express ",ICIMOD,2015-08-14,10203,Climate Change Vulnerability; Forest Dependence; Forest; BioClimate; Exposure; Temperature; servircat; icimod-servir; geo-biodiversity; Chitwan Annapurna Landscape; Nepal; Geoscientific information,82.8785,27.346,85.8001,29.3312,true,https://rds.icimod.org/Home/DataDetail?metadataId=26047,Spatial extent overlaps Nepal; Explicitly mentions Nepal; Open license (CC BY); High portal popularity
198,111,high,26095,46397713-06ae-4937-81a3-4cf401a8dcca,Impacts of decadal summer season land surface temperature on forest ecosystems in Chitwan Annapurna Landscape (CHAL),real-time weather / forecast,weather_climate,Vector,,2014-10-14t18:15:00.000z,2015-08-09t18:15:00.000z,As needed,"Creative Commons Attribution 4.0 International (CC BY 4.0) | The SERVIR Project, NASA, USAID and ICIMOD make no express ",ICIMOD,2015-08-14,45759,Climate Change Vulnerability; Sensitivity; servircat; icimod-servir; geo-biodiversity; Chitwan Annapurna Landscape; Nepal; Geoscientific information,82.8785,27.346,85.8001,29.3312,true,https://rds.icimod.org/Home/DataDetail?metadataId=26095,Spatial extent overlaps Nepal; Explicitly mentions Nepal; Open license (CC BY); High portal popularity
199,111,high,36003,b8ec071f-bf78-4173-838c-794def8a3f30,Temperature data from Climate Scenarios for Nepal (NAP),real-time weather / forecast,weather_climate; cryosphere,,,1980-12-31t18:30:00.000z,2065-12-30t18:15:00.000z,As needed,Creative Commons Attribution 4.0 International (CC BY 4.0),ICIMOD,2019-02-01,9032,Temperature; Climate Change; NAPA; Extreme Indices; NAP; RCP8.5; RCP4.5; Nepal; Geoscientific information,79,25,90,30,true,https://rds.icimod.org/Home/DataDetail?metadataId=36003,Spatial extent overlaps Nepal; Explicitly mentions Nepal; Recent temporal coverage (≥2020); Long temporal baseline (≥10 years); Open license (CC BY)
200,111,high,8744,d37f9cf6-6ba1-414d-9b0f-b7ac6001ea58,Digital Elevation Model of Hindu Kush Himalayan (HKH) Region,terrain / base map,terrain_landcover,,90,2026-05-08t18:14:59.000z,2026-05-08t18:14:59.000z,As needed,"The content of this website can be accessed, printed and downloaded in an unaltered form (altered including being stretc",ICIMOD,2011-07-27T09:56:00,3622,Digital Elevation Model; Hindu Kush Himalayan Region; Elevation,60.853848,15.9578,105.044632,39.318611,true,https://rds.icimod.org/Home/DataDetail?metadataId=8744,Spatial extent overlaps Nepal; Recent temporal coverage (≥2020)
201,110,high,22760,9943874e-0145-421c-b597-f749cce9efcb,Resource Stress Index  of  Nepal and Bihar part of Koshi Basin,real-time weather / forecast,weather_climate; hydrology; terrain_landcover,"Text, table",,1950-12-30t18:30:00.000z,2013-12-30t18:15:00.000z,As needed,,ICIMOD,2013-12-31,1387,Resource Stress Index (RSI); rainfall variability; temperature variability; water availability; water withdrawal; distance to water source; Nepal; India; Koshi Basin; Geoscientific information,85.0238,25.334,88.9502,29.1382,true,https://rds.icimod.org/Home/DataDetail?metadataId=22760,Spatial extent overlaps Nepal; Explicitly mentions Nepal; Long temporal baseline (≥10 years)
202,109,high,1972553,a18292bc-7336-4b99-860f-81a4f579bb3c,GST (Ground surface temperature) loggers Langtang Valley,real-time weather / forecast,weather_climate; cryosphere,,,2013-10-31t18:15:00.000z,2020-12-06t18:15:00.000z,Annually,Creative Commons Attribution 4.0 International (CC BY 4.0),ICIMOD,2021-03-02,11535,meteorology; permafrost; Langtang; Nepal; Climatology; meteorology; atmosphere,85.59346,28.20724,85.62555,28.236789,true,https://rds.icimod.org/Home/DataDetail?metadataId=1972553,Spatial extent overlaps Nepal; Explicitly mentions Nepal; Recent temporal coverage (≥2020); Open license (CC BY); High portal popularity
203,109,high,34492,1c6bac18-d778-42e4-9cda-4a73ee3002dc,"Flood data of Bangladesh August, 2017",route hazard / safety,hazard; hydrology; terrain_landcover; route_context; remote_sensing,,30 m,2017-06-22t18:15:00.000z,2017-06-29t18:15:00.000z,As needed,"Creative Commons Attribution 4.0 International (CC BY 4.0) | Citation: Uddin, K.; Matin, M.A.; Meyer, F.J. Operational F",ICIMOD,2017-08-11,3869,Inundation Areas; Disaster; Sentinel SAR image; C-Band SAR; Rapid Response; Radar Image; Flood; Sentinel-1; Bangladesh; Brahmaputra; Jamuna River; Meghna River; Haor Region; Geoscientific information,92.67366,20.693343,88.010567,26.634399,false,https://rds.icimod.org/Home/DataDetail?metadataId=34492,Spatial extent overlaps HKH region; Open license (CC BY)
204,109,high,34493,53423e0c-dfbc-4fd8-b4be-a4fcef6daf41,"Flood data of Bangladesh June, 2017",route hazard / safety,hazard; hydrology; terrain_landcover; route_context; remote_sensing,,30 m,2017-06-22t18:15:00.000z,2017-06-29t18:15:00.000z,As needed,"Creative Commons Attribution 4.0 International (CC BY 4.0) | Citation: Uddin, K.; Matin, M.A.; Meyer, F.J. Operational F",ICIMOD,2017-08-11,2776,Inundation Areas; Disaster; Sentinel SAR image; C-Band SAR; Rapid Response; Radar Image; Flood; Sentinel-1; Bangladesh; Brahmaputra; Jamuna River; Meghna River; Haor Region; Geoscientific information,92.67366,20.693343,88.010567,26.634399,false,https://rds.icimod.org/Home/DataDetail?metadataId=34493,Spatial extent overlaps HKH region; Open license (CC BY)
205,109,high,34491,b4f5af9d-255e-4971-9e9a-7a29d9bf4517,"Flood data of Bangladesh April, 2017",route hazard / safety,hazard; hydrology; terrain_landcover; route_context; remote_sensing,,30 m,2017-04-20t18:15:00.000z,2017-04-28t18:15:00.000z,As needed,"Creative Commons Attribution 4.0 International (CC BY 4.0) | Citation: Uddin, K.; Matin, M.A.; Meyer, F.J. Operational F",ICIMOD,2017-08-11,5916,Inundation Areas; Disaster; Sentinel SAR image; C-Band SAR; Rapid Response; Radar Image; Flood; Sentinel-1; Bangladesh; Brahmaputra; Jamuna River; Meghna River; Haor Region; Geoscientific information,92.67366,20.693343,88.010567,26.634399,false,https://rds.icimod.org/Home/DataDetail?metadataId=34491,Spatial extent overlaps HKH region; Open license (CC BY)
206,109,high,9209,9e3825a2-479e-4115-8017-9d42cbd93b8f,Slope of Koshi Basin,flood / water context,hydrology; terrain_landcover,,50000,2026-05-08t18:14:59.000z,2026-05-08t18:14:59.000z,As needed,"The content of this website can be accessed, printed and downloaded in an unaltered form (altered including being stretc",ICIMOD,2013-06-17T13:49:00,7028,Slope; Topography; Koshi Basin; Nepal; India; China; Elevation,85.0238,25.3334,88.9502,29.1382,true,https://rds.icimod.org/Home/DataDetail?metadataId=9209,Spatial extent overlaps Nepal; Explicitly mentions Nepal; Recent temporal coverage (≥2020)
207,109,high,1972476,3bf72afa-9680-49b2-b3aa-9ee7e3054d3d,CORDEX data sets for the South Asian region (1951–2100),real-time weather / forecast,weather_climate,,,2026-05-08t18:14:59.000z,2026-05-08t18:14:59.000z,As needed,"The data sets are free to use for non-commercial purposes or, depending upon the model, may be used without any constrai",ICIMOD,2020-03-11,20678,Climate; Temperature; Precipitation; South Asia; HKH; Climatology; meteorology; atmosphere,60.8538,15.9578,105.0446,39.3186,true,https://rds.icimod.org/Home/DataDetail?metadataId=1972476,Spatial extent overlaps Nepal; Recent temporal coverage (≥2020); High portal popularity
208,109,high,1972849,b9b3cf37-66ae-4ff3-a68e-90d91c655dbc,CMIP6 data sets for the South Asian region (2015-2100),real-time weather / forecast,weather_climate,,,2026-05-08t18:14:59.000z,2026-05-08t18:14:59.000z,As needed,"The data sets are free to use for non-commercial purposes or, depending upon the model, may be used without any constrai",ICIMOD,2021-09-24,57299,Climate; Temperature; Precipitation; South Asia; HKH; Climatology; meteorology; atmosphere,60.8538,15.9578,105.0446,39.3186,true,https://rds.icimod.org/Home/DataDetail?metadataId=1972849,Spatial extent overlaps Nepal; Recent temporal coverage (≥2020); High portal popularity
209,109,high,9208,728fbd27-d338-49ef-a9de-248ba1241db4,Aspect of Koshi Basin,flood / water context,hydrology; terrain_landcover,,50000,2026-05-08t18:14:59.000z,2026-05-08t18:14:59.000z,As needed,"The content of this website can be accessed, printed and downloaded in an unaltered form (altered including being stretc",ICIMOD,2013-06-17T12:31:00,7425,Aspect; Topography; Koshi Basin; Nepal; India; China; Elevation,85.0238,25.3334,88.9502,29.1382,true,https://rds.icimod.org/Home/DataDetail?metadataId=9208,Spatial extent overlaps Nepal; Explicitly mentions Nepal; Recent temporal coverage (≥2020)
210,108,high,1972428,55fd37ac-5280-4d2c-bb88-7d6f9f08eaee,Tipping Bucket: Langshisha Pluvio,real-time weather / forecast,weather_climate; cryosphere,,,2012-05-13t18:15:00.000z,2016-10-09t18:15:00.000z,Not planned,Creative Commons Attribution 4.0 International (CC BY 4.0),ICIMOD,2020-03-11,12283,precipitation; meteorology; Langtang; Nepal; Climatology; meteorology; atmosphere,85.68619,28.20265,85.68619,28.20265,true,https://rds.icimod.org/Home/DataDetail?metadataId=1972428,Spatial extent overlaps Nepal; Explicitly mentions Nepal; Open license (CC BY); High portal popularity
211,108,high,23181,063c7fc7-6a69-454e-8c02-74e23348f084,Dependence of local communities for deforestation on forest ecosystems in Chitwan Annapurna Landscape (CHAL),real-time weather / forecast,weather_climate,Grid,1000 m,2026-05-08t18:14:59.000z,2026-05-08t18:14:59.000z,As needed,"Creative Commons Attribution 4.0 International (CC BY 4.0) | Users are permitted to copy, use, adapt, and redistribute S","ICIMOD, SERVIR Himalaya",2015-08-14,44963,Climate Change Vulnerability; Forest; Forest Dependence; servircat; icimod-servir; geo-biodiversity; Chitwan Annapurna Landscape; Nepal; Geoscientific information,82.8785,27.346,85.8001,29.3312,true,https://rds.icimod.org/Home/DataDetail?metadataId=23181,Spatial extent overlaps Nepal; Explicitly mentions Nepal; Recent temporal coverage (≥2020); Open license (CC BY); High portal popularity
212,108,high,23185,512d5e00-65be-4727-836e-f10f38f802ec,Dependence of local communities for grazing on forest ecosystems in Chitwan Annapurna Landscape (CHAL),real-time weather / forecast,weather_climate,Grid,1000 m,2026-05-08t18:14:59.000z,2026-05-08t18:14:59.000z,As needed,"Creative Commons Attribution 4.0 International (CC BY 4.0) | Users are permitted to copy, use, adapt, and redistribute S","ICIMOD, SERVIR Himalaya",2015-08-14,14107,Climate Change Vulnerability; Forest; Forest Dependence; servircat; icimod-servir; geo-biodiversity; Chitwan Annapurna Landscape; Nepal; Geoscientific information,82.8785,27.346,85.8001,29.3312,true,https://rds.icimod.org/Home/DataDetail?metadataId=23185,Spatial extent overlaps Nepal; Explicitly mentions Nepal; Recent temporal coverage (≥2020); Open license (CC BY); High portal popularity
213,108,high,23186,8d0b0079-a46e-4c02-aad0-6c7ddb752ef6,Dependence of local communities for NTFP on forest ecosystems in Chitwan Annapurna Landscape (CHAL),real-time weather / forecast,weather_climate,Grid,1000 m,2026-05-08t18:14:59.000z,2026-05-08t18:14:59.000z,As needed,"Creative Commons Attribution 4.0 International (CC BY 4.0) | Users are permitted to copy, use, adapt, and redistribute S","ICIMOD, SERVIR Himalaya",2015-08-14,46211,Climate Change Vulnerability; Forest; Forest Dependence; servircat; icimod-servir; geo-biodiversity; Chitwan Annapurna Landscape; Nepal; Geoscientific information,82.8785,27.346,85.8001,29.3312,true,https://rds.icimod.org/Home/DataDetail?metadataId=23186,Spatial extent overlaps Nepal; Explicitly mentions Nepal; Recent temporal coverage (≥2020); Open license (CC BY); High portal popularity
214,108,high,31158,37fbfad6-317e-4d28-8b0d-2ea57e2ed70e,Digital Elevation Model of Kailash Sacred Landscape,terrain / base map,terrain_landcover,,m,2026-05-08t18:14:59.000z,2026-05-08t18:14:59.000z,As needed,Creative Commons Attribution 4.0 International (CC BY 4.0),ICIMOD,2016-11-29,2353,Digital Elevation Model; DEM; SRTM; India; Nepal; Bajhang; Darchula; Humla; China; Kailash Sacred Landscape; Pulan; Baitadi; Pithoragarh; Geoscientific information,79.8499703193,29.3082839369,82.4974703193,31.2116172702,true,https://rds.icimod.org/Home/DataDetail?metadataId=31158,Spatial extent overlaps Nepal; Explicitly mentions Nepal; Recent temporal coverage (≥2020); Open license (CC BY)
215,108,high,1972426,662ac66f-4eaf-4940-b1b5-e0a27133d77b,Tipping Bucket: Lirung,real-time weather / forecast,weather_climate; cryosphere,,,2013-10-04t18:15:00.000z,2014-02-10t18:15:00.000z,Not planned,Creative Commons Attribution 4.0 International (CC BY 4.0),ICIMOD,2020-03-11,12343,precipitation; meteorology; Langtang; Nepal; Climatology; meteorology; atmosphere,85.55958,28.23027,85.55958,28.23027,true,https://rds.icimod.org/Home/DataDetail?metadataId=1972426,Spatial extent overlaps Nepal; Explicitly mentions Nepal; Open license (CC BY); High portal popularity
216,108,high,23180,4ecf3d06-4b32-489e-b34f-c02653207107,Climate change adaptive capacity of forest ecosystems in Chitwan Annapurna Landscape (CHAL),real-time weather / forecast,weather_climate,Grid,887.1325054 m,2026-05-08t18:14:59.000z,2026-05-08t18:14:59.000z,As needed,"Creative Commons Attribution 4.0 International (CC BY 4.0) | Users are permitted to copy, use, adapt, and redistribute S","ICIMOD, SERVIR Himalaya",2015-08-14,41994,Climate Change Vulnerability; Forest; Forest Dependence; servircat; icimod-servir; geo-biodiversity; Chitwan Annapurna Landscape; Nepal; Geoscientific information,82.8785,27.346,85.8001,29.3312,true,https://rds.icimod.org/Home/DataDetail?metadataId=23180,Spatial extent overlaps Nepal; Explicitly mentions Nepal; Recent temporal coverage (≥2020); Open license (CC BY); High portal popularity
217,108,high,23184,3b433199-e8d0-4913-ba61-3eea24f10e51,Dependence of local communities for fuelwood on forest ecosystems in Chitwan Annapurna Landscape (CHAL),real-time weather / forecast,weather_climate,Grid,1000 m,2026-05-08t18:14:59.000z,2026-05-08t18:14:59.000z,As needed,"Creative Commons Attribution 4.0 International (CC BY 4.0) | Users are permitted to copy, use, adapt, and redistribute S","ICIMOD, SERVIR Himalaya",2015-08-14,46578,Climate Change Vulnerability; Forest; Forest Dependence; servircat; icimod-servir; geo-biodiversity; Chitwan Annapurna Landscape; Nepal; Geoscientific information,82.8785,27.346,85.8001,29.3312,true,https://rds.icimod.org/Home/DataDetail?metadataId=23184,Spatial extent overlaps Nepal; Explicitly mentions Nepal; Recent temporal coverage (≥2020); Open license (CC BY); High portal popularity
218,108,high,1221,ce924223-6d14-4280-b02e-cf5ac60da334,Campsites of Sagarmatha National Park (SNP) Nepal,route / travel UX,route_context,Vector,50000,2026-05-08t18:14:59.000z,2026-05-08t18:14:59.000z,As needed,Creative Commons Attribution 4.0 International (CC BY 4.0),ICIMOD,2011-07-08T12:07:00,1761,Campsite; Mountaineering Camping; Sagarmatha National Park; Nepal; SNP; Location,86.513927,27.645707,86.985807,28.113354,true,https://rds.icimod.org/Home/DataDetail?metadataId=1221,Spatial extent overlaps Nepal; Explicitly mentions Nepal; Recent temporal coverage (≥2020); Open license (CC BY)
219,108,high,3311,e5da2659-930e-4da7-a3ea-2f8270e6686c,Land cover of 2000 Sagarmatha National Park (SNP) Nepal,terrain / base map,terrain_landcover; route_context; remote_sensing,Vector,50000,2026-05-08t18:14:59.000z,2026-05-08t18:14:59.000z,As needed,Creative Commons Attribution 4.0 International (CC BY 4.0),ICIMOD,2011-07-08T13:44:00,3950,Landcover; Land Cover ETM; Sagarmatha National Park; Nepal; SNP; Geoscientific information,86.513927,27.645707,86.985807,28.113354,true,https://rds.icimod.org/Home/DataDetail?metadataId=3311,Spatial extent overlaps Nepal; Explicitly mentions Nepal; Recent temporal coverage (≥2020); Open license (CC BY)
220,108,high,2695,4d706910-4c5f-4cc5-8a4e-a02a0ba292b6,Land cover of 1992 Sagarmatha National Park (SNP) Nepal,terrain / base map,terrain_landcover; route_context; remote_sensing,Vector,50000,2026-05-08t18:14:59.000z,2026-05-08t18:14:59.000z,As needed,Creative Commons Attribution 4.0 International (CC BY 4.0),ICIMOD,2011-07-08T13:32:00,3927,Land cover; LandcoverTM; Sagarmatha National Park; Nepal; SNP; Location,86.496936,27.496399,87.17121,28.137365,true,https://rds.icimod.org/Home/DataDetail?metadataId=2695,Spatial extent overlaps Nepal; Explicitly mentions Nepal; Recent temporal coverage (≥2020); Open license (CC BY)
221,108,high,1972434,ba2af945-78fa-4a71-8954-1bb34b958188,Tipping Bucket: Morimoto BC,real-time weather / forecast,weather_climate; cryosphere,,,2013-10-30t18:15:00.000z,2019-10-29t18:15:00.000z,Annually,Creative Commons Attribution 4.0 International (CC BY 4.0),ICIMOD,2020-03-11,13148,precipitation; meteorology; Langtang; Nepal; Climatology; meteorology; atmosphere,85.69743,28.24014,85.69743,28.24014,true,https://rds.icimod.org/Home/DataDetail?metadataId=1972434,Spatial extent overlaps Nepal; Explicitly mentions Nepal; Open license (CC BY); High portal popularity
222,108,high,1972431,fa61866c-8430-49ed-a956-a4320a46a263,Tipping Bucket: Shalbachum,real-time weather / forecast,weather_climate; cryosphere,,,2013-05-13t18:15:00.000z,2019-10-28t18:15:00.000z,As needed,Creative Commons Attribution 4.0 International (CC BY 4.0),ICIMOD,2020-03-11,12766,precipitation; meteorology; Langtang; Nepal; Climatology; meteorology; atmosphere,85.66306,28.2176,85.66306,28.2176,true,https://rds.icimod.org/Home/DataDetail?metadataId=1972431,Spatial extent overlaps Nepal; Explicitly mentions Nepal; Open license (CC BY); High portal popularity
223,107,high,26050,e026a798-09a3-457f-9d61-f1fda4e76885,Annual mean precipitation of 2050 in Chitwan Annapurna Landscape (CHAL),real-time weather / forecast,weather_climate,Vector,,2014-10-14t18:15:00.000z,2015-08-09t18:15:00.000z,As needed,"Creative Commons Attribution 4.0 International (CC BY 4.0) | The SERVIR Project, NASA, USAID and ICIMOD make no express ",ICIMOD,2015-08-14,5033,Climate Change Vulnerability; Forest Dependence; Forest; BioClimate; Exposure; Precipitation; servircat; icimod-servir; geo-biodiversity; Chitwan Annapurna Landscape; Nepal; Geoscientific information,82.8785,27.346,85.8001,29.3312,true,https://rds.icimod.org/Home/DataDetail?metadataId=26050,Spatial extent overlaps Nepal; Explicitly mentions Nepal; Open license (CC BY)
224,107,high,26039,5e49a2fe-dd8d-4944-a63c-976322fedfc6,Precipitation of driest month of 2010 in Chitwan Annapurna Landscape (CHAL),real-time weather / forecast,weather_climate,Vector,,2014-10-14t18:15:00.000z,2015-08-09t18:15:00.000z,As needed,"Creative Commons Attribution 4.0 International (CC BY 4.0) | The SERVIR Project, NASA, USAID and ICIMOD make no express ",ICIMOD,2015-08-14,4744,Climate Change Vulnerability; Forest Dependence; Forest; BioClimate; Exposure; Precipitation; servircat; icimod-servir; geo-biodiversity; Chitwan Annapurna Landscape; Nepal; Geoscientific information,82.8785,27.346,85.8001,29.3312,true,https://rds.icimod.org/Home/DataDetail?metadataId=26039,Spatial extent overlaps Nepal; Explicitly mentions Nepal; Open license (CC BY)
225,107,high,26043,a6640ad4-8489-4563-9bfc-e1f6d9ba3cec,Precipitation of winter season of 2010 in Chitwan Annapurna Landscape (CHAL),real-time weather / forecast,weather_climate,Vector,,2014-10-14t18:15:00.000z,2015-08-09t18:15:00.000z,As needed,"Creative Commons Attribution 4.0 International (CC BY 4.0) | The SERVIR Project, NASA, USAID and ICIMOD make no express ",ICIMOD,2015-08-14,4802,Climate Change Vulnerability; Forest Dependence; Forest; BioClimate; Exposure; Precipitation; servircat; icimod-servir; geo-biodiversity; Chitwan Annapurna Landscape; Nepal; Geoscientific information,82.8785,27.346,85.8001,29.3312,true,https://rds.icimod.org/Home/DataDetail?metadataId=26043,Spatial extent overlaps Nepal; Explicitly mentions Nepal; Open license (CC BY)
226,107,high,9348,a3e3c0d6-73b2-460a-9836-90e261469b68,Glacier Area Change in Nepal 1980 - 2010,snowline / glacier context,cryosphere; remote_sensing,Vector,50000,1986-11-10t08:47:00.000z,2011-12-31t08:48:00.000z,Not planned,Creative Commons Attribution 4.0 International (CC BY 4.0),ICIMOD,2014-05-06,8410,Glacier; Clean Ice; Debris Cover; Himala; Cryosphere; Nepal; Geoscientific information,80.794,27.528000000000002,88.175,30.376000000000005,true,https://rds.icimod.org/Home/DataDetail?metadataId=9348,Spatial extent overlaps Nepal; Explicitly mentions Nepal; Long temporal baseline (≥10 years); Open license (CC BY)
227,107,high,26055,7293eedd-ca79-456d-acbd-1b619c7ab210,Precipitation of wettest month of 2050 in Chitwan Annapurna Landscape (CHAL),real-time weather / forecast,weather_climate,Vector,,2014-10-14t18:15:00.000z,2015-08-09t18:15:00.000z,As needed,"Creative Commons Attribution 4.0 International (CC BY 4.0) | The SERVIR Project, NASA, USAID and ICIMOD make no express ",ICIMOD,2015-08-14,5080,Climate Change Vulnerability; Forest Dependence; Forest; BioClimate; Exposure; Precipitation; servircat; icimod-servir; geo-biodiversity; Chitwan Annapurna Landscape; Nepal; Geoscientific information,82.8785,27.346,85.8001,29.3312,true,https://rds.icimod.org/Home/DataDetail?metadataId=26055,Spatial extent overlaps Nepal; Explicitly mentions Nepal; Open license (CC BY)
228,107,high,33650,7dda79e9-d5c3-40c9-9632-a28a4927fa02,"Flood data of Nepal on Aug 16, 2017",route hazard / safety,hazard; hydrology; route_context; remote_sensing,,30 m,2017-08-15t18:15:00.000z,2017-08-15t18:15:00.000z,As needed,"Free to use with attribution to the source. Suggested citation: ICIMOD. (2017). Flood data of Nepal on Aug 16, 2017 [Dat",ICIMOD,2017-08-16,3693,Flood2017; Sentinel-1; River; Water area; Disaster; Nepal; Terai; Koshi; Geoscientific information,82.9249,25.632,85.7524,27.5556,true,https://rds.icimod.org/Home/DataDetail?metadataId=33650,Spatial extent overlaps Nepal; Explicitly mentions Nepal
229,106,high,26038,c43b5b1f-8c63-4157-a52a-10cc8494dec9,Annual mean temperature of 2010 in Chitwan Annapurna Landscape (CHAL),real-time weather / forecast,weather_climate,Vector,,2014-10-14t18:15:00.000z,2015-08-09t18:15:00.000z,As needed,"Creative Commons Attribution 4.0 International (CC BY 4.0) | The SERVIR Project, NASA, USAID and ICIMOD make no express ",ICIMOD,2015-08-14,4853,Climate Change Vulnerability; Forest Dependence; Forest; BioClimate; Exposure; Temperature; servircat; icimod-servir; geo-biodiversity; Chitwan Annapurna Landscape; Nepal; Geoscientific information,82.8785,27.346,85.8001,29.3312,true,https://rds.icimod.org/Home/DataDetail?metadataId=26038,Spatial extent overlaps Nepal; Explicitly mentions Nepal; Open license (CC BY)
230,106,high,22290,6e8d963c-b07f-4270-8549-2c8de3168549,Daily different contribution of total flow from HI-SPHY model for baseline period,real-time weather / forecast,weather_climate; cryosphere,Grid,,1997-12-31t23:15:00.000z,2007-12-30t23:15:00.000z,,Creative Commons Attribution 4.0 International (CC BY 4.0),ICIMOD,2015-07-14,6519,HICAP; Climate Change; Snow Melt; Glacier Melt; Total Discharge; Upper Indus; Upper Brahmaputra; Upper Ganges; Upper Salween; Upper Mekong; Climatology; meteorology; atmosphere,67.55833,26.687353,98.73454,37.07938,true,https://rds.icimod.org/Home/DataDetail?metadataId=22290,Spatial extent overlaps Nepal; Long temporal baseline (≥10 years); Open license (CC BY)
231,106,high,29574,b082a8bb-124d-4c09-b980-e30e729ff304,"NASA Earth Exchange Global Daily Downscaled Projections(NEX-GDDP) of 21 model for RCP 4.5 and 8.5, from 1950 to 2100 (including reference data 1950-2005), resolution of 0.25 degrees x 0.25 degrees (approximately 25 km x 25 km)",real-time weather / forecast,weather_climate,,25000,1949-12-31t18:30:00.000z,2100-12-30t18:15:00.000z,As needed,"Users are permitted to copy, use, adapt, and redistribute SERVIR data without limitations. SERVIR encourages users to ke",ICIMOD,2015-06-08,36227,Climate Change; Maximum Temperature; RCP; 4.5; 8.5; Minimum Temperature; Precipitation; Indus; Brahmaputra; Ganges; Upper Mekong; Upper Salween; Climatology; meteorology; atmosphere,57.00000000000001,8,123.00000000000001,45,true,https://rds.icimod.org/Home/DataDetail?metadataId=29574,Spatial extent overlaps Nepal; Recent temporal coverage (≥2020); Long temporal baseline (≥10 years); High portal popularity
232,106,high,26057,800a843c-3284-418f-8dcc-1413627d74ac,Temperature of coldest month of 2050 in Chitwan Annapurna Landscape (CHAL),real-time weather / forecast,weather_climate,Vector,,2014-10-14t18:15:00.000z,2015-08-09t18:15:00.000z,As needed,"Creative Commons Attribution 4.0 International (CC BY 4.0) | The SERVIR Project, NASA, USAID and ICIMOD make no express ",ICIMOD,2015-08-14,4881,Climate Change Vulnerability; Forest Dependence; Forest; BioClimate; Exposure; Temperature; servircat; icimod-servir; geo-biodiversity; Chitwan Annapurna Landscape; Nepal; Geoscientific information,82.8785,27.346,85.8001,29.3312,true,https://rds.icimod.org/Home/DataDetail?metadataId=26057,Spatial extent overlaps Nepal; Explicitly mentions Nepal; Open license (CC BY)
233,106,high,8722,882c53be-9ff2-4909-938c-6f4163ba4b25,"Location of Gokyo Glacial Lake, Nepal.",snowline / glacier context,cryosphere; remote_sensing,Grid,50000,2026-05-08t18:14:59.000z,2026-05-08t18:14:59.000z,As needed,"The content of this website can be accessed, printed and downloaded in an unaltered form (altered including being stretc",ICIMOD,2011-07-15T11:00:00,1992,Glacial Lake; Glacier; Gokyo; Nepal; Location,86.36,27.56,86.44,28.04,true,https://rds.icimod.org/Home/DataDetail?metadataId=8722,Spatial extent overlaps Nepal; Explicitly mentions Nepal; Recent temporal coverage (≥2020)
234,106,high,20965,f9523250-3193-4edc-90a9-7f70953406fc,Glacial Lakes of Bhutan 2001,snowline / glacier context,cryosphere; hazard; remote_sensing,Vector,50000,1950-12-29t18:30:00.000z,1970-12-29t18:30:00.000z,As needed,"Free to use with copyright to ICIMOD. Citation:Mool, PK; Wangda, D; Bajracharya, SR; Kunzang, K; Gurung, DR; Joshi, SP (",ICIMOD,2001-01-08,15786,Glacial Lakes; Glacier; Flood; Himalaya; HKH; Lunana; Bhutan; Hindu Kush Himalaya; Geoscientific information,88.7519,26.7036,92.1142,28.325,false,https://rds.icimod.org/Home/DataDetail?metadataId=20965,Spatial extent overlaps HKH region; Long temporal baseline (≥10 years); High portal popularity
235,106,high,26046,dc2c61f2-2e08-4fae-a09e-306a723a14c7,Temperature of summer season of 2010 in Chitwan Annapurna Landscape (CHAL),real-time weather / forecast,weather_climate,Vector,,2014-10-14t18:15:00.000z,2015-08-09t18:15:00.000z,As needed,"Creative Commons Attribution 4.0 International (CC BY 4.0) | The SERVIR Project, NASA, USAID and ICIMOD make no express ",ICIMOD,2015-08-14,4824,Climate Change Vulnerability; Forest Dependence; Forest; BioClimate; Exposure; Temperature; servircat; icimod-servir; geo-biodiversity; Chitwan Annapurna Landscape; Nepal; Geoscientific information,82.8785,27.346,85.8001,29.3312,true,https://rds.icimod.org/Home/DataDetail?metadataId=26046,Spatial extent overlaps Nepal; Explicitly mentions Nepal; Open license (CC BY)
236,106,high,2092,91aa09fb-4ff3-4663-8e57-a3683bcc473a,HydroArea/Water Bodies of Sagarmatha National Park (SNP) Nepal,snowline / glacier context,cryosphere; hydrology; route_context,Vector,50000,2026-05-08t18:14:59.000z,2026-05-08t18:14:59.000z,As needed,Creative Commons Attribution 4.0 International (CC BY 4.0),ICIMOD,2011-07-08T12:18:00,2083,Inland Water; Hydro Area; River network; Sagarmatha National Park; Nepal; SNP; Inland waters,86.513927,27.645707,86.985807,28.113354,true,https://rds.icimod.org/Home/DataDetail?metadataId=2092,Spatial extent overlaps Nepal; Explicitly mentions Nepal; Recent temporal coverage (≥2020); Open license (CC BY)
237,106,high,26098,45b19e3f-bd34-4dee-9e91-b91da8b39cb6,Impacts of mean land surface temperature on forest ecosystems in Chitwan Annapurna Landscape (CHAL),real-time weather / forecast,weather_climate,Vector,,2014-10-14t18:15:00.000z,2015-08-09t18:15:00.000z,As needed,"Creative Commons Attribution 4.0 International (CC BY 4.0) | The SERVIR Project, NASA, USAID and ICIMOD make no express ",ICIMOD,2015-08-14,5629,Climate Change Vulnerability; Sensitivity; servircat; icimod-servir; geo-biodiversity; Chitwan Annapurna Landscape; Nepal; Geoscientific information,82.8785,27.346,85.8001,29.3312,true,https://rds.icimod.org/Home/DataDetail?metadataId=26098,Spatial extent overlaps Nepal; Explicitly mentions Nepal; Open license (CC BY)
238,106,high,26068,3fb460b3-7710-4452-8d16-68a9e4d463f3,Impacts of Land Surface Temperature(LST) change on forest ecosystems in Chitwan Annapurna Landscape (CHAL),real-time weather / forecast,weather_climate,Vector,,2014-10-14t18:15:00.000z,2015-08-09t18:15:00.000z,As needed,"Creative Commons Attribution 4.0 International (CC BY 4.0) | The SERVIR Project, NASA, USAID and ICIMOD make no express ",ICIMOD,2015-08-14,5156,Climate Change Vulnerability; Forest Dependence; Forest Vulnerability; servircat; icimod-servir; geo-biodiversity; Chitwan Annapurna Landscape; Nepal; Geoscientific information,82.8785,27.346,85.8001,29.3312,true,https://rds.icimod.org/Home/DataDetail?metadataId=26068,Spatial extent overlaps Nepal; Explicitly mentions Nepal; Open license (CC BY)
239,106,high,1868,0ce43d68-7b81-401d-a265-4091b387730f,Main Trails of Sagarmatha National Park (SNP) Nepal,route / travel UX,route_context,Vector,50000,2026-05-08t18:14:59.000z,2026-05-08t18:14:59.000z,As needed,Creative Commons Attribution 4.0 International (CC BY 4.0),ICIMOD,,2502,Transportation; Road network; Trail; Sagarmatha National Parks; Nepal; SNP; Location,86.50965,27.75374,86.98535,28.11365,true,https://rds.icimod.org/Home/DataDetail?metadataId=1868,Spatial extent overlaps Nepal; Explicitly mentions Nepal; Recent temporal coverage (≥2020); Open license (CC BY)
240,106,high,26044,4bdf590a-35fa-43cb-a826-d0334dd5f58e,Temperature of coldest month of 2010 in Chitwan Annapurna Landscape (CHAL),real-time weather / forecast,weather_climate,Vector,,2014-10-14t18:15:00.000z,2015-08-09t18:15:00.000z,As needed,"Creative Commons Attribution 4.0 International (CC BY 4.0) | The SERVIR Project, NASA, USAID and ICIMOD make no express ",ICIMOD,2015-08-14,5101,Climate Change Vulnerability; Forest Dependence; Forest; BioClimate; Exposure; Temperature; servircat; icimod-servir; geo-biodiversity; Chitwan Annapurna Landscape; Nepal; Geoscientific information,82.8785,27.346,85.8001,29.3312,true,https://rds.icimod.org/Home/DataDetail?metadataId=26044,Spatial extent overlaps Nepal; Explicitly mentions Nepal; Open license (CC BY)
241,106,high,26060,ce6cb5a1-17f9-4b53-b3a8-1d7fa912081f,Temperature of warmest month of 2050 in Chitwan Annapurna Landscape (CHAL),real-time weather / forecast,weather_climate,Vector,,2014-10-14t18:15:00.000z,2015-08-09t18:15:00.000z,As needed,"Creative Commons Attribution 4.0 International (CC BY 4.0) | The SERVIR Project, NASA, USAID and ICIMOD make no express ",ICIMOD,2015-08-14,5378,Climate Change Vulnerability; Forest Dependence; Forest; BioClimate; Exposure; Temperature; servircat; icimod-servir; geo-biodiversity; Chitwan Annapurna Landscape; Nepal; Geoscientific information,82.8785,27.346,85.8001,29.3312,true,https://rds.icimod.org/Home/DataDetail?metadataId=26060,Spatial extent overlaps Nepal; Explicitly mentions Nepal; Open license (CC BY)
242,105,high,19171,e9475618-dc3d-4104-94ac-43da41c08322,"Hydrological Data of HYCOS Water Level and Rainfall Station at Chamelia, Nepal",real-time weather / forecast,weather_climate,,,2026-05-08t18:14:59.000z,2026-05-08t18:14:59.000z,As needed,,ICIMOD,2014-11-11,4557,HYCOS; Rainfall; Water Level; Hydrological Station; Chamelia; Nepal; Climatology; meteorology; atmosphere,80.5626,29.6745,80.5626,29.6745,true,https://rds.icimod.org/Home/DataDetail?metadataId=19171,Spatial extent overlaps Nepal; Explicitly mentions Nepal; Recent temporal coverage (≥2020)
243,105,high,34428,1198c1e6-c3bb-4993-ad93-5a16d0569838,Flood hazard data of major river systems of Nepal,route hazard / safety,hazard; hydrology,,50000,2026-05-08t18:14:59.000z,2026-05-08t18:14:59.000z,Not planned,Data and permission needs to be obtained from DWIDM for use.,ICIMOD,2017-11-23,5036,Flood; Disaster; Hazard; River; Nepal; Geoscientific information,79.84,26.361,88.083,30.46,true,https://rds.icimod.org/Home/DataDetail?metadataId=34428,Spatial extent overlaps Nepal; Explicitly mentions Nepal; Recent temporal coverage (≥2020)
244,105,high,1972739,8943cc69-0885-466e-8d2f-139c02a6ed16,"Weather station data - precipitation and temperature - at Tangmachu School in Lhuntse, Bhutan (2015-2020)",real-time weather / forecast,weather_climate; cryosphere,,,2026-05-08t18:14:59.000z,2026-05-08t18:14:59.000z,As needed,Creative Commons Attribution 4.0 International (CC BY 4.0),UWICER,2015-01-01,3143,HEROES; Climate Change; Citizen Science; Phenology study; Change change impact; Bhutan Phenology Network; Biodiversity; Climate variable; Temperature; Precipitation; Bhutan; Tangmachu; Lhuntse; UWICER; Geoscientific information,27.5922,91.1914,27.5922,91.1914,false,https://rds.icimod.org/Home/DataDetail?metadataId=1972739,Outside Nepal/HKH region; Recent temporal coverage (≥2020); Open license (CC BY)
245,105,high,23237,4281f41f-cde3-4cb6-a544-0e5f54695dd4,"District level indicators for hazard, vulnerability and risk due to flood in Nepal",route hazard / safety,hazard,"Text, table",,2026-05-08t18:14:59.000z,2026-05-08t18:14:59.000z,As needed,"Creative Commons Attribution 4.0 International (CC BY 4.0) | Users are permitted to copy, use, adapt, and redistribute S","ICIMOD, SERVIR Himalaya",2015-09-24,43086,Hazard; Vulnerability; Risk; servircat; icimod-servir; geo-disaster; Nepal; Geoscientific information,80.0522,26.36836,88.19456,30.42472,true,https://rds.icimod.org/Home/DataDetail?metadataId=23237,Spatial extent overlaps Nepal; Explicitly mentions Nepal; Recent temporal coverage (≥2020); Open license (CC BY); High portal popularity
246,105,high,1972418,53700d46-cbbf-4559-96a8-a7a058ff51d6,Soil Moisture: Langshisha Pluvio,real-time weather / forecast,weather_climate; cryosphere; hydrology,,,2017-10-22t18:15:00.000z,2019-08-04t18:15:00.000z,Annually,Creative Commons Attribution 4.0 International (CC BY 4.0),ICIMOD,2020-03-11,12171,soil; hydrology; Langtang; Nepal; Climatology; meteorology; atmosphere,85.68619,28.20265,85.68619,28.20265,true,https://rds.icimod.org/Home/DataDetail?metadataId=1972418,Spatial extent overlaps Nepal; Explicitly mentions Nepal; Open license (CC BY); High portal popularity
247,105,high,9224,d14414d0-a356-4843-8bbb-ebcbb6630017,Land cover of Nepal 2010,terrain / base map,terrain_landcover; remote_sensing,,30 m,2026-05-08t18:14:59.000z,2026-05-08t18:14:59.000z,Not planned,Creative Commons Attribution 4.0 International (CC BY 4.0),"ICIMOD, SERVIR Himalaya",2013-04-12,14048,Land cover; Land use; servircat; icimod-servir; Nepal; Geoscientific information,80.0522,26.36836,88.19456,30.42472,true,https://rds.icimod.org/Home/DataDetail?metadataId=9224,Spatial extent overlaps Nepal; Explicitly mentions Nepal; Recent temporal coverage (≥2020); Open license (CC BY); High portal popularity
248,105,high,34427,53422704-c1db-420a-9021-00c8af0da863,Flood hazard data of major river systems of Nepal in non-peranial rivers,route hazard / safety,hazard; hydrology,,50000,2026-05-08t18:14:59.000z,2026-05-08t18:14:59.000z,Not planned,Data and permission needs to be obtained from DWIDM for use.,ICIMOD,2017-11-23,2491,Flood; Disaster; Hazard; River; Nepal; Geoscientific information,80.178,26.444,87.971,29.026,true,https://rds.icimod.org/Home/DataDetail?metadataId=34427,Spatial extent overlaps Nepal; Explicitly mentions Nepal; Recent temporal coverage (≥2020)
249,104,high,1972425,4eb45dad-7035-4cf6-ab89-486fad34590d,Tipping Bucket: Ganja La 2,real-time weather / forecast,weather_climate; route_context,"Text, table",,2013-10-24t18:15:00.000z,2019-10-27t18:15:00.000z,Annually,Creative Commons Attribution 4.0 International (CC BY 4.0),ICIMOD,2020-03-11,11998,precipitation; meteorology; Langtang; Nepal; Climatology; meteorology; atmosphere,85.56901,28.19317,85.56901,28.19317,true,https://rds.icimod.org/Home/DataDetail?metadataId=1972425,Spatial extent overlaps Nepal; Explicitly mentions Nepal; Open license (CC BY); High portal popularity
250,104,high,1972424,126a8b90-a4cc-4e2b-af59-f9f72edb8a63,Tipping Bucket: Ganja La 3,real-time weather / forecast,weather_climate; route_context,,,2013-10-24t18:15:00.000z,2019-10-27t18:15:00.000z,Annually,Creative Commons Attribution 4.0 International (CC BY 4.0),ICIMOD,2020-03-11,11802,precipitation; meteorology; Langtang; Nepal; Climatology; meteorology; atmosphere,85.56974,28.18639,85.56974,28.18639,true,https://rds.icimod.org/Home/DataDetail?metadataId=1972424,Spatial extent overlaps Nepal; Explicitly mentions Nepal; Open license (CC BY); High portal popularity
251,104,high,8723,b304258b-65f7-4e64-99aa-d7d877771da8,Annual Mean Maximum Temperature for Gokyo Nepal,real-time weather / forecast,weather_climate; hydrology,Grid,50000,2026-05-08t18:14:59.000z,2026-05-08t18:14:59.000z,As needed,"The content of this website can be accessed, printed and downloaded in an unaltered form (altered including being stretc",ICIMOD,2011-07-15T11:00:00,1651,Annual Mean Temperature; Climate; Gokyo; Nepal; Climatology; meteorology; atmosphere,86.36,27.56,86.44,28.04,true,https://rds.icimod.org/Home/DataDetail?metadataId=8723,Spatial extent overlaps Nepal; Explicitly mentions Nepal; Recent temporal coverage (≥2020)
252,103,high,23183,f2cd0106-8d63-49e1-899d-5244cb92f2ac,Climate change exposure of forest ecosystems in Chitwan Annapurna Landscape (CHAL),real-time weather / forecast,weather_climate,Grid,30 m,2026-05-08t18:14:59.000z,2026-05-08t18:14:59.000z,As needed,"Creative Commons Attribution 4.0 International (CC BY 4.0) | Users are permitted to copy, use, adapt, and redistribute S",ICIMOD,2015-08-14,2548,Climate Change Vulnerability; Forest; Forest Dependence; Chitwan Annapurna Landscape; Nepal; Geoscientific information,82.8785,27.346,85.8001,29.3312,true,https://rds.icimod.org/Home/DataDetail?metadataId=23183,Spatial extent overlaps Nepal; Explicitly mentions Nepal; Recent temporal coverage (≥2020); Open license (CC BY)
253,103,high,23187,37d15b12-72c5-4802-aa4c-27fcfd260b88,Climate change sensitivity of forest ecosystems in Chitwan Annapurna Landscape (CHAL),real-time weather / forecast,weather_climate,Grid,1000 m,2026-05-08t18:14:59.000z,2026-05-08t18:14:59.000z,As needed,"Creative Commons Attribution 4.0 International (CC BY 4.0) | Users are permitted to copy, use, adapt, and redistribute S","ICIMOD, SERVIR Himalaya",2015-08-14,7698,Climate Change Vulnerability; Forest; Forest Dependence; servircat; icimod-servir; geo-biodiversity; Chitwan Annapurna Landscape; Nepal; Geoscientific information,82.8785,27.346,85.8001,29.3312,true,https://rds.icimod.org/Home/DataDetail?metadataId=23187,Spatial extent overlaps Nepal; Explicitly mentions Nepal; Recent temporal coverage (≥2020); Open license (CC BY)
254,103,high,16083,e175cc70-8b8e-494c-8e58-79215fc2f12f,Rock glacier mapped by a first person in Hindu Kush Himalayas (M1 mapping).,snowline / glacier context,cryosphere,Vector,,2000-04-10t11:15:00.000z,2013-12-05t12:15:00.000z,As needed,Copyright,ICIMOD,2014-07-25,14475,Rock Glacier; Permafrost; Cryosphere; Glacier; Hindu Kush Himalayan Region; HKH; Geoscientific information,60.853848000000006,15.957799999999999,105.04463000000001,39.31861000000001,true,https://rds.icimod.org/Home/DataDetail?metadataId=16083,Spatial extent overlaps Nepal; Long temporal baseline (≥10 years); High portal popularity
255,103,high,36004,fda9bf5b-2a47-4bf4-a1b0-dc27799be998,Soil loss in Nepal 1990,route hazard / safety,hazard; hydrology; terrain_landcover; remote_sensing,Grid,100000,2026-05-08t18:14:59.000z,2026-05-08t18:14:59.000z,As needed,"The SERVIR Project, NASA, USAID and ICIMOD make no express or implied warranty of this data as to the merchantability or",ICIMOD,2019-06-26,44219,Soil Erosion; Soil Loss; Landsat; Rulse; icimod-servir; servircat; Nepal; HKH; Geoscientific information,79.98869,26.326993,88.335946,30.467731,true,https://rds.icimod.org/Home/DataDetail?metadataId=36004,Spatial extent overlaps Nepal; Explicitly mentions Nepal; Recent temporal coverage (≥2020); High portal popularity
256,103,high,23188,465969d4-bab0-42a7-87b3-152c23b5c43c,Climate change vulnerability of forest ecosystems in Chitwan Annapurna Landscape (CHAL),real-time weather / forecast,weather_climate,Grid,30 m,2026-05-08t18:14:59.000z,2026-05-08t18:14:59.000z,As needed,"Creative Commons Attribution 4.0 International (CC BY 4.0) | Users are permitted to copy, use, adapt, and redistribute S","ICIMOD, SERVIR Himalaya",2015-08-14,3001,Climate Change Vulnerability; Forest; Forest Dependence; servircat; icimod-servir; geo-biodiversity; Chitwan Annapurna Landscape; Nepal; Geoscientific information,82.8785,27.346,85.8001,29.3312,true,https://rds.icimod.org/Home/DataDetail?metadataId=23188,Spatial extent overlaps Nepal; Explicitly mentions Nepal; Recent temporal coverage (≥2020); Open license (CC BY)
257,103,high,23174,7b1ccfaa-0271-471c-94dd-12bde57f6894,Maximum Tree Canopy Height data of Nepal,snowline / glacier context,cryosphere; terrain_landcover; remote_sensing,Grid,5000,2026-05-08t18:14:59.000z,2026-05-08t18:14:59.000z,As needed,"Creative Commons Attribution 4.0 International (CC BY 4.0) | Users are permitted to copy, use, adapt, and redistribute S","ICIMOD, SERVIR Himalaya",2015-09-22,4561,Forest Hotspots; Forest Loss; Maximum Tree Canopy Height; servircat; icimod-servir; geo-ecosystems; Nepal; Geoscientific information,79.8862,26.2307,88.3904,30.5175,true,https://rds.icimod.org/Home/DataDetail?metadataId=23174,Spatial extent overlaps Nepal; Explicitly mentions Nepal; Recent temporal coverage (≥2020); Open license (CC BY)
258,103,high,23182,37449070-2972-4d0e-93c7-174114cd5a53,Dependence of local communities on forest ecosystems in Chitwan Annapurna Landscape (CHAL),real-time weather / forecast,weather_climate,Grid,30 m,2026-05-08t18:14:59.000z,2026-05-08t18:14:59.000z,As needed,"Creative Commons Attribution 4.0 International (CC BY 4.0) | Users are permitted to copy, use, adapt, and redistribute S","ICIMOD, SERVIR Himalaya",2015-08-14,6176,Climate Change Vulnerability; Forest; Forest Dependence; servircat; icimod-servir; geo-biodiversity; Chitwan Annapurna Landscape; Nepal; Geoscientific information,82.8785,27.346,85.8001,29.3312,true,https://rds.icimod.org/Home/DataDetail?metadataId=23182,Spatial extent overlaps Nepal; Explicitly mentions Nepal; Recent temporal coverage (≥2020); Open license (CC BY)
259,103,high,16082,da9ea301-2f4e-4872-acbc-08247fdd363a,"Intersected area of M1 and M2, which are rock glaciers mapped by two different persons.",snowline / glacier context,cryosphere,Vector,,2000-04-05t03:56:00.000z,2013-12-17t03:57:00.000z,As needed,Copyright,ICIMOD,2014-07-25,14336,Rock Glacier; Permafrost; Cryosphere; Glacier; Hindu Kush Himalayan Region; HKH; Geoscientific information,60.853848000000006,15.957799999999999,105.04463000000001,39.31861000000001,true,https://rds.icimod.org/Home/DataDetail?metadataId=16082,Spatial extent overlaps Nepal; Long temporal baseline (≥10 years); High portal popularity
260,103,high,2828,f5332c51-27c9-4efd-8565-ca8a680482fe,Vegetation Cover Change 1992 -2000 in Sagarmatha National Park (SNP) Nepal,terrain / base map,terrain_landcover; route_context; remote_sensing,,50000,2026-05-08t18:14:59.000z,2026-05-08t18:14:59.000z,As needed,"The content of this website can be accessed, printed and downloaded in an unaltered form (altered including being stretc",ICIMOD,2011-07-08T12:28:00,2177,Vegetation; Land cover change; Sagarmatha National Park; Nepal; SNP; Geoscientific information,86.496936,27.496366,87.017121,28.137365,true,https://rds.icimod.org/Home/DataDetail?metadataId=2828,Spatial extent overlaps Nepal; Explicitly mentions Nepal; Recent temporal coverage (≥2020)
261,103,high,16084,23ca35a2-f414-4db1-83ca-4249112bad28,Rock glacier mapped by a second person in Hindu Kush Himalayas (M2 mapping).,snowline / glacier context,cryosphere,Vector,,2000-04-10t11:15:00.000z,2013-12-05t12:15:00.000z,As needed,Copyright,ICIMOD,2014-07-25,14463,Rock Glacier; Permafrost; Cryosphere; Glacier; Hindu Kush Himalayan Region; HKH; Geoscientific information,60.853848000000006,15.957799999999999,105.04463000000001,39.31861000000001,true,https://rds.icimod.org/Home/DataDetail?metadataId=16084,Spatial extent overlaps Nepal; Long temporal baseline (≥10 years); High portal popularity
262,102,high,20829,ee43fa04-56c8-4f52-904d-2bfeee6d802f,Glaciers of Nepal 2001,snowline / glacier context,cryosphere; remote_sensing,Vector,50000,1957-12-29t18:30:00.000z,1980-12-29t18:30:00.000z,As needed,Creative Commons Attribution 4.0 International (CC BY 4.0),ICIMOD,2001-01-08,19570,Glacier; Himalaya; Mahakali; Gandaki; Nepal; Koshi; Karnali; HKH; Geoscientific information,88.0556,30.4073,80.1742,26.3389,true,https://rds.icimod.org/Home/DataDetail?metadataId=20829,Spatial extent overlaps Nepal; Explicitly mentions Nepal; Long temporal baseline (≥10 years); Open license (CC BY); High portal popularity
263,102,high,22324,22bc7d48-3ad6-488d-ba2b-97fd4aa976c9,Poverty and Vulnerability Assessment (PVA) household level data of Koshi sub-basin in Nepal.,real-time weather / forecast,weather_climate; cryosphere; hydrology,"Text, table",,2010-12-31t23:15:00.000z,2012-12-30t23:15:00.000z,As needed,Creative Commons Attribution 4.0 International (CC BY 4.0),ICIMOD,2015-07-29,6857,Livelihood; Climate Change; Income; Expenditure; Agriculture; Livestock; Ecosystem Services; Governance; Gender; Mountain Poverty; Vulnerability; Socio-economic; Nepal; Koshi; Geoscientific information,80.0522,26.36836,88.19456,30.42472,true,https://rds.icimod.org/Home/DataDetail?metadataId=22324,Spatial extent overlaps Nepal; Explicitly mentions Nepal; Open license (CC BY)
264,102,high,9868,88d67334-cea6-474d-9241-5a4223173d6a,Meteorological Station of Koshi Basin,real-time weather / forecast,weather_climate; hydrology,Vector,50000,2026-05-08t18:14:59.000z,2026-05-08t18:14:59.000z,As needed,Creative Commons Attribution 4.0 International (CC BY 4.0),ICIMOD,2013-06-13T14:54:00,5129,Meteorological Stations; Climate; Basin; Koshi Basin; Nepal; India; China; Location,85.0238,25.3334,88.9502,29.1382,true,https://rds.icimod.org/Home/DataDetail?metadataId=9868,Spatial extent overlaps Nepal; Explicitly mentions Nepal; Recent temporal coverage (≥2020); Open license (CC BY)
265,101,high,3634,33580f46-5066-4dae-901c-4626c68419db,Mean Precipitation of September for Hindu Kush Himalayan (HKH) Region,real-time weather / forecast,weather_climate,Grid,1000000,2026-05-08t18:14:59.000z,2026-05-08t18:14:59.000z,As needed,"The content of this website can be accessed, printed and downloaded in an unaltered form (altered including being stretc",ICIMOD,2007-09-24,1208,Mean Precipitation; Climate; HKH Region; Hindu Kush Himalayan Region; Climatology; meteorology; atmosphere,60.853848,15.9578,105.044632,39.318611,true,https://rds.icimod.org/Home/DataDetail?metadataId=3634,Spatial extent overlaps Nepal; Recent temporal coverage (≥2020)
266,101,high,29229,6d88d328-e207-4320-8c85-18fbddcb2b77,"Regional Climate Model(RCM) average delta change values for the four selected GCMS for RCP 8.5, from 2008 to 2050, resolution 25x25 km",real-time weather / forecast,weather_climate,,25000,2007-12-31t18:15:00.000z,2050-12-30t18:15:00.000z,As needed,,ICIMOD,2014-06-01,5081,Climate Change; Precipitation; RCM; 4.5; 8.5; Minimum Temperature; Maximum Temperature; Average Temperature; Precipitation; HICAP; Indus; Brahmaputra; Ganges; Upper Mekong; Upper Salwen; Climatology; meteorology; atmosphere,67,27,100,40,true,https://rds.icimod.org/Home/DataDetail?metadataId=29229,Spatial extent overlaps Nepal; Recent temporal coverage (≥2020); Long temporal baseline (≥10 years)
267,101,high,22295,eb9dc6cf-24b4-43a7-9374-28903301e705,Average Delta change of temperature and precipitation from CMIP5 database.,real-time weather / forecast,weather_climate,Grid,,1997-12-31t23:15:00.000z,2007-12-30t23:15:00.000z,,Creative Commons Attribution 4.0 International (CC BY 4.0),ICIMOD,2015-07-14,4730,HICAP; Climate Change; Tmax; Tmin; Precipitation; Delta Change; 8.5; 4.5; Indus; Brahmaputra; Ganges; Upper Salween; Upper Mekong; Climatology; meteorology; atmosphere,66.16028,21.52131,98.740484,37.08614,true,https://rds.icimod.org/Home/DataDetail?metadataId=22295,Spatial extent overlaps Nepal; Long temporal baseline (≥10 years); Open license (CC BY)
268,101,high,29231,0172c75c-ab0d-4128-ae53-f9aedc3b827d,"Regional Climate Model(RCM) average delta change values for the four selected GCMS for RCP 4.5, from 2008 to 2050, resolution 25x25 km",real-time weather / forecast,weather_climate,,25000,2007-12-31t18:15:00.000z,2050-12-30t18:15:00.000z,As needed,,ICIMOD,2014-06-01,1485,Climate Change; Maximum Temperature; RCM; 4.5; 8.5; Minimum Temperature; Average Temperature; Maximum Temperature; Precipitation; Indus; Brahmaputra; Ganges; Upper Mekong; Upper Salween; Climatology; meteorology; atmosphere,67,27,100,40,true,https://rds.icimod.org/Home/DataDetail?metadataId=29231,Spatial extent overlaps Nepal; Recent temporal coverage (≥2020); Long temporal baseline (≥10 years)
269,101,high,3564,bdce5be6-056b-484d-800d-9d3c4dae9213,Mean Precipitation of November for Hindu Kush Himalayan (HKH) Region,real-time weather / forecast,weather_climate,Grid,1000000,2026-05-08t18:14:59.000z,2026-05-08t18:14:59.000z,As needed,"The content of this website can be accessed, printed and downloaded in an unaltered form (altered including being stretc",ICIMOD,2007-09-24,1428,Mean Precipitation; Climate; HKH Region; Hindu Kush Himalayan Region; Climatology; meteorology; atmosphere,60.853848,15.9578,105.044632,39.318611,true,https://rds.icimod.org/Home/DataDetail?metadataId=3564,Spatial extent overlaps Nepal; Recent temporal coverage (≥2020)
270,101,high,8721,5e53e877-bb38-4cf3-864b-6f47b77ebd2e,Digital Elevation Model for Gokyo Nepal,terrain / base map,terrain_landcover,Vector,50000,2026-05-08t18:14:59.000z,2026-05-08t18:14:59.000z,As needed,"The content of this website can be accessed, printed and downloaded in an unaltered form (altered including being stretc",ICIMOD,2011-07-15T11:00:00,5527,Digital Elevation Model; Topography; Digital Terrain Model; Nepal; Elevation,86.36,27.56,86.44,28.4,true,https://rds.icimod.org/Home/DataDetail?metadataId=8721,Spatial extent overlaps Nepal; Explicitly mentions Nepal; Recent temporal coverage (≥2020)
271,101,high,2818,8e4a493b-cf66-4625-b50d-7a59c13ee34d,Mean Precipitation of December for Hindu Kush Himalayan (HKH) Region,real-time weather / forecast,weather_climate,Grid,1000000,2026-05-08t18:14:59.000z,2026-05-08t18:14:59.000z,As needed,"The content of this website can be accessed, printed and downloaded in an unaltered form (altered including being stretc",ICIMOD,2007-09-24,1359,Mean Precipitation; Climate; HKH Region; Hindu Kush Himalayan Region; Climatology; meteorology; atmosphere,60.853848,15.9578,105.044632,39.318611,true,https://rds.icimod.org/Home/DataDetail?metadataId=2818,Spatial extent overlaps Nepal; Recent temporal coverage (≥2020)
272,101,high,1190,cfa00b6b-b73f-41c6-8f26-6cfd3b3731ce,Mean Precipitation of January for Hindu Kush Himalayan (HKH) Region,real-time weather / forecast,weather_climate,Grid,1000000,2026-05-08t18:14:59.000z,2026-05-08t18:14:59.000z,As needed,"The content of this website can be accessed, printed and downloaded in an unaltered form (altered including being stretc",ICIMOD,2007-09-20,1117,Mean Precipitation; Climate; HKH Region; Hindu Kush Himalayan Region.; Climatology; meteorology; atmosphere,60.853848,15.9578,105.044632,39.318611,true,https://rds.icimod.org/Home/DataDetail?metadataId=1190,Spatial extent overlaps Nepal; Recent temporal coverage (≥2020)
273,101,high,1171,eeecb124-e6d3-4517-bef0-514b293791cd,Mean Precipitation of June for Hindu Kush Himalayan (HKH) Region,real-time weather / forecast,weather_climate,Grid,1000000,2026-05-08t18:14:59.000z,2026-05-08t18:14:59.000z,As needed,"The content of this website can be accessed, printed and downloaded in an unaltered form (altered including being stretc",ICIMOD,,1398,Mean Precipitation; Climate; HKH Region; Hindu Kush Himalayan Region; Climatology; meteorology; atmosphere,60.853848,15.9578,105.044632,39.318611,true,https://rds.icimod.org/Home/DataDetail?metadataId=1171,Spatial extent overlaps Nepal; Recent temporal coverage (≥2020)
274,101,high,1299,127259da-5818-4e01-aa4b-ec9ef4be899b,Mean Precipitation of March for Hindu Kush Himalayan (HKH) Region,real-time weather / forecast,weather_climate,Grid,1000000,2026-05-08t18:14:59.000z,2026-05-08t18:14:59.000z,As needed,"The content of this website can be accessed, printed and downloaded in an unaltered form (altered including being stretc",ICIMOD,2008-08-03T14:47:00,1862,Mean Precipitation; Climate; HKH Region; Hindu Kush Himalayan Region; Climatology; meteorology; atmosphere,60.853848,15.9578,105.044632,39.318611,true,https://rds.icimod.org/Home/DataDetail?metadataId=1299,Spatial extent overlaps Nepal; Recent temporal coverage (≥2020)
275,101,high,3347,2a299a62-5ea0-46fb-89d5-c26934bc6c63,Mean Precipitation of February for Hindu Kush Himalayan (HKH) Region,real-time weather / forecast,weather_climate,Grid,1000000,2026-05-08t18:14:59.000z,2026-05-08t18:14:59.000z,As needed,"The content of this website can be accessed, printed and downloaded in an unaltered form (altered including being stretc",ICIMOD,2008-08-03T14:44:00,1332,Mean Precipitation; Climate; HKH Region; Hindu Kush Himalayan Region; Climatology; meteorology; atmosphere,60.853848,15.9578,105.044632,39.318611,true,https://rds.icimod.org/Home/DataDetail?metadataId=3347,Spatial extent overlaps Nepal; Recent temporal coverage (≥2020)
276,101,high,3477,5b3bc1d4-45ba-46df-8f01-1fc27f32144e,Mean Precipitation of April for Hindu Kush Himalayan (HKH) Region,real-time weather / forecast,weather_climate,Grid,1000000,2026-05-08t18:14:59.000z,2026-05-08t18:14:59.000z,As needed,"The content of this website can be accessed, printed and downloaded in an unaltered form (altered including being stretc",ICIMOD,2007-09-24,1631,Mean Precipitation; Climate; HKH Region; Hindu Kush Himalayan Region; Climatology; meteorology; atmosphere,60.853848,15.9578,105.044632,39.318611,true,https://rds.icimod.org/Home/DataDetail?metadataId=3477,Spatial extent overlaps Nepal; Recent temporal coverage (≥2020)
277,101,high,2169,ad74e849-490c-4a04-9b9d-c6ddc61261ca,Mean Precipitation of May for Hindu Kush Himalayan (HKH) Region,real-time weather / forecast,weather_climate,Grid,1000000,2026-05-08t18:14:59.000z,2026-05-08t18:14:59.000z,As needed,"The content of this website can be accessed, printed and downloaded in an unaltered form (altered including being stretc",ICIMOD,2008-08-03T15:46:00,1161,Mean Precipitation; Climate; HKH Region; Hindu Kush Himalayan Region; Climatology; meteorology; atmosphere,60.853848,15.9578,105.044632,39.318611,true,https://rds.icimod.org/Home/DataDetail?metadataId=2169,Spatial extent overlaps Nepal; Recent temporal coverage (≥2020)
278,101,high,1629,f7ae5b49-abfd-4f03-9475-6dd6b6297582,Annual Mean Precipitation for Hindu Kush Himalayan (HKH) Region,real-time weather / forecast,weather_climate,Grid,1000000,2026-05-08t18:14:59.000z,2026-05-08t18:14:59.000z,As needed,"The content of this website can be accessed, printed and downloaded in an unaltered form (altered including being stretc",ICIMOD,2007-09-24,1568,Mean Precipitation; Climate; HKH Region; Hindu Kush Himalayan Region; Climatology; meteorology; atmosphere,60.853848,15.9578,105.044632,39.318611,true,https://rds.icimod.org/Home/DataDetail?metadataId=1629,Spatial extent overlaps Nepal; Recent temporal coverage (≥2020)
279,101,high,2346,a2c9b081-fdcc-499d-a4a4-0b65ae509c43,Mean Precipitation of July for Hindu Kush Himalayan (HKH) Region,real-time weather / forecast,weather_climate,Grid,1000000,2026-05-08t18:14:59.000z,2026-05-08t18:14:59.000z,As needed,"The content of this website can be accessed, printed and downloaded in an unaltered form (altered including being stretc",ICIMOD,2008-08-03T15:43:00,1401,Mean Precipitation; Climate; HKH Region; Hindu Kush Himalayan Region; Climatology; meteorology; atmosphere,60.853848,15.9578,105.044632,39.318611,true,https://rds.icimod.org/Home/DataDetail?metadataId=2346,Spatial extent overlaps Nepal; Recent temporal coverage (≥2020)
280,100,high,3462,ed677e2e-adf4-4845-bf32-71b19fab02c2,Mean Temperature of February for Hindu Kush Himalayan (HKH) Region,real-time weather / forecast,weather_climate,Grid,1000000,2026-05-08t18:14:59.000z,2026-05-08t18:14:59.000z,As needed,"The content of this website can be accessed, printed and downloaded in an unaltered form (altered including being stretc",ICIMOD,2008-08-03T15:56:00,1563,Mean Temperature; Climate; HKH Region; Hindu Kush Himalayan Region; Climatology; meteorology; atmosphere,60.853848,15.9578,105.044632,39.318611,true,https://rds.icimod.org/Home/DataDetail?metadataId=3462,Spatial extent overlaps Nepal; Recent temporal coverage (≥2020)
281,100,high,844,15f83b3c-52c0-44d3-8264-451ba0a0be4d,Mean Temperature of September for Hindu Kush Himalayan (HKH) Region,real-time weather / forecast,weather_climate,Grid,1000000,2026-05-08t18:14:59.000z,2026-05-08t18:14:59.000z,As needed,"The content of this website can be accessed, printed and downloaded in an unaltered form (altered including being stretc",ICIMOD,2007-09-24,1440,Mean Temperature; Climate; HKH Region; Hindu Kush Himalayan Region; Climatology; meteorology; atmosphere,60.853848,15.9578,105.044632,39.318611,true,https://rds.icimod.org/Home/DataDetail?metadataId=844,Spatial extent overlaps Nepal; Recent temporal coverage (≥2020)
282,100,high,1699,1780ef9d-8f50-47d2-8c86-d4253c481448,Mean Temperature of August for Hindu Kush Himalayan (HKH) Region,real-time weather / forecast,weather_climate,Grid,1000000,2026-05-08t18:14:59.000z,2026-05-08t18:14:59.000z,As needed,"The content of this website can be accessed, printed and downloaded in an unaltered form (altered including being stretc",ICIMOD,2008-08-03T15:32:00,1595,Mean Temperature; Climate; HKH Region; Hindu Kush Himalayan Region; Climatology; meteorology; atmosphere,60.853848,15.9578,105.044632,39.318611,true,https://rds.icimod.org/Home/DataDetail?metadataId=1699,Spatial extent overlaps Nepal; Recent temporal coverage (≥2020)
283,100,high,454,453a3b2b-a1fb-492b-8b99-5678d1d9ab98,Mean Temperature of November for Hindu Kush Himalayan (HKH) Region,real-time weather / forecast,weather_climate,Grid,1000000,2026-05-08t18:14:59.000z,2026-05-08t18:14:59.000z,As needed,"The content of this website can be accessed, printed and downloaded in an unaltered form (altered including being stretc",ICIMOD,2007-09-24,1553,Mean Temperature; Climate; HKH Region; Hindu Kush Himalayan Region; Climatology; meteorology; atmosphere,60.853848,15.9578,105.044632,39.318611,true,https://rds.icimod.org/Home/DataDetail?metadataId=454,Spatial extent overlaps Nepal; Recent temporal coverage (≥2020)
284,100,high,3725,11c7bbc9-ad47-4f58-9c6b-bf7b01b61bdf,Mean Temperature of October for Hindu Kush Himalayan (HKH) Region,real-time weather / forecast,weather_climate,Grid,1000000,2026-05-08t18:14:59.000z,2026-05-08t18:14:59.000z,As needed,"The content of this website can be accessed, printed and downloaded in an unaltered form (altered including being stretc",ICIMOD,2007-09-24,1699,Mean Temperature; Climate; HKH Region; Hindu Kush Himalayan Region; Climatology; meteorology; atmosphere,60.853848,15.9578,105.044632,39.318611,true,https://rds.icimod.org/Home/DataDetail?metadataId=3725,Spatial extent overlaps Nepal; Recent temporal coverage (≥2020)
285,100,high,1181,cb9df381-d83a-4f9c-8065-04b09d4e80e3,Mean Temperature of January for Hindu Kush Himalayan (HKH) Region,real-time weather / forecast,weather_climate,Grid,1000000,2026-05-08t18:14:59.000z,2026-05-08t18:14:59.000z,As needed,"The content of this website can be accessed, printed and downloaded in an unaltered form (altered including being stretc",ICIMOD,2008-08-03T15:11:00,1559,Mean Temperature; Climate; HKH Region; Hindu Kush Himalayan Region; Climatology; meteorology; atmosphere,60.853848,15.9578,105.044632,39.318611,true,https://rds.icimod.org/Home/DataDetail?metadataId=1181,Spatial extent overlaps Nepal; Recent temporal coverage (≥2020)
286,100,high,7,5a57b964-9e09-45fd-926e-788664030aef,Mean Temperature of December for Hindu Kush Himalayan (HKH) Region,real-time weather / forecast,weather_climate,Grid,1000000,2026-05-08t18:14:59.000z,2026-05-08t18:14:59.000z,As needed,"The content of this website can be accessed, printed and downloaded in an unaltered form (altered including being stretc",ICIMOD,2008-08-03T14:22:00,1806,Mean Temperature; Climate; HKH Region; Hindu Kush Himalayan Region; Climatology; meteorology; atmosphere,60.853848,15.9578,105.044632,39.318611,true,https://rds.icimod.org/Home/DataDetail?metadataId=7,Spatial extent overlaps Nepal; Recent temporal coverage (≥2020)
287,100,high,331,84750f8f-895b-4d6c-af72-46eee9026022,Mean Temperature of March for Hindu Kush Himalayan (HKH) Region,real-time weather / forecast,weather_climate,Grid,1000000,2026-05-08t18:14:59.000z,2026-05-08t18:14:59.000z,As needed,"The content of this website can be accessed, printed and downloaded in an unaltered form (altered including being stretc",ICIMOD,2007-09-24,1634,Mean Temperature; Climate; HKH Region; Hindu Kush Himalayan Region; Climatology; meteorology; atmosphere,60.853848,15.9578,105.044632,39.318611,true,https://rds.icimod.org/Home/DataDetail?metadataId=331,Spatial extent overlaps Nepal; Recent temporal coverage (≥2020)
288,100,high,461,28621162-a965-4868-85a0-a37f9ac2ad20,Mean Temperature of July for Hindu Kush Himalayan (HKH) Region,real-time weather / forecast,weather_climate,Grid,1000000,2026-05-08t18:14:59.000z,2026-05-08t18:14:59.000z,As needed,"The content of this website can be accessed, printed and downloaded in an unaltered form (altered including being stretc",ICIMOD,2007-09-21,1564,Mean Temperature; Climate; HKH Region; Hindu Kush Himalayan Region; Climatology; meteorology; atmosphere,60.853848,15.9578,105.044632,39.318611,true,https://rds.icimod.org/Home/DataDetail?metadataId=461,Spatial extent overlaps Nepal; Recent temporal coverage (≥2020)
289,100,high,1873,31541eb3-15bd-438d-8049-fc85cf57e09a,Mean Temperature of April for Hindu Kush Himalayan (HKH) Region,real-time weather / forecast,weather_climate,Grid,1000000,2026-05-08t18:14:59.000z,2026-05-08t18:14:59.000z,As needed,"The content of this website can be accessed, printed and downloaded in an unaltered form (altered including being stretc",ICIMOD,2007-09-24,1273,Mean Temperature; Climate; HKH Region; Hindu Kush Himalayan Region; Climatology; meteorology; atmosphere,60.853848,15.9578,105.044632,39.318611,true,https://rds.icimod.org/Home/DataDetail?metadataId=1873,Spatial extent overlaps Nepal; Recent temporal coverage (≥2020)
290,100,high,468,68d8fe37-9fad-4b24-96c5-f19aacff26d8,Mean Temperature of June for Hindu Kush Himalayan (HKH) Region,real-time weather / forecast,weather_climate,Grid,1000000,2026-05-08t18:14:59.000z,2026-05-08t18:14:59.000z,As needed,"The content of this website can be accessed, printed and downloaded in an unaltered form (altered including being stretc",ICIMOD,2007-09-24,1218,Mean Temperature; Climate; HKH Region; Hindu Kush Himalayan Region; Climatology; meteorology; atmosphere,60.853848,15.9578,105.044632,39.318611,true,https://rds.icimod.org/Home/DataDetail?metadataId=468,Spatial extent overlaps Nepal; Recent temporal coverage (≥2020)
291,100,high,2993,369221f6-04fd-48ba-838b-d834207871a1,Mean Temperature of May for Hindu Kush Himalayan (HKH) Region,real-time weather / forecast,weather_climate,Grid,1000000,2026-05-08t18:14:59.000z,2026-05-08t18:14:59.000z,As needed,"The content of this website can be accessed, printed and downloaded in an unaltered form (altered including being stretc",ICIMOD,2007-09-24,1572,Mean Temperature; Climate; HKH Region; Hindu Kush Himalayan Region; Climatology; meteorology; atmosphere,60.853848,15.9578,105.044632,39.318611,true,https://rds.icimod.org/Home/DataDetail?metadataId=2993,Spatial extent overlaps Nepal; Recent temporal coverage (≥2020)
292,100,high,19590,8b3a6898-1645-44a3-9a21-0e55c5ddd0ab,Land cover of Nepal 2000,terrain / base map,terrain_landcover; remote_sensing,,30 m,2026-05-08t18:14:59.000z,2026-05-08t18:14:59.000z,As needed,"Creative Commons Attribution 4.0 International (CC BY 4.0) | The SERVIR Project, NASA, USAID and ICIMOD make no express ",ICIMOD,2014-10-31,5609,Land cover; Land use; servircat; icimod-servir; Nepal; Geoscientific information,80.0522,26.36836,88.19456,30.42472,true,https://rds.icimod.org/Home/DataDetail?metadataId=19590,Spatial extent overlaps Nepal; Explicitly mentions Nepal; Recent temporal coverage (≥2020); Open license (CC BY)
293,100,high,20553,e60a9cb4-3ee1-47b1-aff8-7e8378a55d6d,Land cover of Koshi Basin 2010,flood / water context,hydrology; terrain_landcover; remote_sensing,,30 m,2026-05-08t18:14:59.000z,2026-05-08t18:14:59.000z,Not planned,Creative Commons Attribution 4.0 International (CC BY 4.0),ICIMOD,2015-03-16,8407,Land cover; Land use; Basin; Nepal; Koshi; Geoscientific information,84.9956,25.3208,88.9677,29.1398,true,https://rds.icimod.org/Home/DataDetail?metadataId=20553,Spatial extent overlaps Nepal; Explicitly mentions Nepal; Recent temporal coverage (≥2020); Open license (CC BY)
294,99,high,23574,a5846a23-df32-4e0d-a9d0-35616c641f8c,Digital Elevation Model of the Kangchenjunga Landscape,terrain / base map,terrain_landcover,Grid,100000,2026-05-08t18:14:59.000z,2026-05-08t18:14:59.000z,As needed,Creative Commons Attribution 4.0 International (CC BY 4.0),ICIMOD,2015-10-12,2303,Digital Elevation Model; Ecosystems; Landscape; Biodiversity; Kangchenjunga Landscape; Bhutan; India; Nepal; Economy,87.50316,26.33353,90.04066,28.13953,true,https://rds.icimod.org/Home/DataDetail?metadataId=23574,Spatial extent overlaps Nepal; Explicitly mentions Nepal; Recent temporal coverage (≥2020); Open license (CC BY)
295,98,high,33804,51640abb-b683-42b2-82da-5a3fbbea48d9,"Flood data of Nepal on Aug 21, 2017",route hazard / safety,hazard; hydrology; route_context; remote_sensing,,30 m,2017-08-20t18:15:00.000z,2017-08-20t18:15:00.000z,As needed,Creative Commons Attribution 4.0 International (CC BY 4.0),ICIMOD,2017-08-21,3088,Flood2017; Sentinel-1; River; Water area; Nepal; Terai; Koshi; Geoscientific information,85.1128,26.249,87.7436,27.3586,true,https://rds.icimod.org/Home/DataDetail?metadataId=33804,Spatial extent overlaps Nepal; Explicitly mentions Nepal; Open license (CC BY)
296,98,high,33614,8d97f509-a256-4e80-bf39-223b534a73fa,"Flood data of Nepal on Aug 11, 2017",route hazard / safety,hazard; hydrology; route_context; remote_sensing,,30 m,2017-08-10t18:15:00.000z,2017-08-10t18:15:00.000z,As needed,Creative Commons Attribution 4.0 International (CC BY 4.0),ICIMOD,2017-08-11,3095,Flood2017; Sentinel-1; River; Water area; Nepal; Terai; Koshi; Geoscientific information,85.1128,26.249,87.7436,27.3586,true,https://rds.icimod.org/Home/DataDetail?metadataId=33614,Spatial extent overlaps Nepal; Explicitly mentions Nepal; Open license (CC BY)
297,98,high,33616,5630a845-f20d-4731-8ed1-25cdd254715a,"Flood data of Nepal on Aug 13, 2017",route hazard / safety,hazard; hydrology; route_context; remote_sensing,,30 m,2017-08-12t18:15:00.000z,2017-08-12t18:15:00.000z,As needed,Creative Commons Attribution 4.0 International (CC BY 4.0),ICIMOD,2017-08-13,2346,Flood2017; Sentinel-1; River; Water area; Nepal; Terai; Koshi; Geoscientific information,82.19106,25.7472,85.0451,27.6727,true,https://rds.icimod.org/Home/DataDetail?metadataId=33616,Spatial extent overlaps Nepal; Explicitly mentions Nepal; Open license (CC BY)
298,98,high,23018,a83f1889-c001-46e0-9002-defa46aaf2e9,"Forest cover of Sarlahi, Nepal for 2013",satellite validation,remote_sensing,Grid,100000,2026-05-08t18:14:59.000z,2026-05-08t18:14:59.000z,As needed,"Creative Commons Attribution 4.0 International (CC BY 4.0) | Users are permitted to copy, use, adapt, and redistribute S","ICIMOD, SERVIR Himalaya",2013-11-30,41786,Forest loss; forest hotspots; servircat; icimod-servir; geo-biodiversity; Sarlahi; Nepal; Geoscientific information,85.321825,26.741569,85.815792,27.195414,true,https://rds.icimod.org/Home/DataDetail?metadataId=23018,Spatial extent overlaps Nepal; Explicitly mentions Nepal; Recent temporal coverage (≥2020); Open license (CC BY); High portal popularity
299,98,high,33640,0eb94a24-5ecd-4040-9118-3c4b52c38354,"Flood data of Bangladesh on Aug 15, 2017",route hazard / safety,hazard; hydrology; route_context; remote_sensing,,30 m,2017-08-14t18:15:00.000z,2017-08-14t18:15:00.000z,As needed,Creative Commons Attribution 4.0 International (CC BY 4.0),ICIMOD,2017-08-15,2954,Flood2017; Sentinel-1; River; Water area; Bangladesh; Jamuna; Padma; Nepal; Koshi; Geoscientific information,86.2495,24.8567,89.3376,28.3043,true,https://rds.icimod.org/Home/DataDetail?metadataId=33640,Spatial extent overlaps Nepal; Explicitly mentions Nepal; Open license (CC BY)
300,98,high,36005,0c5e92e9-f67d-4bd9-87ee-31548e4639e2,Soil loss in Nepal 2000,route hazard / safety,hazard; hydrology; terrain_landcover; remote_sensing,Grid,100000,2026-05-08t18:14:59.000z,2026-05-08t18:14:59.000z,As needed,"The SERVIR Project, NASA, USAID and ICIMOD make no express or implied warranty of this data as to the merchantability or",ICIMOD,2019-06-26,5657,Soil Erosion; Soil Loss; Landsat; Rulse; icimod-servir; servircat; Nepal; HKH; Geoscientific information,79.98869,26.326993,88.335946,30.467731,true,https://rds.icimod.org/Home/DataDetail?metadataId=36005,Spatial extent overlaps Nepal; Explicitly mentions Nepal; Recent temporal coverage (≥2020)
301,98,high,36006,c81fd7cd-011e-4179-80b7-d048545e93a5,Soil loss in Nepal 2010,route hazard / safety,hazard; hydrology; terrain_landcover; remote_sensing,Grid,100000,2026-05-08t18:14:59.000z,2026-05-08t18:14:59.000z,As needed,"The SERVIR Project, NASA, USAID and ICIMOD make no express or implied warranty of this data as to the merchantability or",ICIMOD,2019-06-26,4326,Soil Erosion; Soil Loss; Landsat; Rulse; icimod-servir; servircat; Nepal; HKH; Geoscientific information,79.98869,26.326993,88.335946,30.467731,true,https://rds.icimod.org/Home/DataDetail?metadataId=36006,Spatial extent overlaps Nepal; Explicitly mentions Nepal; Recent temporal coverage (≥2020)
302,97,high,17457,3d1d0917-ff0f-4019-8b92-10f5d449aa2d,"Hydrological Data of HYCOS Precipitation Station at Lalon Shah Bridge, Bangladesh.",real-time weather / forecast,weather_climate; hazard,,,2011-01-17t02:45:00.000z,2013-01-31t06:00:00.000z,As needed,,ICIMOD,2014-10-29,1444,HYCOS; Flood; Rainfall; Water Level; Hydrological; Precipitation; Bangladesh; Lalol Shah Bridge; Climatology; meteorology; atmosphere,89.022788888889,24.06351,89.02279,24.06351,false,https://rds.icimod.org/Home/DataDetail?metadataId=17457,Spatial extent overlaps HKH region
303,97,high,26082,17e982f2-4dfd-4876-98cc-d15848255bbb,Impacts of decadal winter season evapotranspiration on forest ecosystems in Chitwan Annapurna Landscape (CHAL),real-time weather / forecast,weather_climate,Vector,,2014-10-14t18:15:00.000z,2015-08-09t18:15:00.000z,As needed,"Creative Commons Attribution 4.0 International (CC BY 4.0) | The SERVIR Project, NASA, USAID and ICIMOD make no express ",ICIMOD,2015-08-14,40751,Climate Change Vulnerability; Sensitivity; Evapotranspiration; servircat; icimod-servir; geo-biodiversity; Chitwan Annapurna Landscape; Nepal; Geoscientific information,82.8785,27.346,85.8001,29.3312,true,https://rds.icimod.org/Home/DataDetail?metadataId=26082,Spatial extent overlaps Nepal; Explicitly mentions Nepal; Open license (CC BY); High portal popularity
304,97,high,26083,bbba87b2-8e3a-4777-ac2c-e126dd13d6aa,Impacts of evapotranspiration on forest ecosystems in Chitwan Annapurna Landscape (CHAL),real-time weather / forecast,weather_climate,Vector,,2014-10-14t18:15:00.000z,2015-08-09t18:15:00.000z,As needed,"Creative Commons Attribution 4.0 International (CC BY 4.0) | The SERVIR Project, NASA, USAID and ICIMOD make no express ",ICIMOD,2015-08-14,44402,Climate Change Vulnerability; Sensitivity; Evapotranspiration; servircat; icimod-servir; geo-biodiversity; Chitwan Annapurna Landscape; Nepal; Geoscientific information,82.8785,27.346,85.8001,29.3312,true,https://rds.icimod.org/Home/DataDetail?metadataId=26083,Spatial extent overlaps Nepal; Explicitly mentions Nepal; Open license (CC BY); High portal popularity
305,97,high,26105,2399bd93-dd4b-44e4-827d-d24448842406,Impacts of mean net primary product on forest ecosystems in Chitwan Annapurna Landscape (CHAL),real-time weather / forecast,weather_climate,Vector,,2014-10-14t18:15:00.000z,2015-08-09t18:15:00.000z,As needed,"Creative Commons Attribution 4.0 International (CC BY 4.0) | The SERVIR Project, NASA, USAID and ICIMOD make no express ",ICIMOD,2015-08-14,44912,Climate Change Vulnerability; Sensitivity; servircat; icimod-servir; geo-biodiversity; Chitwan Annapurna Landscape; Nepal; Geoscientific information,82.8785,27.346,85.8001,29.3312,true,https://rds.icimod.org/Home/DataDetail?metadataId=26105,Spatial extent overlaps Nepal; Explicitly mentions Nepal; Open license (CC BY); High portal popularity
306,97,high,26086,ce884915-95bd-47b9-ac7d-bf6ce0e74e59,Impacts of decadal rainy season forest fire on forest ecosystems in Chitwan Annapurna Landscape (CHAL),real-time weather / forecast,weather_climate,Vector,,2014-10-14t18:15:00.000z,2015-08-09t18:15:00.000z,As needed,"Creative Commons Attribution 4.0 International (CC BY 4.0) | The SERVIR Project, NASA, USAID and ICIMOD make no express ",ICIMOD,2015-08-14,44582,Climate Change Vulnerability; Sensitivity; Forest Fire; servircat; icimod-servir; geo-biodiversity; Chitwan Annapurna Landscape; Nepal; Geoscientific information,82.8785,27.346,85.8001,29.3312,true,https://rds.icimod.org/Home/DataDetail?metadataId=26086,Spatial extent overlaps Nepal; Explicitly mentions Nepal; Open license (CC BY); High portal popularity
307,97,high,26049,e6fe0186-aedc-4faa-bd61-f55af7b28790,Bioclimatic variables of 2010 in Chitwan Annapurna Landscape (CHAL),real-time weather / forecast,weather_climate,Vector,,2014-10-14t18:15:00.000z,2015-08-09t18:15:00.000z,As needed,"Creative Commons Attribution 4.0 International (CC BY 4.0) | The SERVIR Project, NASA, USAID and ICIMOD make no express ",ICIMOD,2015-08-14,44424,Climate Change Vulnerability; Forest Dependence; Forest; BioClimate; Exposure servircat; icimod-servir; geo-biodiversity; Chitwan Annapurna Landscape; Nepal; Geoscientific information,82.8785,27.346,85.8001,29.3312,true,https://rds.icimod.org/Home/DataDetail?metadataId=26049,Spatial extent overlaps Nepal; Explicitly mentions Nepal; Open license (CC BY); High portal popularity
308,97,high,26072,04410d4d-01b6-4204-9b0f-984f7eadd6c2,Impacts of tree density on forest ecosystems in Chitwan Annapurna Landscape (CHAL),real-time weather / forecast,weather_climate,Vector,,2014-10-14t18:15:00.000z,2015-08-09t18:15:00.000z,As needed,"Creative Commons Attribution 4.0 International (CC BY 4.0) | The SERVIR Project, NASA, USAID and ICIMOD make no express ",ICIMOD,2015-08-14,44503,Climate Change Vulnerability; Forest Dependence; Forest Vulnerability; servircat; icimod-servir; geo-biodiversity; Chitwan Annapurna Landscape; Nepal; Geoscientific information,82.8785,27.346,85.8001,29.3312,true,https://rds.icimod.org/Home/DataDetail?metadataId=26072,Spatial extent overlaps Nepal; Explicitly mentions Nepal; Open license (CC BY); High portal popularity
309,97,high,26092,3d8eacf3-0f2a-469f-9b19-cfd00b3f9fe4,Impacts of decadal winter season gross primary product on forest ecosystems in Chitwan Annapurna Landscape (CHAL),real-time weather / forecast,weather_climate,Vector,,2014-10-14t18:15:00.000z,2015-08-09t18:15:00.000z,As needed,"Creative Commons Attribution 4.0 International (CC BY 4.0) | The SERVIR Project, NASA, USAID and ICIMOD make no express ",ICIMOD,2015-08-14,44685,Climate Change Vulnerability; Sensitivity; servircat; icimod-servir; geo-biodiversity; Chitwan Annapurna Landscape; Nepal; Geoscientific information,82.8785,27.346,85.8001,29.3312,true,https://rds.icimod.org/Home/DataDetail?metadataId=26092,Spatial extent overlaps Nepal; Explicitly mentions Nepal; Open license (CC BY); High portal popularity
310,97,high,26080,cfb62d54-5098-479f-948f-13266226e1ee,Impacts of decadal summer season evapotranspiration on forest ecosystems in Chitwan Annapurna Landscape (CHAL),real-time weather / forecast,weather_climate,Vector,,2014-10-14t18:15:00.000z,2015-08-09t18:15:00.000z,As needed,"Creative Commons Attribution 4.0 International (CC BY 4.0) | The SERVIR Project, NASA, USAID and ICIMOD make no express ",ICIMOD,2015-08-14,41875,Climate Change Vulnerability; Sensitivity; Evapotranspiration; servircat; icimod-servir; geo-biodiversity; Chitwan Annapurna Landscape; Nepal; Geoscientific information,82.8785,27.346,85.8001,29.3312,true,https://rds.icimod.org/Home/DataDetail?metadataId=26080,Spatial extent overlaps Nepal; Explicitly mentions Nepal; Open license (CC BY); High portal popularity
311,97,high,26103,425c07bb-832d-497e-9138-dc8c1b50a6c0,Impacts of mean Leaf Area Index on forest ecosystems in Chitwan Annapurna Landscape (CHAL),real-time weather / forecast,weather_climate,Vector,,2014-10-14t18:15:00.000z,2015-08-09t18:15:00.000z,As needed,"Creative Commons Attribution 4.0 International (CC BY 4.0) | The SERVIR Project, NASA, USAID and ICIMOD make no express ",ICIMOD,2015-08-14,45804,Climate Change Vulnerability; Sensitivity; servircat; icimod-servir; geo-biodiversity; Chitwan Annapurna Landscape; Nepal; Geoscientific information,82.8785,27.346,85.8001,29.3312,true,https://rds.icimod.org/Home/DataDetail?metadataId=26103,Spatial extent overlaps Nepal; Explicitly mentions Nepal; Open license (CC BY); High portal popularity
312,97,high,26075,f316508d-ec6c-4e47-9c9e-ccf0196f02a6,Impacts of decadal summer season albedo on forest ecosystems in Chitwan Annapurna Landscape (CHAL),real-time weather / forecast,weather_climate,Vector,,2014-10-14t18:15:00.000z,2015-08-09t18:15:00.000z,As needed,"Creative Commons Attribution 4.0 International (CC BY 4.0) | The SERVIR Project, NASA, USAID and ICIMOD make no express ",ICIMOD,2015-08-14,45619,Climate Change Vulnerability; Sensitivity; servircat; icimod-servir; geo-biodiversity; Chitwan Annapurna Landscape; Nepal; Geoscientific information,82.8785,27.346,85.8001,29.3312,true,https://rds.icimod.org/Home/DataDetail?metadataId=26075,Spatial extent overlaps Nepal; Explicitly mentions Nepal; Open license (CC BY); High portal popularity
313,97,high,26078,a8ef0e09-ed45-43bc-b86c-3fda05ecc319,Impacts of albedo on forest ecosystems in Chitwan Annapurna Landscape (CHAL),real-time weather / forecast,weather_climate,Vector,,2014-10-14t18:15:00.000z,2015-08-09t18:15:00.000z,As needed,"Creative Commons Attribution 4.0 International (CC BY 4.0) | The SERVIR Project, NASA, USAID and ICIMOD make no express ",ICIMOD,2015-08-14,41094,Climate Change Vulnerability; Sensitivity; servircat; icimod-servir; geo-biodiversity; Chitwan Annapurna Landscape; Nepal; Geoscientific information,82.8785,27.346,85.8001,29.3312,true,https://rds.icimod.org/Home/DataDetail?metadataId=26078,Spatial extent overlaps Nepal; Explicitly mentions Nepal; Open license (CC BY); High portal popularity
314,97,high,26081,c801e179-c32e-40a5-b2b2-3dd1a3696c3a,Impacts of decadal rainy season evapotranspiration on forest ecosystems in Chitwan Annapurna Landscape (CHAL),real-time weather / forecast,weather_climate,Vector,,2014-10-14t18:15:00.000z,2015-08-09t18:15:00.000z,As needed,"Creative Commons Attribution 4.0 International (CC BY 4.0) | The SERVIR Project, NASA, USAID and ICIMOD make no express ",ICIMOD,2015-08-14,44054,Climate Change Vulnerability; Sensitivity; Evapotranspiration; servircat; icimod-servir; geo-biodiversity; Chitwan Annapurna Landscape; Nepal; Geoscientific information,82.8785,27.346,85.8001,29.3312,true,https://rds.icimod.org/Home/DataDetail?metadataId=26081,Spatial extent overlaps Nepal; Explicitly mentions Nepal; Open license (CC BY); High portal popularity
315,97,high,26067,f7084569-6a25-4a45-9c0a-404d290f51aa,Impacts of Leaf Area Index(LAI) change on forest ecosystems in Chitwan Annapurna Landscape (CHAL),real-time weather / forecast,weather_climate,Vector,,2014-10-14t18:15:00.000z,2015-08-09t18:15:00.000z,As needed,"Creative Commons Attribution 4.0 International (CC BY 4.0) | The SERVIR Project, NASA, USAID and ICIMOD make no express ",ICIMOD,2015-08-14,43917,Climate Change Vulnerability; Forest Dependence; Forest Vulnerability; servircat; icimod-servir; geo-biodiversity; Chitwan Annapurna Landscape; Nepal; Geoscientific information,82.8785,27.346,85.8001,29.3312,true,https://rds.icimod.org/Home/DataDetail?metadataId=26067,Spatial extent overlaps Nepal; Explicitly mentions Nepal; Open license (CC BY); High portal popularity
316,97,high,26074,b2accb81-4c87-41df-bcd9-cdd01769a088,Human dependence on forest ecosystems in Chitwan Annapurna Landscape (CHAL),real-time weather / forecast,weather_climate,Vector,,2014-10-14t18:15:00.000z,2015-08-09t18:15:00.000z,As needed,"Creative Commons Attribution 4.0 International (CC BY 4.0) | The SERVIR Project, NASA, USAID and ICIMOD make no express ",ICIMOD,2015-08-14,44704,Climate Change Vulnerability; Forest Dependence; Human Dependence; servircat; icimod-servir; geo-biodiversity; Chitwan Annapurna Landscape; Nepal; Geoscientific information,82.8785,27.346,85.8001,29.3312,true,https://rds.icimod.org/Home/DataDetail?metadataId=26074,Spatial extent overlaps Nepal; Explicitly mentions Nepal; Open license (CC BY); High portal popularity
317,97,high,26101,3837475d-8b52-4308-bb0a-33e684cb6e1f,Impacts of decadal rainy season Leaf Area Index on forest ecosystems in Chitwan Annapurna Landscape (CHAL),real-time weather / forecast,weather_climate,Vector,,2014-10-14t18:15:00.000z,2015-08-09t18:15:00.000z,As needed,"Creative Commons Attribution 4.0 International (CC BY 4.0) | The SERVIR Project, NASA, USAID and ICIMOD make no express ",ICIMOD,2015-08-14,44555,Climate Change Vulnerability; Sensitivity; servircat; icimod-servir; geo-biodiversity; Chitwan Annapurna Landscape; Nepal; Geoscientific information,82.8785,27.346,85.8001,29.3312,true,https://rds.icimod.org/Home/DataDetail?metadataId=26101,Spatial extent overlaps Nepal; Explicitly mentions Nepal; Open license (CC BY); High portal popularity
318,97,high,26088,40ec51d7-be87-4dd6-9d4c-5c9d01d88688,Impacts of forest fire on forest ecosystems in Chitwan Annapurna Landscape (CHAL),real-time weather / forecast,weather_climate,Vector,,2014-10-14t18:15:00.000z,2015-08-09t18:15:00.000z,As needed,"Creative Commons Attribution 4.0 International (CC BY 4.0) | The SERVIR Project, NASA, USAID and ICIMOD make no express ",ICIMOD,2015-08-14,44404,Climate Change Vulnerability; Sensitivity; Forest Fire; servircat; icimod-servir; geo-biodiversity; Chitwan Annapurna Landscape; Nepal; Geoscientific information,82.8785,27.346,85.8001,29.3312,true,https://rds.icimod.org/Home/DataDetail?metadataId=26088,Spatial extent overlaps Nepal; Explicitly mentions Nepal; Open license (CC BY); High portal popularity
319,97,high,26064,8200e21d-b89b-4b96-93ea-c870d822433f,Impacts of albedo change on forest ecosystems in Chitwan Annapurna Landscape (CHAL),real-time weather / forecast,weather_climate,Vector,,2014-10-14t18:15:00.000z,2015-08-09t18:15:00.000z,As needed,"Creative Commons Attribution 4.0 International (CC BY 4.0) | The SERVIR Project, NASA, USAID and ICIMOD make no express ",ICIMOD,2015-08-14,44967,Climate Change Vulnerability; Forest Dependence; Forest; BioClimate; Exposure; servircat; icimod-servir; geo-biodiversity; Chitwan Annapurna Landscape; Nepal; Geoscientific information,82.8785,27.346,85.8001,29.3312,true,https://rds.icimod.org/Home/DataDetail?metadataId=26064,Spatial extent overlaps Nepal; Explicitly mentions Nepal; Open license (CC BY); High portal popularity
320,97,high,26076,e2a1230b-8a46-4373-84d7-305851ff8a73,Impacts of decadal rainy season albedo on forest ecosystems in Chitwan Annapurna Landscape (CHAL),real-time weather / forecast,weather_climate,Vector,,2014-10-14t18:15:00.000z,2015-08-09t18:15:00.000z,As needed,"Creative Commons Attribution 4.0 International (CC BY 4.0) | The SERVIR Project, NASA, USAID and ICIMOD make no express ",ICIMOD,2015-08-14,44788,Climate Change Vulnerability; Sensitivity; servircat; icimod-servir; geo-biodiversity; Chitwan Annapurna Landscape; Nepal; Geoscientific information,82.8785,27.346,85.8001,29.3312,true,https://rds.icimod.org/Home/DataDetail?metadataId=26076,Spatial extent overlaps Nepal; Explicitly mentions Nepal; Open license (CC BY); High portal popularity
321,97,high,26106,f58868ea-8f5b-4d84-9771-cf07add4f1a8,Impacts of net primary product on forest ecosystems in Chitwan Annapurna Landscape (CHAL),real-time weather / forecast,weather_climate,Vector,,2014-10-14t18:15:00.000z,2015-08-09t18:15:00.000z,As needed,"Creative Commons Attribution 4.0 International (CC BY 4.0) | The SERVIR Project, NASA, USAID and ICIMOD make no express ",ICIMOD,2015-08-14,45085,Climate Change Vulnerability; Sensitivity; servircat; icimod-servir; geo-biodiversity; Chitwan Annapurna Landscape; Nepal; Geoscientific information,82.8785,27.346,85.8001,29.3312,true,https://rds.icimod.org/Home/DataDetail?metadataId=26106,Spatial extent overlaps Nepal; Explicitly mentions Nepal; Open license (CC BY); High portal popularity
322,97,high,26062,9e2909cb-784e-4a52-a2fe-d46142674afc,Bioclimatic variables of 2050 in Chitwan Annapurna Landscape (CHAL),real-time weather / forecast,weather_climate,Vector,,2014-10-14t18:15:00.000z,2015-08-09t18:15:00.000z,As needed,"Creative Commons Attribution 4.0 International (CC BY 4.0) | The SERVIR Project, NASA, USAID and ICIMOD make no express ",ICIMOD,2015-08-14,44084,Climate Change Vulnerability; Forest Dependence; Forest; BioClimate; Exposure; servircat; icimod-servir; geo-biodiversity; Chitwan Annapurna Landscape; Nepal; Geoscientific information,82.8785,27.346,85.8001,29.3312,true,https://rds.icimod.org/Home/DataDetail?metadataId=26062,Spatial extent overlaps Nepal; Explicitly mentions Nepal; Open license (CC BY); High portal popularity
323,97,high,26077,47e48df5-353b-443a-a8ae-1f0b76a46e73,Impacts of decadal winter season albedo on forest ecosystems in Chitwan Annapurna Landscape (CHAL),real-time weather / forecast,weather_climate,Vector,,2014-10-14t18:15:00.000z,2015-08-09t18:15:00.000z,As needed,"Creative Commons Attribution 4.0 International (CC BY 4.0) | The SERVIR Project, NASA, USAID and ICIMOD make no express ",ICIMOD,2015-08-14,44927,Climate Change Vulnerability; Sensitivity; servircat; icimod-servir; geo-biodiversity; Chitwan Annapurna Landscape; Nepal; Geoscientific information,82.8785,27.346,85.8001,29.3312,true,https://rds.icimod.org/Home/DataDetail?metadataId=26077,Spatial extent overlaps Nepal; Explicitly mentions Nepal; Open license (CC BY); High portal popularity
324,97,high,26079,1c07a666-2d09-4ff7-9653-1762a43b54c2,Impacts of albedo on forest ecosystems in Chitwan Annapurna Landscape (CHAL),real-time weather / forecast,weather_climate,Vector,,2014-10-14t18:15:00.000z,2015-08-09t18:15:00.000z,As needed,"Creative Commons Attribution 4.0 International (CC BY 4.0) | The SERVIR Project, NASA, USAID and ICIMOD make no express ",ICIMOD,2015-08-14,40815,Climate Change Vulnerability; Sensitivity; servircat; icimod-servir; geo-biodiversity; Chitwan Annapurna Landscape; Nepal; Geoscientific information,82.8785,27.346,85.8001,29.3312,true,https://rds.icimod.org/Home/DataDetail?metadataId=26079,Spatial extent overlaps Nepal; Explicitly mentions Nepal; Open license (CC BY); High portal popularity
325,96,high,9190,e559f1df-81fb-41d6-b61e-5944de02818b,Slope Length Factor of Koshi Basin,route hazard / safety,hazard; hydrology; terrain_landcover,Grid,50000,2026-05-08t18:14:59.000z,2026-05-08t18:14:59.000z,As needed,"The content of this website can be accessed, printed and downloaded in an unaltered form (altered including being stretc",ICIMOD,2013-06-13T16:32:00,1117,Slope; Soil Erosion; Koshi Basin; Nepal; Environment,85.0238,25.3334,88.9502,29.1382,true,https://rds.icimod.org/Home/DataDetail?metadataId=9190,Spatial extent overlaps Nepal; Explicitly mentions Nepal; Recent temporal coverage (≥2020)
326,96,high,9194,4795fa9d-1fc0-4dba-98e2-0eeaebf180a2,Slope Steepness Factor of Koshi Basin,route hazard / safety,hazard; hydrology; terrain_landcover,Grid,50000,2026-05-08t18:14:59.000z,2026-05-08t18:14:59.000z,As needed,"The content of this website can be accessed, printed and downloaded in an unaltered form (altered including being stretc",ICIMOD,2013-06-13T09:15:00,2758,Soil Erosion; Slope Steepness; Koshi Basin; Nepal; Environment,85.0238,25.3334,88.9502,29.1382,true,https://rds.icimod.org/Home/DataDetail?metadataId=9194,Spatial extent overlaps Nepal; Explicitly mentions Nepal; Recent temporal coverage (≥2020)
327,96,high,1973697,a52f9272-37d8-4c9c-a51c-3ada5810a0d5,Hydropower potential in the upper Indus basin under future hydro-climatology,real-time weather / forecast,weather_climate; hazard; hydrology,"Text, table",,1978-12-31t18:30:00.000z,2018-12-30t18:15:00.000z,As needed,Creative Commons Attribution 4.0 International (CC BY 4.0),"ICIMOD, Uterecht University",2023-11-20,33065,future hydropower potential; sustainable hydropower; historical hydrology; theoretical potential; technical potential; financial potential; sustainable potential; climate change; Upper Indus; Afghanistan; India; Pakistan; Kabul; Swat; Indus Main; Jhelum; Chenab; Ravi; Beas; Satluj; Geoscientific information,67.5485,30.3234,82.4489,37.0838,true,https://rds.icimod.org/Home/DataDetail?metadataId=1973697,Spatial extent overlaps Nepal; Long temporal baseline (≥10 years); Open license (CC BY); High portal popularity
328,96,high,9870,9c9c4c4a-5554-4e3a-83e6-16d8858e5803,Digital Elevation Model(DEM) of Koshi,flood / water context,hydrology; terrain_landcover,Grid,90 m,2026-05-08t18:14:59.000z,2026-05-08t18:14:59.000z,As needed,"The content of this website can be accessed, printed and downloaded in an unaltered form (altered including being stretc",ICIMOD,2013-06-13T14:54:00,3922,DEM; Digital Elevation Model; SRTM; Koshi Basin,85.0238,25.3334,88.9502,29.1382,true,https://rds.icimod.org/Home/DataDetail?metadataId=9870,Spatial extent overlaps Nepal; Recent temporal coverage (≥2020)
329,96,high,1972507,68d6f554-b5f6-42a5-b0c3-d6422a45e0ca,AWS Yala Glacier,real-time weather / forecast,weather_climate; cryosphere,,,2016-05-06t18:15:00.000z,2019-11-18t18:15:00.000z,Annually,Creative Commons Attribution 4.0 International (CC BY 4.0),ICIMOD,2021-03-02,39319,precipitation; meteorology; Langtang; Nepal; Geoscientific information,85.618,28.2346,85.618,28.2346,true,https://rds.icimod.org/Home/DataDetail?metadataId=1972507,Spatial extent overlaps Nepal; Explicitly mentions Nepal; Open license (CC BY); High portal popularity
330,95,high,23212,03be6e91-b736-4456-a121-eda8a2d5b987,Road network data of East Rapti Watershed,route hazard / safety,hazard; hydrology; route_context,Vector,m,2026-05-08t18:14:59.000z,2026-05-08t18:14:59.000z,As needed,"Creative Commons Attribution 4.0 International (CC BY 4.0) | Users are permitted to copy, use, adapt, and redistribute S","ICIMOD, SERVIR Himalaya",2015-09-22,47199,Road Network; Transportation; Infrastructure; servircat; icimod-servir; East Rapti; Nepal; Geoscientific information,84.162234,27.37598,85.192987,27.696806,true,https://rds.icimod.org/Home/DataDetail?metadataId=23212,Spatial extent overlaps Nepal; Explicitly mentions Nepal; Recent temporal coverage (≥2020); Open license (CC BY); High portal popularity
331,95,high,23020,4ecd30a5-df88-4692-bfae-8b01a6b23bd7,"Forest loss of Sarlahi, Nepal between 2010 and 2013",satellite validation,remote_sensing,Vector,100000,2026-05-08t18:14:59.000z,2026-05-08t18:14:59.000z,As needed,"Creative Commons Attribution 4.0 International (CC BY 4.0) | Users are permitted to copy, use, adapt, and redistribute S","ICIMOD, SERVIR Himalaya",2013-11-30,41359,Forest loss; forest hotspots; servircat; icimod-servir; geo-biodiversity; Sarlahi; Nepal; Geoscientific information,85.321825,26.741569,85.815792,27.195414,true,https://rds.icimod.org/Home/DataDetail?metadataId=23020,Spatial extent overlaps Nepal; Explicitly mentions Nepal; Recent temporal coverage (≥2020); Open license (CC BY); High portal popularity
332,95,high,9038,b0fc30b2-cded-4c42-8a68-9b7b24cdb4a8,"Snow Cover area of Central Karakoram National Park (CKNP), Pakistan.",snowline / glacier context,cryosphere; route_context; remote_sensing,Vector,20000,2026-05-08t18:14:59.000z,2026-05-08t18:14:59.000z,As needed,Creative Commons Attribution 4.0 International (CC BY 4.0),ICIMOD,2007-08-28T14:09:00,2757,Cryosphere; Snow cover; Central Karakoram National Park; Pakistan; CKNP,74.381915,35.260958,76.714025,36.401338,false,https://rds.icimod.org/Home/DataDetail?metadataId=9038,Spatial extent overlaps HKH region; Recent temporal coverage (≥2020); Open license (CC BY)
333,95,high,23021,9a8da06b-ec9b-44ff-9701-02dffe0af5c7,"Forest loss of Sarlahi, Nepal between 2013 and 2014",satellite validation,remote_sensing,Vector,100000,2026-05-08t18:14:59.000z,2026-05-08t18:14:59.000z,As needed,"Creative Commons Attribution 4.0 International (CC BY 4.0) | Users are permitted to copy, use, adapt, and redistribute S","ICIMOD, SERVIR Himalaya",2014-11-30,41805,Forest loss; forest hotspots; servircat; icimod-servir; geo-biodiversity; Sarlahi; Nepal; Geoscientific information,85.321825,26.741569,85.815792,27.195414,true,https://rds.icimod.org/Home/DataDetail?metadataId=23021,Spatial extent overlaps Nepal; Explicitly mentions Nepal; Recent temporal coverage (≥2020); Open license (CC BY); High portal popularity
334,94,high,34426,36a5ff47-55dc-4ea9-a541-bc1f31d1f0eb,Landslide data of Koshi basin (within Nepal) of 2010 developed through remote sensing approach,route hazard / safety,hazard; hydrology; remote_sensing,,50000,2026-05-08t18:14:59.000z,2026-05-08t18:14:59.000z,Not planned,Creative Commons Attribution 4.0 International (CC BY 4.0),ICIMOD,2017-11-23,4493,Landslide; Nepal; Koshi; Geoscientific information,85.033,26.543,88.137,28.172,true,https://rds.icimod.org/Home/DataDetail?metadataId=34426,Spatial extent overlaps Nepal; Explicitly mentions Nepal; Recent temporal coverage (≥2020); Open license (CC BY)
335,94,high,2546,01c0e27c-68ce-4b63-a79b-434b1e8677f0,Public Services of Sagarmatha National Park (SNP) Nepal,snowline / glacier context,cryosphere; route_context,Vector,50000,2026-05-08t18:14:59.000z,2026-05-08t18:14:59.000z,As needed,Creative Commons Attribution 4.0 International (CC BY 4.0),ICIMOD,2011-07-08T13:58:00,1803,Public Service; Utilities; Sagarmatha National Park; Nepal; SNP; Location,86.513927,27.645707,86.985807,28.113354,true,https://rds.icimod.org/Home/DataDetail?metadataId=2546,Spatial extent overlaps Nepal; Explicitly mentions Nepal; Recent temporal coverage (≥2020); Open license (CC BY)
336,94,high,445,ca776de4-2ab2-4f0a-8873-2d6e3dfeb30c,Hotels and Lodges of Sagarmatha National Park (SNP) Nepal,route / travel UX,route_context,Vector,50000,2026-05-08t18:14:59.000z,2026-05-08t18:14:59.000z,As needed,Creative Commons Attribution 4.0 International (CC BY 4.0),ICIMOD,2011-07-08T13:47:00,1688,Hotel; Lodging; Sagarmatha National Park; Nepal; SNP; Location,86.513927,27.645707,86.985807,28.113354,true,https://rds.icimod.org/Home/DataDetail?metadataId=445,Spatial extent overlaps Nepal; Explicitly mentions Nepal; Recent temporal coverage (≥2020); Open license (CC BY)
337,94,high,23203,9ca56028-5cb7-4043-b557-d55af21eca31,"Flood hazard layers for different incremental discharge from 100mm to 420mm, and every 100% increase upto 1000%",route hazard / safety,hazard,Grid,m,2026-05-08t18:14:59.000z,2026-05-08t18:14:59.000z,As needed,"Creative Commons Attribution 4.0 International (CC BY 4.0) | Users are permitted to copy, use, adapt, and redistribute S","ICIMOD, SERVIR Himalaya",2015-09-22,45812,Hazard; Flood; servircat; icimod-servir; East Rapti; Nepal; Geoscientific information,84.15895,27.39518,85.17131,27.61884,true,https://rds.icimod.org/Home/DataDetail?metadataId=23203,Spatial extent overlaps Nepal; Explicitly mentions Nepal; Recent temporal coverage (≥2020); Open license (CC BY); High portal popularity
338,93,high,20617,3deb2b2f-89c6-4c74-a189-f1af7f48d02d,Soil Erosion/Loss of Koshi Basin,real-time weather / forecast,weather_climate; cryosphere; hazard; hydrology; remote_sensing,,30 m,2026-05-08t18:14:59.000z,2026-05-08t18:14:59.000z,As needed,,ICIMOD,2015-03-16,1201,Soil Loss; Erosion; Basin; Koshi; Geoscientific information,84.9955,25.3204,88.9677,29.1399,true,https://rds.icimod.org/Home/DataDetail?metadataId=20617,Spatial extent overlaps Nepal; Recent temporal coverage (≥2020)
339,93,high,8743,a80f7f29-d874-49d5-b508-24850a69edf9,Mountain Regions of Hindu Kush Himalayan (HKH) Region,terrain / base map,terrain_landcover,Grid,800 m,2026-05-08t18:14:59.000z,2026-05-08t18:14:59.000z,As needed,Creative Commons Attribution 4.0 International (CC BY 4.0),ICIMOD,2011-07-27T09:46:00,5699,Mountain; Topography; Hindu Kush Himalayan Region; HKH Region; Location,60.853848,15.9578,105.044632,39.318611,true,https://rds.icimod.org/Home/DataDetail?metadataId=8743,Spatial extent overlaps Nepal; Recent temporal coverage (≥2020); Open license (CC BY)
340,93,high,28309,9a88d21d-4690-415e-b165-d0ecda686173,Land cover of Eastern Himalayas 1975,terrain / base map,terrain_landcover; remote_sensing,Grid,30 m,2026-05-08t18:14:59.000z,2026-05-08t18:14:59.000z,Not planned,Creative Commons Attribution 4.0 International (CC BY 4.0),ICIMOD,2010-06-14,2978,Land cover; Landsat remote sensing; Eastern Himalayas; Nepal; India; China; Myanmar; Bhutan; Geoscientific information,82.700928,21.953674,100.308289,29.1382,true,https://rds.icimod.org/Home/DataDetail?metadataId=28309,Spatial extent overlaps Nepal; Explicitly mentions Nepal; Recent temporal coverage (≥2020); Open license (CC BY)
341,93,high,7960,43561c71-e5b7-415f-a0d7-53ef4df3b950,"Elevation Contours of Charnawati River Watershed, Dolakha, Nepal",flood / water context,hydrology; terrain_landcover,Vector,25000,2026-05-08t18:14:59.000z,2026-05-08t18:14:59.000z,As needed,"The content of this website can be accessed, printed and downloaded in an unaltered form (altered including being stretc",ICIMOD,2010-07-18T11:00:00,4349,REDD; Contour; Elevation; Topography; Charnawati Watershed; Dolakha; Nepal; Elevation,85.8832,27.575683,86.118204,27.752094,true,https://rds.icimod.org/Home/DataDetail?metadataId=7960,Spatial extent overlaps Nepal; Explicitly mentions Nepal; Recent temporal coverage (≥2020)
342,93,high,23019,eeaf2e86-6f6f-4381-b8c4-13b2816f6dc9,"Forest cover of Sarlahi, Nepal for 2014",satellite validation,remote_sensing,Grid,100000,2026-05-08t18:14:59.000z,2026-05-08t18:14:59.000z,As needed,"Creative Commons Attribution 4.0 International (CC BY 4.0) | Users are permitted to copy, use, adapt, and redistribute S","ICIMOD, SERVIR Himalaya",2014-11-30,2490,Forest loss; forest hotspots; servircat; icimod-servir; geo-biodiversity; Sarlahi; Nepal; Geoscientific information,85.321825,26.741569,85.815792,27.195414,true,https://rds.icimod.org/Home/DataDetail?metadataId=23019,Spatial extent overlaps Nepal; Explicitly mentions Nepal; Recent temporal coverage (≥2020); Open license (CC BY)
343,92,high,1972430,70315f92-3348-4b99-952c-fd7377019be9,Tipping Bucket: Syafrubesi,real-time weather / forecast,weather_climate,,,2012-03-04t18:15:00.000z,2013-04-29t18:15:00.000z,Not planned,Creative Commons Attribution 4.0 International (CC BY 4.0),ICIMOD,2020-03-11,12502,precipitation; meteorology; Langtang; Nepal; Climatology; meteorology; atmosphere,85.33218,28.15743,85.33218,28.15743,true,https://rds.icimod.org/Home/DataDetail?metadataId=1972430,Spatial extent overlaps Nepal; Explicitly mentions Nepal; Open license (CC BY); High portal popularity
344,92,high,26091,57158120-e441-471c-a44c-4955ca7d405c,Impacts of decadal rainy season gross primary product on forest ecosystems in Chitwan Annapurna Landscape (CHAL),real-time weather / forecast,weather_climate,Vector,,2014-10-14t18:15:00.000z,2015-08-09t18:15:00.000z,As needed,"Creative Commons Attribution 4.0 International (CC BY 4.0) | The SERVIR Project, NASA, USAID and ICIMOD make no express ",ICIMOD,2015-08-14,5122,Climate Change Vulnerability; Sensitivity; servircat; icimod-servir; geo-biodiversity; Chitwan Annapurna Landscape; Nepal; Geoscientific information,82.8785,27.346,85.8001,29.3312,true,https://rds.icimod.org/Home/DataDetail?metadataId=26091,Spatial extent overlaps Nepal; Explicitly mentions Nepal; Open license (CC BY)
345,92,high,8758,f36d4ba6-77db-4c7a-904e-1c6d7de673fa,Monthly Mean Precipitation May 2001 of Nepal,real-time weather / forecast,weather_climate,Vector,200000,2026-05-08t18:14:59.000z,2026-05-08t18:14:59.000z,As needed,"The content of this website can be accessed, printed and downloaded in an unaltered form (altered including being stretc",ICIMOD,2011-08-18T13:45:00,1629,Precipitation; May; Monthly precipitation; Rainfall; Nepal; Climatology; meteorology; atmosphere,80.0522,26.36836,88.19456,30.42472,true,https://rds.icimod.org/Home/DataDetail?metadataId=8758,Spatial extent overlaps Nepal; Explicitly mentions Nepal; Recent temporal coverage (≥2020)
346,92,high,8763,0f1b83a3-1d65-46b8-81cb-b8d72f69e738,Monthly Mean Precipitation September 2001 of Nepal,real-time weather / forecast,weather_climate,Vector,2000000,2026-05-08t18:14:59.000z,2026-05-08t18:14:59.000z,As needed,"The content of this website can be accessed, printed and downloaded in an unaltered form (altered including being stretc",ICIMOD,2011-08-18T15:06:00,1698,Precipitation; September; Monthly precipitation; Rainfall; Nepal; Climatology; meteorology; atmosphere,80.0522,26.36836,88.19456,30.42472,true,https://rds.icimod.org/Home/DataDetail?metadataId=8763,Spatial extent overlaps Nepal; Explicitly mentions Nepal; Recent temporal coverage (≥2020)
347,92,high,8755,1aee8fcf-2285-4880-bf4d-04ba7581b1cf,Monthly Mean Precipitation February 2001 of Nepal,real-time weather / forecast,weather_climate,Vector,200000,2026-05-08t18:14:59.000z,2026-05-08t18:14:59.000z,As needed,"The content of this website can be accessed, printed and downloaded in an unaltered form (altered including being stretc",ICIMOD,2011-08-18T13:30:00,1606,Precipitation; Monthly precipitation; February; Rainfall; Nepal; Climatology; meteorology; atmosphere,80.0522,26.36836,88.19456,30.42472,true,https://rds.icimod.org/Home/DataDetail?metadataId=8755,Spatial extent overlaps Nepal; Explicitly mentions Nepal; Recent temporal coverage (≥2020)
348,92,high,1972423,4f77e7ec-a2ef-4751-92d7-0085656c7a6d,Tipping Bucket: Jathang,real-time weather / forecast,weather_climate,,,2012-09-04t18:15:00.000z,2016-08-09t18:15:00.000z,Not planned,Creative Commons Attribution 4.0 International (CC BY 4.0),ICIMOD,2020-03-11,11807,precipitation; meteorology; Langtang; Nepal; Climatology; meteorology; atmosphere,85.61304,28.19558,85.61304,28.19558,true,https://rds.icimod.org/Home/DataDetail?metadataId=1972423,Spatial extent overlaps Nepal; Explicitly mentions Nepal; Open license (CC BY); High portal popularity
349,92,high,1972421,0c3ca0f8-063f-4998-b8e5-fb595b412918,Tipping Bucket: Lama Hotel,real-time weather / forecast,weather_climate,,,2012-03-04t18:15:00.000z,2014-08-04t18:15:00.000z,Not planned,Creative Commons Attribution 4.0 International (CC BY 4.0),ICIMOD,2020-03-11,11894,precipitation; meteorology; Langtang; Nepal; Climatology; meteorology; atmosphere,85.43073,28.16212,85.43073,28.16212,true,https://rds.icimod.org/Home/DataDetail?metadataId=1972421,Spatial extent overlaps Nepal; Explicitly mentions Nepal; Open license (CC BY); High portal popularity
350,92,high,1972432,e29a8886-359e-43ce-8f8e-6f583a01d54f,Tipping Bucket: Numthang old station,real-time weather / forecast,weather_climate,,,2013-09-04t18:15:00.000z,2014-10-09t18:15:00.000z,Not planned,Creative Commons Attribution 4.0 International (CC BY 4.0),ICIMOD,2020-03-11,12639,precipitation; meteorology; Langtang; Nepal; Climatology; meteorology; atmosphere,85.64283,28.20216,85.64283,28.20216,true,https://rds.icimod.org/Home/DataDetail?metadataId=1972432,Spatial extent overlaps Nepal; Explicitly mentions Nepal; Open license (CC BY); High portal popularity
351,92,high,8757,596e14a2-4762-439b-9b02-84b3d07243a8,Monthly Mean Precipitation April 2001 of Nepal,real-time weather / forecast,weather_climate,Vector,200000,2026-05-08t18:14:59.000z,2026-05-08t18:14:59.000z,As needed,"The content of this website can be accessed, printed and downloaded in an unaltered form (altered including being stretc",ICIMOD,2011-08-18T13:40:00,2938,Precipitation; April; Monthly precipitation; Rainfall; Nepal; Climatology; meteorology; atmosphere,80.0522,26.36836,88.19456,30.42472,true,https://rds.icimod.org/Home/DataDetail?metadataId=8757,Spatial extent overlaps Nepal; Explicitly mentions Nepal; Recent temporal coverage (≥2020)
352,92,high,26084,5f91cb1d-5707-43f9-9f22-49e1263c30dd,Impacts of evapotranspiration on forest ecosystems in Chitwan Annapurna Landscape (CHAL),real-time weather / forecast,weather_climate,Vector,,2014-10-14t18:15:00.000z,2015-08-09t18:15:00.000z,As needed,"Creative Commons Attribution 4.0 International (CC BY 4.0) | The SERVIR Project, NASA, USAID and ICIMOD make no express ",ICIMOD,2015-08-14,4738,Climate Change Vulnerability; Sensitivity; Evapotranspiration; servircat; icimod-servir; geo-biodiversity; Chitwan Annapurna Landscape; Nepal; Geoscientific information,82.8785,27.346,85.8001,29.3312,true,https://rds.icimod.org/Home/DataDetail?metadataId=26084,Spatial extent overlaps Nepal; Explicitly mentions Nepal; Open license (CC BY)
353,92,high,26087,8c1f8ef5-23c9-4250-bab3-b6dd88646794,Impacts of decadal winter season forest fire on forest ecosystems in Chitwan Annapurna Landscape (CHAL),real-time weather / forecast,weather_climate,Vector,,2014-10-14t18:15:00.000z,2015-08-09t18:15:00.000z,As needed,"Creative Commons Attribution 4.0 International (CC BY 4.0) | The SERVIR Project, NASA, USAID and ICIMOD make no express ",ICIMOD,2015-08-14,5459,Climate Change Vulnerability; Sensitivity; Forest Fire; servircat; icimod-servir; geo-biodiversity; Chitwan Annapurna Landscape; Nepal; Geoscientific information,82.8785,27.346,85.8001,29.3312,true,https://rds.icimod.org/Home/DataDetail?metadataId=26087,Spatial extent overlaps Nepal; Explicitly mentions Nepal; Open license (CC BY)
354,92,high,9089,eee4715e-dcf6-45a6-a99d-f2d26f14c837,MODIS Active Fire Data of Hindu Kush Himalayan (HKH) Region,real-time weather / forecast,weather_climate; hazard; remote_sensing,Vector,1 km,2000-09-25t10:13:00.000z,2010-09-10t10:14:00.000z,Not planned,,ICIMOD,2012-09-24,2548,MODIS; Disaster; Active Fire; Forest fire; servircat; icimod-servir; Hindu Kush Himalayan Region; HKH; Climatology; meteorology; atmosphere,60.85384,15.95779,105.04463,39.31861,true,https://rds.icimod.org/Home/DataDetail?metadataId=9089,Spatial extent overlaps Nepal; Long temporal baseline (≥10 years)
355,92,high,8764,22e6e9f3-8256-4aad-a079-7e519416cac2,Monthly Mean Precipitation October 2001 of Nepal,real-time weather / forecast,weather_climate,Vector,200000,2026-05-08t18:14:59.000z,2026-05-08t18:14:59.000z,As needed,"The content of this website can be accessed, printed and downloaded in an unaltered form (altered including being stretc",ICIMOD,2011-08-19T09:33:00,1779,Precipitation; October; Monthly precipitation; Rainfall; Nepal; Climatology; meteorology; atmosphere,80.0522,26.36836,88.19456,30.42472,true,https://rds.icimod.org/Home/DataDetail?metadataId=8764,Spatial extent overlaps Nepal; Explicitly mentions Nepal; Recent temporal coverage (≥2020)
356,92,high,8753,7dac87b2-aca1-486a-b04f-441dd19350ef,Monthly Mean Precipitation January 2001 of Nepal,real-time weather / forecast,weather_climate,Vector,200000,2026-05-08t18:14:59.000z,2026-05-08t18:14:59.000z,As needed,"The content of this website can be accessed, printed and downloaded in an unaltered form (altered including being stretc",ICIMOD,2011-08-18T12:11:00,2840,Precipitation; January; Monthly precipitation; Rainfall; Nepal; Climatology; meteorology; atmosphere,80.0522,26.36836,88.19456,30.42472,true,https://rds.icimod.org/Home/DataDetail?metadataId=8753,Spatial extent overlaps Nepal; Explicitly mentions Nepal; Recent temporal coverage (≥2020)
357,92,high,8760,27042eec-4b79-436a-8230-85b77b2c41ea,"Mean Monthly Precipitation of Nepal for July, 2001.",real-time weather / forecast,weather_climate,Vector,200000,2026-05-08t18:14:59.000z,2026-05-08t18:14:59.000z,As needed,"The content of this website can be accessed, printed and downloaded in an unaltered form (altered including being stretc",ICIMOD,2011-08-18T13:55:00,2631,Precipitation; July; Monthly precipitation; Rainfall; Nepal; Climatology; meteorology; atmosphere,80.0522,26.36836,88.19456,30.42472,true,https://rds.icimod.org/Home/DataDetail?metadataId=8760,Spatial extent overlaps Nepal; Explicitly mentions Nepal; Recent temporal coverage (≥2020)
358,92,high,3095,459495a4-43c7-476e-abb7-e9225d3ae372,Settlements of Sagarmatha National Park (SNP) Nepal,route / travel UX,route_context,Vector,50000,2026-05-08t18:14:59.000z,2026-05-08t18:14:59.000z,As needed,Creative Commons Attribution 4.0 International (CC BY 4.0),ICIMOD,2011-07-08T11:57:00,1761,Settlement; Village; Populated place; Sagarmatha National Park; Nepal; SNP; Location,86.513927,27.645707,86.985807,28.113354,true,https://rds.icimod.org/Home/DataDetail?metadataId=3095,Spatial extent overlaps Nepal; Explicitly mentions Nepal; Recent temporal coverage (≥2020); Open license (CC BY)
359,92,high,8765,2f67aa7a-2337-4d4b-86f3-c7edf08c77d8,Monthly Mean Precipitation November 2001 of Nepal,real-time weather / forecast,weather_climate,Vector,200000,2026-05-08t18:14:59.000z,2026-05-08t18:14:59.000z,As needed,"The content of this website can be accessed, printed and downloaded in an unaltered form (altered including being stretc",ICIMOD,2011-08-19T09:38:00,2758,Precipitation; November; Monthly precipitation; Rainfall; Nepal; Climatology; meteorology; atmosphere,80.0522,26.36836,88.19456,30.42472,true,https://rds.icimod.org/Home/DataDetail?metadataId=8765,Spatial extent overlaps Nepal; Explicitly mentions Nepal; Recent temporal coverage (≥2020)
360,92,high,26100,be712aa8-7c8b-4e12-9adb-06945d4de75c,Impacts of decadal summer season Leaf Area Index on forest ecosystems in Chitwan Annapurna Landscape (CHAL),real-time weather / forecast,weather_climate,Vector,,2014-10-14t18:15:00.000z,2015-08-09t18:15:00.000z,As needed,"Creative Commons Attribution 4.0 International (CC BY 4.0) | The SERVIR Project, NASA, USAID and ICIMOD make no express ",ICIMOD,2015-08-14,5658,Climate Change Vulnerability; Sensitivity; servircat; icimod-servir; geo-biodiversity; Chitwan Annapurna Landscape; Nepal; Geoscientific information,82.8785,27.346,85.8001,29.3312,true,https://rds.icimod.org/Home/DataDetail?metadataId=26100,Spatial extent overlaps Nepal; Explicitly mentions Nepal; Open license (CC BY)
361,92,high,26063,c80d1b02-1eac-400f-b222-963dfe46c2c0,Exposure sensitivity of forest ecosystems in Chitwan Annapurna Landscape (CHAL),real-time weather / forecast,weather_climate,Vector,,2014-10-14t18:15:00.000z,2015-08-09t18:15:00.000z,As needed,"Creative Commons Attribution 4.0 International (CC BY 4.0) | The SERVIR Project, NASA, USAID and ICIMOD make no express ",ICIMOD,2015-08-14,4653,Climate Change Vulnerability; Forest Dependence; Forest; servircat; icimod-servir; geo-biodiversity; Chitwan Annapurna Landscape; Nepal; Geoscientific information,82.8785,27.346,85.8001,29.3312,true,https://rds.icimod.org/Home/DataDetail?metadataId=26063,Spatial extent overlaps Nepal; Explicitly mentions Nepal; Open license (CC BY)
362,92,high,26090,8f0d573f-2c6f-48db-b206-4a2496eb43a7,Impacts of decadal summer season gross primary product on forest ecosystems in Chitwan Annapurna Landscape (CHAL),real-time weather / forecast,weather_climate,Vector,,2014-10-14t18:15:00.000z,2015-08-09t18:15:00.000z,As needed,"Creative Commons Attribution 4.0 International (CC BY 4.0) | The SERVIR Project, NASA, USAID and ICIMOD make no express ",ICIMOD,2015-08-14,4745,Climate Change Vulnerability; Sensitivity; servircat; icimod-servir; geo-biodiversity; Chitwan Annapurna Landscape; Nepal; Geoscientific information,82.8785,27.346,85.8001,29.3312,true,https://rds.icimod.org/Home/DataDetail?metadataId=26090,Spatial extent overlaps Nepal; Explicitly mentions Nepal; Open license (CC BY)
363,92,high,1972433,33f152bf-00d5-4f4c-a2a3-608f241e2dc4,Tipping Bucket: Numthang new station,real-time weather / forecast,weather_climate,,,2013-01-10t18:15:00.000z,2019-05-04t18:15:00.000z,Not planned,Creative Commons Attribution 4.0 International (CC BY 4.0),ICIMOD,2020-03-11,13015,precipitation; meteorology; Langtang; Nepal; Climatology; meteorology; atmosphere,85.64315,28.20216,85.64315,28.20216,true,https://rds.icimod.org/Home/DataDetail?metadataId=1972433,Spatial extent overlaps Nepal; Explicitly mentions Nepal; Open license (CC BY); High portal popularity
364,92,high,26094,65c3a5bd-ea27-41bd-8b64-3625d8b19d4e,Impacts of gross primary product on forest ecosystems in Chitwan Annapurna Landscape (CHAL),real-time weather / forecast,weather_climate,Vector,,2014-10-14t18:15:00.000z,2015-08-09t18:15:00.000z,As needed,"Creative Commons Attribution 4.0 International (CC BY 4.0) | The SERVIR Project, NASA, USAID and ICIMOD make no express ",ICIMOD,2015-08-14,5585,Climate Change Vulnerability; Sensitivity; servircat; icimod-servir; geo-biodiversity; Chitwan Annapurna Landscape; Nepal; Geoscientific information,82.8785,27.346,85.8001,29.3312,true,https://rds.icimod.org/Home/DataDetail?metadataId=26094,Spatial extent overlaps Nepal; Explicitly mentions Nepal; Open license (CC BY)
365,92,high,8759,28fdbca6-32f6-4610-9b5a-d71ed63d286d,"Mean Monthly Precipitation of Nepal for June, 2001.",real-time weather / forecast,weather_climate,Vector,200000,2026-05-08t18:14:59.000z,2026-05-08t18:14:59.000z,As needed,"The content of this website can be accessed, printed and downloaded in an unaltered form (altered including being stretc",ICIMOD,2011-08-18T13:50:00,1292,Precipitation; June; Monthly precipitation; Rainfall; Nepal; Climatology; meteorology; atmosphere,80.0522,26.36836,88.19456,30.42472,true,https://rds.icimod.org/Home/DataDetail?metadataId=8759,Spatial extent overlaps Nepal; Explicitly mentions Nepal; Recent temporal coverage (≥2020)
366,92,high,8766,afd4dd95-f908-4c32-810b-2d17ece1d714,"Mean Monthly Precipitation of Nepal for December, 2001.",real-time weather / forecast,weather_climate,Vector,200000,2026-05-08t18:14:59.000z,2026-05-08t18:14:59.000z,As needed,"The content of this website can be accessed, printed and downloaded in an unaltered form (altered including being stretc",ICIMOD,2011-08-19T09:54:00,1801,Precipitation; December; Monthly precipitation; Rainfall; Nepal; Climatology; meteorology; atmosphere,80.0522,26.36836,88.19456,30.42472,true,https://rds.icimod.org/Home/DataDetail?metadataId=8766,Spatial extent overlaps Nepal; Explicitly mentions Nepal; Recent temporal coverage (≥2020)
367,92,high,26065,04a97dd5-adf5-460b-bc89-762e3310b3a9,Impacts of biomass on forest ecosystems in Chitwan Annapurna Landscape (CHAL),real-time weather / forecast,weather_climate,Vector,,2014-10-14t18:15:00.000z,2015-08-09t18:15:00.000z,As needed,Creative Commons Attribution 4.0 International (CC BY 4.0),ICIMOD,2015-08-14,5064,Climate Change Vulnerability; Forest Dependence; Forest Vulnerability; servircat; icimod-servir; geo-biodiversity; Chitwan Annapurna Landscape; Nepal; Geoscientific information,82.8785,27.346,85.8001,29.3312,true,https://rds.icimod.org/Home/DataDetail?metadataId=26065,Spatial extent overlaps Nepal; Explicitly mentions Nepal; Open license (CC BY)
368,92,high,26066,e8a89573-c206-4dbd-9db5-832467985bdf,Impacts of Gross Primary Production(GPP) change on forest ecosystems in Chitwan Annapurna Landscape (CHAL),real-time weather / forecast,weather_climate,Vector,,2014-10-14t18:15:00.000z,2015-08-09t18:15:00.000z,As needed,"Creative Commons Attribution 4.0 International (CC BY 4.0) | The SERVIR Project, NASA, USAID and ICIMOD make no express ",ICIMOD,2015-08-14,4641,Climate Change Vulnerability; Forest Dependence; Forest Vulnerability; servircat; icimod-servir; geo-biodiversity; Chitwan Annapurna Landscape; Nepal; Geoscientific information,82.8785,27.346,85.8001,29.3312,true,https://rds.icimod.org/Home/DataDetail?metadataId=26066,Spatial extent overlaps Nepal; Explicitly mentions Nepal; Open license (CC BY)
369,92,high,26073,b97b17e8-db93-439f-8956-f3bd066b9d29,Forest vulnerability of forest ecosystems in Chitwan Annapurna Landscape (CHAL),real-time weather / forecast,weather_climate,Vector,,2014-10-14t18:15:00.000z,2015-08-09t18:15:00.000z,As needed,"Creative Commons Attribution 4.0 International (CC BY 4.0) | The SERVIR Project, NASA, USAID and ICIMOD make no express ",ICIMOD,2015-08-14,5873,Climate Change Vulnerability; Forest Dependence; Forest Vulnerability; servircat; icimod-servir; geo-biodiversity; Chitwan Annapurna Landscape; Nepal; Geoscientific information,82.8785,27.346,85.8001,29.3312,true,https://rds.icimod.org/Home/DataDetail?metadataId=26073,Spatial extent overlaps Nepal; Explicitly mentions Nepal; Open license (CC BY)
370,92,high,26093,1d3b46d9-f7a0-46c6-bfcc-c10528fbbe0a,Impacts of gross primary product on forest ecosystems in Chitwan Annapurna Landscape (CHAL),real-time weather / forecast,weather_climate,Vector,,2014-10-14t18:15:00.000z,2015-08-09t18:15:00.000z,As needed,"Creative Commons Attribution 4.0 International (CC BY 4.0) | The SERVIR Project, NASA, USAID and ICIMOD make no express ",ICIMOD,2015-08-14,5300,Climate Change Vulnerability; Sensitivity; servircat; icimod-servir; geo-biodiversity; Chitwan Annapurna Landscape; Nepal; Geoscientific information,82.8785,27.346,85.8001,29.3312,true,https://rds.icimod.org/Home/DataDetail?metadataId=26093,Spatial extent overlaps Nepal; Explicitly mentions Nepal; Open license (CC BY)
371,92,high,1972416,474ae56d-7e2b-4e85-b5d7-02c1a2303437,Tipping Bucket: Ganja La 1,real-time weather / forecast,weather_climate,,,2013-10-25t18:15:00.000z,2019-10-27t18:15:00.000z,Annually,Creative Commons Attribution 4.0 International (CC BY 4.0),ICIMOD,2020-03-11,11587,precipitation; meteorology; Langtang; Nepal; Climatology; meteorology; atmosphere,85.56622,28.20174,85.56622,28.20174,true,https://rds.icimod.org/Home/DataDetail?metadataId=1972416,Spatial extent overlaps Nepal; Explicitly mentions Nepal; Open license (CC BY); High portal popularity
372,92,high,8761,23261d93-45d7-43a2-9d7a-26735c982fe5,Monthly Mean Precipitation August 2001 of Nepal,real-time weather / forecast,weather_climate,Vector,200000,2026-05-08t18:14:59.000z,2026-05-08t18:14:59.000z,As needed,"The content of this website can be accessed, printed and downloaded in an unaltered form (altered including being stretc",ICIMOD,2011-08-18T14:01:00,2559,Precipitation; August; Monthly precipitation; Rainfall; Nepal; Climatology; meteorology; atmosphere,80.0522,26.36836,88.19456,30.42472,true,https://rds.icimod.org/Home/DataDetail?metadataId=8761,Spatial extent overlaps Nepal; Explicitly mentions Nepal; Recent temporal coverage (≥2020)
373,92,high,26071,10cd819b-db3b-40eb-b50a-b5ea6f6a3168,Impacts of species distribution on forest ecosystems in Chitwan Annapurna Landscape (CHAL),real-time weather / forecast,weather_climate,Vector,,2014-10-14t18:15:00.000z,2015-08-09t18:15:00.000z,As needed,"Creative Commons Attribution 4.0 International (CC BY 4.0) | The SERVIR Project, NASA, USAID and ICIMOD make no express ",ICIMOD,2015-08-14,5580,Climate Change Vulnerability; Forest Dependence; Forest Vulnerability; Species; servircat; icimod-servir; geo-biodiversity; Chitwan Annapurna Landscape; Nepal; Geoscientific information,82.8785,27.346,85.8001,29.3312,true,https://rds.icimod.org/Home/DataDetail?metadataId=26071,Spatial extent overlaps Nepal; Explicitly mentions Nepal; Open license (CC BY)
374,92,high,1972422,594eebce-5b7c-4e78-8c1d-4b611e55c9d2,Tipping Bucket: Kyanjing,real-time weather / forecast,weather_climate,,,2012-03-04t18:15:00.000z,2014-04-29t18:15:00.000z,Not planned,Creative Commons Attribution 4.0 International (CC BY 4.0),ICIMOD,2020-03-11,11775,precipitation; meteorology; Langtang; Nepal; Climatology; meteorology; atmosphere,85.56686,28.21096,85.56686,28.21096,true,https://rds.icimod.org/Home/DataDetail?metadataId=1972422,Spatial extent overlaps Nepal; Explicitly mentions Nepal; Open license (CC BY); High portal popularity
375,92,high,23178,fc4584ba-b953-4dea-94ef-d5da46cef8b1,Landslide susceptibility map for large landslides in Koshi basin.,route hazard / safety,hazard; hydrology,Grid,100 m,2026-05-08t18:14:59.000z,2026-05-08t18:14:59.000z,As needed,,ICIMOD,2014-11-26,2891,Landslide; Suspectibility; Vulnerablilty; Koshi Basin; Nepal; Geoscientific information,85.023788,25.334031,88.948388,29.137615,true,https://rds.icimod.org/Home/DataDetail?metadataId=23178,Spatial extent overlaps Nepal; Explicitly mentions Nepal; Recent temporal coverage (≥2020)
376,92,high,23177,df8b50f3-dfd7-40bd-a3cb-c00276814118,Landslide susceptibility map for small landslides in Koshi basin,route hazard / safety,hazard; hydrology,Grid,90 m,2026-05-08t18:14:59.000z,2026-05-08t18:14:59.000z,As needed,,ICIMOD,2014-11-26,2769,Landslide; Suspectibility; Vulnerablilty; Koshi Basin; Nepal; Geoscientific information,85.023788,25.334031,88.948388,29.137615,true,https://rds.icimod.org/Home/DataDetail?metadataId=23177,Spatial extent overlaps Nepal; Explicitly mentions Nepal; Recent temporal coverage (≥2020)
377,92,high,8756,1bde8a4d-5325-405d-84c3-284b56f8a906,Monthly Mean Precipitation March 2001 of Nepal,real-time weather / forecast,weather_climate,Vector,200000,2026-05-08t18:14:59.000z,2026-05-08t18:14:59.000z,As needed,"The content of this website can be accessed, printed and downloaded in an unaltered form (altered including being stretc",ICIMOD,2011-08-18T13:35:00,1629,Precipitation; March; Monthly precipitation; Rainfall; Nepal; Climatology; meteorology; atmosphere,80.0522,26.36836,88.19456,30.42472,true,https://rds.icimod.org/Home/DataDetail?metadataId=8756,Spatial extent overlaps Nepal; Explicitly mentions Nepal; Recent temporal coverage (≥2020)
378,92,high,3343,1af8afb8-9f3e-4409-9a7e-8a2a5373efdc,Protected Areas of Hindu Kush Himalayan (HKH) Region,route / travel UX,route_context,Vector,1000000,2026-05-08t18:14:59.000z,2026-05-08t18:14:59.000z,As needed,Creative Commons Attribution 4.0 International (CC BY 4.0),ICIMOD,2007-09-20,2339,Protected Area; National Park; National Reserves; Hindu Kush Himalayan Region.; HKH; Environment,60.853848,15.9578,105.044632,39.318611,true,https://rds.icimod.org/Home/DataDetail?metadataId=3343,Spatial extent overlaps Nepal; Explicitly mentions Nepal; Recent temporal coverage (≥2020); Open license (CC BY)
379,92,high,26069,79720a3a-127e-42e4-80e7-e941ef81d081,Impacts of Net Primary Production(NPP) change on forest ecosystems in Chitwan Annapurna Landscape (CHAL),real-time weather / forecast,weather_climate,Vector,,2014-10-14t18:15:00.000z,2015-08-09t18:15:00.000z,As needed,"Creative Commons Attribution 4.0 International (CC BY 4.0) | The SERVIR Project, NASA, USAID and ICIMOD make no express ",ICIMOD,2015-08-14,5400,Climate Change Vulnerability; Forest Dependence; Forest Vulnerability; servircat; icimod-servir; geo-biodiversity; Chitwan Annapurna Landscape; Nepal; Geoscientific information,82.8785,27.346,85.8001,29.3312,true,https://rds.icimod.org/Home/DataDetail?metadataId=26069,Spatial extent overlaps Nepal; Explicitly mentions Nepal; Open license (CC BY)
380,92,high,1972427,f37a19b2-6067-4fd1-a6d9-216a9250d44e,Tipping Bucket: Langtang Village,real-time weather / forecast,weather_climate,,,2012-03-06t18:15:00.000z,2014-06-09t18:15:00.000z,Not planned,Creative Commons Attribution 4.0 International (CC BY 4.0),ICIMOD,2020-03-11,12428,precipitation; meteorology; Langtang; Nepal; Climatology; meteorology; atmosphere,85.52745,28.21398,85.52745,28.21398,true,https://rds.icimod.org/Home/DataDetail?metadataId=1972427,Spatial extent overlaps Nepal; Explicitly mentions Nepal; Open license (CC BY); High portal popularity
381,92,high,26085,100b3212-4887-48b7-a073-878c7502a4c3,Impacts of decadal summer season forest fire on forest ecosystems in Chitwan Annapurna Landscape (CHAL),real-time weather / forecast,weather_climate,Vector,,2014-10-14t18:15:00.000z,2015-08-09t18:15:00.000z,As needed,"Creative Commons Attribution 4.0 International (CC BY 4.0) | The SERVIR Project, NASA, USAID and ICIMOD make no express ",ICIMOD,2015-08-14,5324,Climate Change Vulnerability; Sensitivity; Forest Fire; servircat; icimod-servir; geo-biodiversity; Chitwan Annapurna Landscape; Nepal; Geoscientific information,82.8785,27.346,85.8001,29.3312,true,https://rds.icimod.org/Home/DataDetail?metadataId=26085,Spatial extent overlaps Nepal; Explicitly mentions Nepal; Open license (CC BY)
382,92,high,23179,75773dc8-6fd4-4591-af17-5aa7cb24468e,Landslide susceptibility map for medium landslides in Koshi basin.,route hazard / safety,hazard; hydrology,Grid,100 m,2026-05-08t18:14:59.000z,2026-05-08t18:14:59.000z,As needed,,ICIMOD,2014-11-26,3405,Landslide; Suspectibility; Vulnerablilty; Koshi Basin; Nepal; Geoscientific information,85.023788,25.334031,88.948388,29.137615,true,https://rds.icimod.org/Home/DataDetail?metadataId=23179,Spatial extent overlaps Nepal; Explicitly mentions Nepal; Recent temporal coverage (≥2020)
383,92,high,26102,e4796416-d13f-44d7-bd4c-82b5f2e0a328,Impacts of decadal winter season Leaf Area Index on forest ecosystems in Chitwan Annapurna Landscape (CHAL),real-time weather / forecast,weather_climate,Vector,,2014-10-14t18:15:00.000z,2015-08-09t18:15:00.000z,As needed,"Creative Commons Attribution 4.0 International (CC BY 4.0) | The SERVIR Project, NASA, USAID and ICIMOD make no express ",ICIMOD,2015-08-14,5685,Climate Change Vulnerability; Sensitivity; servircat; icimod-servir; geo-biodiversity; Chitwan Annapurna Landscape; Nepal; Geoscientific information,82.8785,27.346,85.8001,29.3312,true,https://rds.icimod.org/Home/DataDetail?metadataId=26102,Spatial extent overlaps Nepal; Explicitly mentions Nepal; Open license (CC BY)
384,92,high,26104,c9b236d7-f2df-48ee-83ee-f088455b39e2,Impacts of Leaf Area Index on forest ecosystems in Chitwan Annapurna Landscape (CHAL),real-time weather / forecast,weather_climate,Vector,,2014-10-14t18:15:00.000z,2015-08-09t18:15:00.000z,As needed,"Creative Commons Attribution 4.0 International (CC BY 4.0) | The SERVIR Project, NASA, USAID and ICIMOD make no express ",ICIMOD,2015-08-14,6009,Climate Change Vulnerability; Sensitivity; servircat; icimod-servir; geo-biodiversity; Chitwan Annapurna Landscape; Nepal; Geoscientific information,82.8785,27.346,85.8001,29.3312,true,https://rds.icimod.org/Home/DataDetail?metadataId=26104,Spatial extent overlaps Nepal; Explicitly mentions Nepal; Open license (CC BY)
385,91,high,9196,e02e0d29-74a3-4f0d-8462-0622a446f46c,Cover support practise factor,snowline / glacier context,cryosphere; hazard; hydrology; terrain_landcover,Vector,,2026-05-08t18:14:59.000z,2026-05-08t18:14:59.000z,As needed,"The content of this website can be accessed, printed and downloaded in an unaltered form (altered including being stretc",ICIMOD,,1121,Soil; Land Cover; Koshi; Nepal; Environment,85.0238,25.3334,88.9502,29.1382,true,https://rds.icimod.org/Home/DataDetail?metadataId=9196,Spatial extent overlaps Nepal; Explicitly mentions Nepal; Recent temporal coverage (≥2020)
386,91,high,9346,1869ded3-9f19-4d56-b8ca-6f5c869ee2be,Glaciers of Bhutan 2000,real-time weather / forecast,weather_climate; cryosphere; remote_sensing,Vector,50000,1986-11-10t08:47:00.000z,2011-12-31t08:48:00.000z,Not planned,"Creative Commons Attribution 4.0 International (CC BY 4.0) | Users are permitted to copy, use, adapt, and redistribute S","ICIMOD, SERVIR Himalaya",2014-02-04,15495,Glacier; Himala; Cryosphere; servircat; icimod-servir; geo-climate; Bhutan; Geoscientific information,89.166,27.579,91.61100000000002,28.245,false,https://rds.icimod.org/Home/DataDetail?metadataId=9346,Spatial extent overlaps HKH region; Long temporal baseline (≥10 years); Open license (CC BY); High portal popularity
387,91,high,9344,f82ab431-c774-4cee-bbc9-1ddfc2b2c674,Glaciers of Bhutan 1990,real-time weather / forecast,weather_climate; cryosphere; remote_sensing,Vector,50000,1986-11-10t08:47:00.000z,2011-12-31t08:48:00.000z,Not planned,"Creative Commons Attribution 4.0 International (CC BY 4.0) | Users are permitted to copy, use, adapt, and redistribute S","ICIMOD, SERVIR Himalaya",2014-02-04,14897,Glacier; Cryosphere; Himala; servircat; icimod-servir; geo-climate; Bhutan; Geoscientific information,89.166,27.579,91.61100000000002,28.245,false,https://rds.icimod.org/Home/DataDetail?metadataId=9344,Spatial extent overlaps HKH region; Long temporal baseline (≥10 years); Open license (CC BY); High portal popularity
388,91,high,8018,f5b36d10-1499-4fc9-b66e-b2f61e16fa63,"Spot Height of Kayar Khola Watershed, Chitwan Nepal",flood / water context,hydrology; terrain_landcover,Vector,25000,2026-05-08t18:14:59.000z,2026-05-08t18:14:59.000z,As needed,"The content of this website can be accessed, printed and downloaded in an unaltered form (altered including being stretc",ICIMOD,2010-07-31T00:00:00,3425,REDD; Elevation; Topography; Kayar Khola Watershed; Chitwan; Nepal; Elevation,84.556535,27.670243,84.694078,27.775666,true,https://rds.icimod.org/Home/DataDetail?metadataId=8018,Spatial extent overlaps Nepal; Explicitly mentions Nepal; Recent temporal coverage (≥2020)
389,90,high,2893,591b4631-6395-4e97-941c-8d582d826752,Hydro Line/River Network of Sagarmatha National Park (SNP) Nepal,flood / water context,hydrology; route_context,Vector,50000,2026-05-08t18:14:59.000z,2026-05-08t18:14:59.000z,As needed,Creative Commons Attribution 4.0 International (CC BY 4.0),ICIMOD,2011-07-08T12:15:00,1727,River Network; Hydro Line; Sagarmatha National Parks; Nepal; SNP; Inland waters,86.50965,27.75374,86.98535,28.11365,true,https://rds.icimod.org/Home/DataDetail?metadataId=2893,Spatial extent overlaps Nepal; Explicitly mentions Nepal; Recent temporal coverage (≥2020); Open license (CC BY)
390,90,high,28310,725ee47a-730f-4536-b251-f52e32635ff5,Land cover of Eastern Himalayas 2000,terrain / base map,terrain_landcover; remote_sensing,,30 m,2026-05-08t18:14:59.000z,2026-05-08t18:14:59.000z,Not planned,Creative Commons Attribution 4.0 International (CC BY 4.0),ICIMOD,2010-06-14,2757,Land cover; Landsat remote sensing; Eastern Himalayas; Nepal; India; China; Myanmar; Bhutan; Geoscientific information,82.700928,21.953674,100.308289,29.1382,true,https://rds.icimod.org/Home/DataDetail?metadataId=28310,Spatial extent overlaps Nepal; Explicitly mentions Nepal; Recent temporal coverage (≥2020); Open license (CC BY)
391,89,high,747,393023ae-3cf8-415b-84e1-005ec5345e20,Mean Precipitation of August for Hindu Kush Himalayan (HKH) Region,real-time weather / forecast,weather_climate,Grid,1000000,2026-05-08t18:14:59.000z,2026-05-08t18:14:59.000z,As needed,"The content of this website can be accessed, printed and downloaded in an unaltered form (altered including being stretc",ICIMOD,2008-08-03T15:42:00,1367,Mean Precipitation; Climate; HKH Region; Hindu Kush Himalayan Region; Boundaries,60.853848,15.9578,105.044632,39.318611,true,https://rds.icimod.org/Home/DataDetail?metadataId=747,Spatial extent overlaps Nepal; Recent temporal coverage (≥2020)
392,89,high,8863,81eb70a3-d7b9-4866-a2a2-5d0b543d26ed,Police Stations of Kathmandu,snowline / glacier context,cryosphere; hazard,Vector,25000,2026-05-08t18:14:59.000z,2026-05-08t18:14:59.000z,As needed,"The content of this website can be accessed, printed and downloaded in an unaltered form (altered including being stretc",ICIMOD,2011-12-08T10:26:00,1687,Security; Police Stations; Kathmandu; Nepal,80.0522,26.36836,88.19456,30.42472,true,https://rds.icimod.org/Home/DataDetail?metadataId=8863,Spatial extent overlaps Nepal; Explicitly mentions Nepal; Recent temporal coverage (≥2020)
393,89,high,9103,29548926-e82d-474d-b7af-4492eb89c47d,Monthly Maximum Temperature of Nepal,real-time weather / forecast,weather_climate,Vector,2500000,2026-05-08t18:14:59.000z,2026-05-08t18:14:59.000z,As needed,"The content of this website can be accessed, printed and downloaded in an unaltered form (altered including being stretc",ICIMOD,2012-10-08T13:47:00,2619,Temperature; Monthly Maximum Temperature; Climate; Nepal; Climatology; meteorology; atmosphere,80.0522,26.36836,88.19456,30.42472,true,https://rds.icimod.org/Home/DataDetail?metadataId=9103,Spatial extent overlaps Nepal; Explicitly mentions Nepal; Recent temporal coverage (≥2020)
394,89,high,29232,9f2387f9-7bc5-4fec-a7c1-be0e2f2e6cd8,Population distribution of Nepal,terrain / base map,terrain_landcover; route_context,Vector,1000,2026-05-08t18:14:59.000z,2026-05-08t18:14:59.000z,As needed,,ICIMOD,2016-08-30,4398,population; distribution; Nepal; Geoscientific information,80.0522,26.36836,88.19456,30.42472,true,https://rds.icimod.org/Home/DataDetail?metadataId=29232,Spatial extent overlaps Nepal; Explicitly mentions Nepal; Recent temporal coverage (≥2020)
395,89,high,1250,4cbdc42c-d980-4c94-bd70-d8ca15b152bd,Annual Mean Precipitation for Pakistan,real-time weather / forecast,weather_climate,Vector,1000000,2026-05-08t18:14:59.000z,2026-05-08t18:14:59.000z,As needed,"The content of this website can be accessed, printed and downloaded in an unaltered form (altered including being stretc",ICIMOD,2008-06-10T16:41:00,2281,Precipitation; Rainfall; Pakistan; Climatology; meteorology; atmosphere,60.8663,23.688,77.8239,37.0608,false,https://rds.icimod.org/Home/DataDetail?metadataId=1250,Spatial extent overlaps HKH region; Recent temporal coverage (≥2020)
396,89,high,1972417,fc4cad0e-05ec-4588-ae57-6d9d3f8c9d36,Soil Moisture: Tserko Ri,real-time weather / forecast,weather_climate; hydrology,,,2017-10-24t18:15:00.000z,2019-05-04t18:15:00.000z,Annually,Creative Commons Attribution 4.0 International (CC BY 4.0),ICIMOD,2020-03-11,12318,soil; hydrology; Langtang; Nepal; Climatology; meteorology; atmosphere,85.60587,28.22207,85.60587,28.22207,true,https://rds.icimod.org/Home/DataDetail?metadataId=1972417,Spatial extent overlaps Nepal; Explicitly mentions Nepal; Open license (CC BY); High portal popularity
397,89,high,7962,2e6420be-21da-40ad-8de4-24c7350718f9,"Land Cover of Charnawati River Watershed, Dolakha, Nepal",flood / water context,hydrology; terrain_landcover; remote_sensing,Vector,25000,2026-05-08t18:14:59.000z,2026-05-08t18:14:59.000z,As needed,"The content of this website can be accessed, printed and downloaded in an unaltered form (altered including being stretc",ICIMOD,2010-07-18T11:00:00,2794,REDD; Land cover; Land use; Watershed; Charnawati Watershed; Dolakha; Nepal; Geoscientific information,85.8832,27.575683,86.118204,27.752094,true,https://rds.icimod.org/Home/DataDetail?metadataId=7962,Spatial extent overlaps Nepal; Explicitly mentions Nepal; Recent temporal coverage (≥2020)
398,89,high,23202,a1eb4e31-1bc0-491e-b2ea-f022220e17bb,"Flood hazard layers for return period 2yrs, 5yrs, 10yrs, 20 yrs, 50yrs, 100yrs, 500yrs",route hazard / safety,hazard,Grid,m,2026-05-08t18:14:59.000z,2026-05-08t18:14:59.000z,As needed,"Creative Commons Attribution 4.0 International (CC BY 4.0) | Users are permitted to copy, use, adapt, and redistribute S","ICIMOD, SERVIR Himalaya",2015-09-22,6449,Hazard; Flood; servircat; icimod-servir; East Rapti; Nepal; Geoscientific information,84.15895,27.39518,85.17131,27.61884,true,https://rds.icimod.org/Home/DataDetail?metadataId=23202,Spatial extent overlaps Nepal; Explicitly mentions Nepal; Recent temporal coverage (≥2020); Open license (CC BY)
399,89,high,1973235,5046dac9-fe72-4ab9-bc4b-99bdc101bce7,Mountain Regions in Nepal,terrain / base map,terrain_landcover,Grid,30 m,,,As needed,Creative Commons Attribution 4.0 International (CC BY 4.0),ICIMOD,2025-09-25,2838,mountain classification; mountain; Nepal; Geoscientific information,80.03,26.344,88.169,30.417,true,https://rds.icimod.org/Home/DataDetail?metadataId=1973235,Spatial extent overlaps Nepal; Explicitly mentions Nepal; Open license (CC BY)
400,88,high,2338,a5b43774-bd34-4817-bd42-1fa13fe96f36,Earthquake Incident Locations of Hindu Kush Himalayan (HKH) Region,route hazard / safety,hazard,Vector,1000000,2026-05-08t18:14:59.000z,2026-05-08t18:14:59.000z,As needed,Creative Commons Attribution 4.0 International (CC BY 4.0),ICIMOD,2007-09-21,2512,Earthquake; Geology; Disaster; Hindu Kush Himalayan Region; HKH; Location,60.853848,15.9578,105.044632,39.318611,true,https://rds.icimod.org/Home/DataDetail?metadataId=2338,Spatial extent overlaps Nepal; Recent temporal coverage (≥2020); Open license (CC BY)
401,88,high,20830,e4300d38-f4d6-4bc6-87ee-44f20c8f4b36,Glaciers of Bhutan 2001,snowline / glacier context,cryosphere; hazard; remote_sensing,Vector,50000,1950-12-29t18:30:00.000z,1970-12-29t18:30:00.000z,As needed,"Free to use with copyright to ICIMOD. Citation:Mool, PK; Wangda, D; Bajracharya, SR; Kunzang, K; Gurung, DR; Joshi, SP (",ICIMOD,2001-01-08,16567,Flood; Glacier; Himalaya; HKH; Lunana; Bhutan; Hindu Kush Himalaya; Geoscientific information,88.75194,26.70361,92.11422,28.325,false,https://rds.icimod.org/Home/DataDetail?metadataId=20830,Spatial extent overlaps HKH region; Long temporal baseline (≥10 years); High portal popularity
402,88,high,9143,c4985b98-01eb-4686-bec3-e3d80c32fdcb,"Mountaineering Treks Locations in Central Karakoram National Park (CKNP), Pakistan.",route / travel UX,route_context,Vector,20000 m,2026-05-08t18:14:59.000z,2026-05-08t18:14:59.000z,Not planned,"The content of this website can be accessed, printed and downloaded in an unaltered form (altered including being stretc",ICIMOD,2012-10-31,1924,Tourism; Mountaineering Treks; Trekking; Central Karakoram National Park (CKNP); Pakistan; Gilgit,74.484535,35.231878,76.735329,36.534506,false,https://rds.icimod.org/Home/DataDetail?metadataId=9143,Spatial extent overlaps HKH region; Recent temporal coverage (≥2020)
403,87,high,8006,72997c99-f2e8-4eb5-9ae3-97eac2e46f32,"Land Cover of Kayar Khola Watershed, Chitwan Nepal",flood / water context,hydrology; terrain_landcover; remote_sensing,Vector,25000,2026-05-08t18:14:59.000z,2026-05-08t18:14:59.000z,As needed,"The content of this website can be accessed, printed and downloaded in an unaltered form (altered including being stretc",ICIMOD,2010-07-25T00:00:00,2899,REDD; Land use; Kayar Khola Watershed; Chitwan; Nepal; Geoscientific information,84.556535,27.670243,84.694078,27.775666,true,https://rds.icimod.org/Home/DataDetail?metadataId=8006,Spatial extent overlaps Nepal; Explicitly mentions Nepal; Recent temporal coverage (≥2020)
404,87,high,1973187,a2aa0488-b200-483f-8d4a-147f843cfa87,Land cover of Afghanistan,snowline / glacier context,cryosphere; hazard; terrain_landcover; remote_sensing,Grid,50000,1999-12-31t18:15:00.000z,2018-12-30t18:15:00.000z,Continual,Creative Commons Attribution 4.0 International (CC BY 4.0),ICIMOD,2021-07-10,5985,Land cover; Land use; GIS; spatial data; Landsat; GEE; Google Earth Engine; Earth Observation; SERVIR-HKH; ICIMOD; Afghanistan; Geoscientific information,60.5042,29.4061,74.9157,38.472,false,https://rds.icimod.org/Home/DataDetail?metadataId=1973187,Spatial extent overlaps HKH region; Long temporal baseline (≥10 years); High update frequency; Open license (CC BY)
405,86,high,8033,b7a866d2-7ac2-48ec-af36-3a3d1986a96f,"Hillshade of Ludhi Khola Watershed, Gorkha, Nepal",flood / water context,hydrology; terrain_landcover,Grid,25000,2026-05-08t18:14:59.000z,2026-05-08t18:14:59.000z,As needed,"The content of this website can be accessed, printed and downloaded in an unaltered form (altered including being stretc",ICIMOD,2010-07-31T00:00:00,3499,REDD; Topography; Hillshade; Ludhi khola Watershed; Gorkha; Nepal; Elevation,84.530634,27.905367,84.705186,27.999477,true,https://rds.icimod.org/Home/DataDetail?metadataId=8033,Spatial extent overlaps Nepal; Explicitly mentions Nepal; Recent temporal coverage (≥2020)
406,86,high,2203,8d6671c8-4793-4f18-9c48-b0ffce692247,Mean Precipitation of October for Hindu Kush Himalayan (HKH) Region,real-time weather / forecast,weather_climate,Vector,1000000,2026-05-08t18:14:59.000z,2026-05-08t18:14:59.000z,As needed,"The content of this website can be accessed, printed and downloaded in an unaltered form (altered including being stretc",ICIMOD,2007-09-24,1571,Mean Precipitation; HKH Region; Climatology; meteorology; atmosphere,60.853848,15.9578,105.044632,39.318611,true,https://rds.icimod.org/Home/DataDetail?metadataId=2203,Spatial extent overlaps Nepal; Recent temporal coverage (≥2020)
407,86,high,23219,b9b00802-c939-44a9-8866-7402ddd7d4a0,Crop sown area for Rice crop,snowline / glacier context,cryosphere; hazard,Grid,30 m,2026-05-08t18:14:59.000z,2026-05-08t18:14:59.000z,As needed,"Creative Commons Attribution 4.0 International (CC BY 4.0) | Users are permitted to copy, use, adapt, and redistribute S","ICIMOD, SERVIR Himalaya",2015-06-14,42994,Wheat; Rice; Agriculcture; Drought; servircat; icimod-servir; geo-agriculture; Agriculture; Nepal; Geoscientific information,80.0509,26.3483,88.2009,30.4483,true,https://rds.icimod.org/Home/DataDetail?metadataId=23219,Spatial extent overlaps Nepal; Explicitly mentions Nepal; Recent temporal coverage (≥2020); Open license (CC BY); High portal popularity
408,86,high,9347,72efcd70-6b95-474d-ac1f-4a48199989be,Glaciers of Bhutan 2010,real-time weather / forecast,weather_climate; cryosphere; remote_sensing,Vector,50000,1986-11-10t08:47:00.000z,2011-12-31t08:48:00.000z,Not planned,"Creative Commons Attribution 4.0 International (CC BY 4.0) | Users are permitted to copy, use, adapt, and redistribute S","ICIMOD, SERVIR Himalaya",2014-02-04,5325,Glacier; Himala; Cryosphere; servircat; icimod-servir; geo-climate; Bhutan; Geoscientific information,89.166,27.579,91.61100000000002,28.245,false,https://rds.icimod.org/Home/DataDetail?metadataId=9347,Spatial extent overlaps HKH region; Long temporal baseline (≥10 years); Open license (CC BY)
409,86,high,34424,79367ce2-b20b-4775-bb62-9e2bd25d6aec,Landslide data of Koshi basin (within Nepal) of 1960 developed through remote sensing approach,route hazard / safety,hazard; hydrology; remote_sensing,,50000,2026-05-08t18:14:59.000z,2026-05-08t18:14:59.000z,Not planned,Creative Commons Attribution 4.0 International (CC BY 4.0),ICIMOD,2017-11-23,5480,Landslide; Nepal; Koshi basin; Geoscientific information,85.121,26.638,88.053,28.136,true,https://rds.icimod.org/Home/DataDetail?metadataId=34424,Spatial extent overlaps Nepal; Explicitly mentions Nepal; Recent temporal coverage (≥2020); Open license (CC BY)
410,86,high,34425,0048d5ec-bc38-45b9-ab62-8f6d65647f08,Landslide data of Koshi basin (within Nepal) of 1990 developed through remote sensing approach,route hazard / safety,hazard; hydrology; remote_sensing,Vector,50000,2026-05-08t18:14:59.000z,2026-05-08t18:14:59.000z,Not planned,Creative Commons Attribution 4.0 International (CC BY 4.0),ICIMOD,2017-11-23,2731,Landslide; Nepal; Koshi; Geoscientific information,85.056,26.638,88.093,28.202,true,https://rds.icimod.org/Home/DataDetail?metadataId=34425,Spatial extent overlaps Nepal; Explicitly mentions Nepal; Recent temporal coverage (≥2020); Open license (CC BY)
411,86,high,9343,18f125af-85d5-411a-8fb5-a4736be00da1,Glaciers of Bhutan 1980,real-time weather / forecast,weather_climate; cryosphere; remote_sensing,Vector,50000,1986-11-10t08:47:00.000z,2011-12-31t08:48:00.000z,Not planned,"Creative Commons Attribution 4.0 International (CC BY 4.0) | Users are permitted to copy, use, adapt, and redistribute S","ICIMOD, SERVIR Himalaya",2014-02-04,7573,Glacier; Cryosphere; Himala; servircat; icimod-servir; geo-climate; Bhutan; Geoscientific information,89.166,27.579,91.61100000000002,28.245,false,https://rds.icimod.org/Home/DataDetail?metadataId=9343,Spatial extent overlaps HKH region; Long temporal baseline (≥10 years); Open license (CC BY)
412,85,high,8547,fc27f58e-defc-48ad-bf90-5656f4578884,Connecting road of Kathmandu Metropolitian City,route hazard / safety,hazard; route_context,Vector,25000,2026-05-07t18:14:59.000z,2026-05-07t18:14:59.000z,As needed,"The content of this website can be accessed, printed and downloaded in an unaltered form (altered including being stretc",ICIMOD,2011-04-29T13:56:00,1592,Road; Kathmandu; Nepal,85.24811,27.64263,85.44939,27.75023,true,https://rds.icimod.org/Home/DataDetail?metadataId=8547,Spatial extent overlaps Nepal; Explicitly mentions Nepal; Recent temporal coverage (≥2020)
413,85,high,9092,5d0f429e-5639-47e6-afc8-1c4acf9cf690,Landuse of Kathmandu Metropolitian City,route hazard / safety,hazard,Vector,25000,2026-05-07t18:14:59.000z,2026-05-07t18:14:59.000z,Not planned,"The content of this website can be accessed, printed and downloaded in an unaltered form (altered including being stretc",ICIMOD,2012-09-25,1546,Landuse; SERVIR Himalaya; Kathmandu; Nepal; Boundaries,85.24811,27.64263,85.44939,27.75023,true,https://rds.icimod.org/Home/DataDetail?metadataId=9092,Spatial extent overlaps Nepal; Explicitly mentions Nepal; Recent temporal coverage (≥2020)
414,85,high,8531,523e2a8b-1d10-4155-bf53-5a7481e0852f,Roads of Kathmandu Metropolitian City,route hazard / safety,hazard; route_context,Vector,25000,2026-05-08t18:14:59.000z,2026-05-08t18:14:59.000z,As needed,"The content of this website can be accessed, printed and downloaded in an unaltered form (altered including being stretc",ICIMOD,2011-04-28T13:28:00,1656,Road; Kathmandu; Nepal,85.24811,27.64263,85.4493,27.75023,true,https://rds.icimod.org/Home/DataDetail?metadataId=8531,Spatial extent overlaps Nepal; Explicitly mentions Nepal; Recent temporal coverage (≥2020)
415,85,high,8558,a67c6132-29ea-4d82-a7e5-04a7216004a7,Road Edge of Thimi Municipality,route hazard / safety,hazard; route_context,Vector,25000,2026-05-08t18:14:59.000z,2026-05-08t18:14:59.000z,As needed,"The content of this website can be accessed, printed and downloaded in an unaltered form (altered including being stretc",ICIMOD,2011-05-02T09:52:00,1672,Thimi; Road Edge; Kathmandu; Nepal,85.248113,27.642633,85.449391,27.750238,true,https://rds.icimod.org/Home/DataDetail?metadataId=8558,Spatial extent overlaps Nepal; Explicitly mentions Nepal; Recent temporal coverage (≥2020)
416,85,high,8607,62ec0325-eee1-47c7-82ce-7efcbcd08d69,River of Kathmandu Metropolitian City,route hazard / safety,hazard; hydrology,Vector,25000,2026-05-08t18:14:59.000z,2026-05-08t18:14:59.000z,As needed,"The content of this website can be accessed, printed and downloaded in an unaltered form (altered including being stretc",ICIMOD,2011-05-04T09:31:00,1307,River; kathmandu; Nepal,85.24811,27.64263,85.44939,27.75023,true,https://rds.icimod.org/Home/DataDetail?metadataId=8607,Spatial extent overlaps Nepal; Explicitly mentions Nepal; Recent temporal coverage (≥2020)
417,85,high,8630,13c3207f-ced6-49e9-b32f-f00ef1836fa0,Road edge of Bhaktapur Municipality,route hazard / safety,hazard; route_context,Vector,25000,2026-05-08t18:14:59.000z,2026-05-08t18:14:59.000z,As needed,"The content of this website can be accessed, printed and downloaded in an unaltered form (altered including being stretc",ICIMOD,2011-05-04T14:13:00,1951,Road edge; Bhaktapur; Kathmandu; Nepal,85.24811,27.64263,85.44939,27.75023,true,https://rds.icimod.org/Home/DataDetail?metadataId=8630,Spatial extent overlaps Nepal; Explicitly mentions Nepal; Recent temporal coverage (≥2020)
418,85,high,8572,febd52f5-f6d1-49e7-88a1-15195807ef6a,Rivers of Lalitpur Municipality,route hazard / safety,hazard; hydrology,Vector,25000,2026-05-08t18:14:59.000z,2026-05-08t18:14:59.000z,As needed,"The content of this website can be accessed, printed and downloaded in an unaltered form (altered including being stretc",ICIMOD,2011-05-02T12:19:00,2695,River; Lalitpur; Kathmandu; Nepal,85.24811,27.64263,85.44939,27.75023,true,https://rds.icimod.org/Home/DataDetail?metadataId=8572,Spatial extent overlaps Nepal; Explicitly mentions Nepal; Recent temporal coverage (≥2020)
419,85,high,8550,20ff417a-c656-4fdb-8480-dca15240ccb9,Arterial road of Kathmandu Metropolitian City,route hazard / safety,hazard; route_context,Vector,25000,2026-05-08t18:14:59.000z,2026-05-08t18:14:59.000z,As needed,"The content of this website can be accessed, printed and downloaded in an unaltered form (altered including being stretc",ICIMOD,2011-04-29T14:18:00,1905,Arterial; Road; Kathmandu; Nepal,85.24811,27.64263,85.44939,27.75023,true,https://rds.icimod.org/Home/DataDetail?metadataId=8550,Spatial extent overlaps Nepal; Explicitly mentions Nepal; Recent temporal coverage (≥2020)
420,85,high,8855,0a38250b-f42c-4f6b-ad51-55b3109743db,Roads of Kathmandu Municipality,route hazard / safety,hazard; route_context,Vector,25000,2026-05-08t18:14:59.000z,2026-05-08t18:14:59.000z,As needed,"The content of this website can be accessed, printed and downloaded in an unaltered form (altered including being stretc",ICIMOD,2011-12-06T10:25:00,2072,Roads; Kathmandu; Nepal,80.0522,26.36836,88.19456,30.42472,true,https://rds.icimod.org/Home/DataDetail?metadataId=8855,Spatial extent overlaps Nepal; Explicitly mentions Nepal; Recent temporal coverage (≥2020)
421,85,high,8577,bcbfd7b3-b131-4d16-b606-b7e12f4956f1,Road edge of Lalitpur Municipality,route hazard / safety,hazard; route_context,Vector,25000,2026-05-08t18:14:59.000z,2026-05-08t18:14:59.000z,As needed,"The content of this website can be accessed, printed and downloaded in an unaltered form (altered including being stretc",ICIMOD,2011-05-02T13:54:00,1299,Road; Lalitpur; Kathmandu; Nepal,85.24811,27.64263,85.44939,27.75023,true,https://rds.icimod.org/Home/DataDetail?metadataId=8577,Spatial extent overlaps Nepal; Explicitly mentions Nepal; Recent temporal coverage (≥2020)
422,85,high,8594,8124b290-d05d-43e2-9e04-13a98b0a7442,Road Edge of Kritipur Municipality,route hazard / safety,hazard; route_context,Vector,25000,2026-05-08t18:14:59.000z,2026-05-08t18:14:59.000z,As needed,"The content of this website can be accessed, printed and downloaded in an unaltered form (altered including being stretc",ICIMOD,2011-05-03T11:50:00,1177,Road Edge; Kritipur; Kathmandu; Nepal,85.24811,27.64263,85.44939,27.75023,true,https://rds.icimod.org/Home/DataDetail?metadataId=8594,Spatial extent overlaps Nepal; Explicitly mentions Nepal; Recent temporal coverage (≥2020)
423,85,high,8593,6bd1bc8b-a062-4474-9e6e-de988100f2e7,Transportation road of Kritipur Municipality,route hazard / safety,hazard; route_context,Vector,25000,2026-05-08t18:14:59.000z,2026-05-08t18:14:59.000z,As needed,"The content of this website can be accessed, printed and downloaded in an unaltered form (altered including being stretc",ICIMOD,2011-05-03T11:43:00,1709,Road; Transportation; Kritipur; Kathmandu; Nepal,85.24811,27.64263,85.44939,27.75023,true,https://rds.icimod.org/Home/DataDetail?metadataId=8593,Spatial extent overlaps Nepal; Explicitly mentions Nepal; Recent temporal coverage (≥2020)
424,85,high,8627,bf037a8a-d146-4b5d-99fb-7f11a956dddd,River of Bhaktapur Municipality,route hazard / safety,hazard; hydrology,Vector,25000,2026-05-08t18:14:59.000z,2026-05-08t18:14:59.000z,As needed,"The content of this website can be accessed, printed and downloaded in an unaltered form (altered including being stretc",ICIMOD,2011-05-04T13:45:00,1393,River; Bhaktapur; Kathmandu; Nepal,85.24811,27.64263,85.44939,27.75023,true,https://rds.icimod.org/Home/DataDetail?metadataId=8627,Spatial extent overlaps Nepal; Explicitly mentions Nepal; Recent temporal coverage (≥2020)
425,85,high,23208,48a06dd9-e2c6-4722-a9ae-af2fc590a031,Land cover data of East Rapti Watershed,flood / water context,hydrology; terrain_landcover; remote_sensing,Grid,0.00029696013 m,2026-05-08t18:14:59.000z,2026-05-08t18:14:59.000z,As needed,"Creative Commons Attribution 4.0 International (CC BY 4.0) | Users are permitted to copy, use, adapt, and redistribute S","ICIMOD, SERVIR Himalaya",2015-09-22,8322,Land Cover; servircat; icimod-servir; East Rapti; Nepal; Geoscientific information,84.1623,27.3257,85.21383,27.8107,true,https://rds.icimod.org/Home/DataDetail?metadataId=23208,Spatial extent overlaps Nepal; Explicitly mentions Nepal; Recent temporal coverage (≥2020); Open license (CC BY)
426,85,high,8555,4457faff-b6e3-4bef-ae1c-0281f859480b,Rivers of Thimi Municipality,route hazard / safety,hazard; hydrology,Vector,25000,2026-05-08t18:14:59.000z,2026-05-08t18:14:59.000z,As needed,"The content of this website can be accessed, printed and downloaded in an unaltered form (altered including being stretc",ICIMOD,2011-05-02T09:28:00,2261,River; Thimi; Kathmandu; Nepal,85.248113,27.642633,85.449391,27.750238,true,https://rds.icimod.org/Home/DataDetail?metadataId=8555,Spatial extent overlaps Nepal; Explicitly mentions Nepal; Recent temporal coverage (≥2020)
427,85,high,8610,50afeec6-9702-446d-8a4a-a983385e9708,Road edge of Kathmandu Metropolitan City,route hazard / safety,hazard; route_context,Vector,25000,2026-05-08t18:14:59.000z,2026-05-08t18:14:59.000z,As needed,"The content of this website can be accessed, printed and downloaded in an unaltered form (altered including being stretc",ICIMOD,2011-05-04T09:54:00,2079,Tranportation; Road; Kathmandu; Nepal,85.248113,27.642633,85.449391,27.750238,true,https://rds.icimod.org/Home/DataDetail?metadataId=8610,Spatial extent overlaps Nepal; Explicitly mentions Nepal; Recent temporal coverage (≥2020)
428,85,high,8578,6377935d-2f48-449f-b386-1b579b7acd77,Transportation Road of Lalitpur Municipality,route hazard / safety,hazard; route_context,Vector,25000,2026-05-08t18:14:59.000z,2026-05-08t18:14:59.000z,As needed,"The content of this website can be accessed, printed and downloaded in an unaltered form (altered including being stretc",ICIMOD,2011-05-02T14:01:00,2083,Transportation; Lalitpur; Kathmandu; Nepal,85.24811,27.64263,85.44939,27.75023,true,https://rds.icimod.org/Home/DataDetail?metadataId=8578,Spatial extent overlaps Nepal; Explicitly mentions Nepal; Recent temporal coverage (≥2020)
429,85,high,8591,39a801de-d4e0-4e89-9c17-68afd0723e12,River of Kritipur Municipality,route hazard / safety,hazard; hydrology,Vector,25000,2026-05-08t18:14:59.000z,2026-05-08t18:14:59.000z,As needed,"The content of this website can be accessed, printed and downloaded in an unaltered form (altered including being stretc",ICIMOD,2011-05-03T11:22:00,1189,River; Kritipur; Kathmandu; Nepal,85.24811,27.64263,85.44939,27.75023,true,https://rds.icimod.org/Home/DataDetail?metadataId=8591,Spatial extent overlaps Nepal; Explicitly mentions Nepal; Recent temporal coverage (≥2020)
430,85,high,8629,37045735-3ab6-482f-8d9b-0dfd9e017258,Transportation road of Bhaktapur Municipality,route hazard / safety,hazard; route_context,Vector,25000,2026-05-08t18:14:59.000z,2026-05-08t18:14:59.000z,As needed,"The content of this website can be accessed, printed and downloaded in an unaltered form (altered including being stretc",ICIMOD,2011-05-04T13:59:00,2280,Road; Transportation; Bhaktapur; Kathmandu; Nepal,85.24811,27.64263,85.44939,27.75023,true,https://rds.icimod.org/Home/DataDetail?metadataId=8629,Spatial extent overlaps Nepal; Explicitly mentions Nepal; Recent temporal coverage (≥2020)
431,85,high,1973705,4e49cc46-a59e-4917-99c5-eea2bc1378f0,Inventory of visualized hydropower plants in the upper Indus basin,real-time weather / forecast,weather_climate; hydrology,"Text, table",,2019-07-31t18:15:00.000z,2021-08-30t18:15:00.000z,As needed,Creative Commons Attribution 4.0 International (CC BY 4.0),"ICIMOD, Uterecht University",2023-11-20,33361,future hydropower potential; sustainable hydropower; historical hydrology; theoretical potential; technical potential; financial potential; sustainable potential; climate change; Upper Indus; Afghanistan; India; Pakistan; Kabul; Swat; Indus Main; Jhelum; Chenab; Ravi; Beas; Satluj; Geoscientific information,67.5485,30.3234,82.4489,37.0838,true,https://rds.icimod.org/Home/DataDetail?metadataId=1973705,Spatial extent overlaps Nepal; Recent temporal coverage (≥2020); Open license (CC BY); High portal popularity
432,84,high,29457,606b11a7-8780-46ae-92f1-aa218bd4741f,Air Quality Winter Fog Field Campaign Data for Thimpu,real-time weather / forecast,weather_climate; route_context,"Text, table",,2015-11-15t18:15:00.000z,2016-05-15t18:15:00.000z,Biannually,Only limited to Atmosphere Initiative users,ICIMOD,2015-11-16,4374,Air quality data; meterology data; PM10; PM2.5; PM1; Black carbon; Temperature; RH; precipiatation; wind speed; wind direction; solar flux; Atmosphere; Thimpu; Climatology; meteorology; atmosphere,88.75194,26.70361,92.11422,28.325,false,https://rds.icimod.org/Home/DataDetail?metadataId=29457,Spatial extent overlaps HKH region
433,84,high,23213,85033398-589b-436b-881a-2ba989c4c39b,East Rapti Watershed,flood / water context,hydrology; terrain_landcover,Vector,m,2026-05-08t18:14:59.000z,2026-05-08t18:14:59.000z,As needed,"Creative Commons Attribution 4.0 International (CC BY 4.0) | Users are permitted to copy, use, adapt, and redistribute S","ICIMOD, SERVIR Himalaya",2015-09-22,7410,Watershed; Basin; servircat; icimod-servir; East Rapti; Nepal; Geoscientific information,84.174665,27.352868,85.197341,27.783377,true,https://rds.icimod.org/Home/DataDetail?metadataId=23213,Spatial extent overlaps Nepal; Explicitly mentions Nepal; Recent temporal coverage (≥2020); Open license (CC BY)
434,84,high,18400,d27305c1-89f7-4683-af03-f633f5b28a55,"Precipitation Data of HYCOS Automatic Rainfall Station at Jiri, Nepal",real-time weather / forecast,weather_climate,,,2011-01-01t04:00:00.000z,2013-12-31t06:00:00.000z,As needed,,ICIMOD,2014-11-11,4269,HYCOS; Rainfall; Precipitation Station; Jiri; Dolkha; Nepal; Climatology; meteorology; atmosphere,86.23,27.63,86.23,27.63,true,https://rds.icimod.org/Home/DataDetail?metadataId=18400,Spatial extent overlaps Nepal; Explicitly mentions Nepal
435,84,high,18439,0dd54a19-4d0b-4494-ad5e-b6ae86b1d797,"Precipitation Data of HYCOS Automatic Rainfall Station at Tumlingtar, Nepal",real-time weather / forecast,weather_climate,,,2026-05-08t18:14:59.000z,2013-12-31t06:00:00.000z,As needed,,ICIMOD,2014-11-11,4770,HYCOS; Rainfall; Precipitation Station; Tumlingtar; Sankhuwasabha; Nepal; Climatology; meteorology; atmosphere,87.19716,27.31864,87.197163888889,27.31864,true,https://rds.icimod.org/Home/DataDetail?metadataId=18439,Spatial extent overlaps Nepal; Explicitly mentions Nepal
436,84,high,29456,7eea5b21-176f-4a40-a686-47b3c616be6b,Air Quality Winter Fog Field Campaign Data for Pasakha,real-time weather / forecast,weather_climate; route_context,"Text, table",,2016-01-06t18:15:00.000z,2016-05-06t18:15:00.000z,Biannually,Only limited to Atmosphere Initiative users,ICIMOD,2016-01-07,4537,Air quality data; meterology data; PM10; PM2.5; PM1; Black carbon; Temperature; RH; precipiatation; wind speed; wind direction; solar flux; Atmosphere; Pasakha; Climatology; meteorology; atmosphere,88.75194,26.70361,92.11422,28.325,false,https://rds.icimod.org/Home/DataDetail?metadataId=29456,Spatial extent overlaps HKH region
437,84,high,22323,879a1ccc-2b62-41de-bf53-249ec05894ee,Poverty and Vulnerability Assessment (PVA) household level data of Eastern Brahmaputra sub-basin in India,real-time weather / forecast,weather_climate; cryosphere; hydrology,"Text, table",,2010-12-31t23:15:00.000z,2012-12-30t23:15:00.000z,As needed,Creative Commons Attribution 4.0 International (CC BY 4.0),ICIMOD,2015-07-29,6701,Livestock; Livelihood; Climate Change; Income; Expenditure; Agriculture; Ecosystem Services; Governance; Gender; Mountain Poverty; Vulnerability; Socio-economic; India; Brahmaputra,68.14423,6.74583,97.38054,35.50562,true,https://rds.icimod.org/Home/DataDetail?metadataId=22323,Spatial extent overlaps Nepal; Open license (CC BY)
438,84,high,7959,d5363a96-bd2f-4721-a993-a613e916dd1b,"Community Forest Boundary of Charnawati River Watershed, Dolakha, Nepal",flood / water context,hydrology; remote_sensing,Vector,25000,2026-05-08t18:14:59.000z,2026-05-08t18:14:59.000z,As needed,Creative Commons Attribution 4.0 International (CC BY 4.0),ICIMOD,2010-07-18T11:00:00,2203,REDD; Watershed; Community forest; Natural resource; Charnawati Watershed; Dolakha; Nepal; Boundaries,85.8832,27.575683,86.118204,27.752094,true,https://rds.icimod.org/Home/DataDetail?metadataId=7959,Spatial extent overlaps Nepal; Explicitly mentions Nepal; Recent temporal coverage (≥2020); Open license (CC BY)
439,84,high,7963,f85fa4b6-dc41-40a7-b86e-dad4204fb1ea,"Hillshade of Charnawati River Watershed, Dolakha, Nepal",flood / water context,hydrology; terrain_landcover,Grid,25000,2026-05-08t18:14:59.000z,2026-05-08t18:14:59.000z,As needed,"The content of this website can be accessed, printed and downloaded in an unaltered form (altered including being stretc",ICIMOD,2010-07-18T11:00:00,2071,REDD; Watershed; Hillshade; Charnawati Watershed; Dolakha; Nepal; Elevation,85.8832,27.575683,86.118204,27.752094,true,https://rds.icimod.org/Home/DataDetail?metadataId=7963,Spatial extent overlaps Nepal; Explicitly mentions Nepal; Recent temporal coverage (≥2020)
440,83,high,8030,d105f19f-0c0d-42e1-ae4f-5c943d6c14d0,"Contour of Ludhi Khola Watershed, Gorkha, Nepal",flood / water context,hydrology; terrain_landcover,Vector,25000,2026-05-08t18:14:59.000z,2026-05-08t18:14:59.000z,As needed,"The content of this website can be accessed, printed and downloaded in an unaltered form (altered including being stretc",ICIMOD,2010-07-31T00:00:00,2466,REDD; Elevation; Topography; Ludhi khola Watershed; Gorkha; Nepal; Elevation,84.53063,27.90537,84.70519,27.99439,true,https://rds.icimod.org/Home/DataDetail?metadataId=8030,Spatial extent overlaps Nepal; Explicitly mentions Nepal; Recent temporal coverage (≥2020)
441,83,high,1972698,c205843e-79c8-4f50-8622-4ccadf95febe,"Mushrooms Flora of Nepal at Natural History Museum, Tribhuvan University, Nepal",terrain / base map,terrain_landcover,"Text, table",,1967-08-01t18:30:00.000z,2020-09-11t18:15:00.000z,Unknown,Creative Commons Attribution-NonCommercial 4.0 International (CC BY-NC 4.0) (https://creativecommons.org/licenses/by-nc/,Global Institute for Interdisciplinary Studies (GIIS),2021-01-25,4334,Occurrence; Biodiversity; Flora; Mushrooms; Specimen; Nepal; HKH-BIF; Biota,79.958,26.274,88.264,30.487,true,https://rds.icimod.org/Home/DataDetail?metadataId=1972698,Spatial extent overlaps Nepal; Explicitly mentions Nepal; Recent temporal coverage (≥2020); Long temporal baseline (≥10 years); Open license (CC BY)
442,83,high,23176,0e775a91-8603-4dc0-938e-d4d2ee90a23a,Landslides in Koshi Basin 2010,route hazard / safety,hazard; hydrology,Grid,90 m,2026-05-08t18:14:59.000z,2026-05-08t18:14:59.000z,As needed,Creative Commons Attribution 4.0 International (CC BY 4.0) | Free to use with attribution to the source. Suggested citat,ICIMOD,2014-11-26,6645,Landslide; Suspectibility; Vulnerablilty; Koshi Basin; Nepal; Geoscientific information,85.023788,25.334031,88.948388,29.137615,true,https://rds.icimod.org/Home/DataDetail?metadataId=23176,Spatial extent overlaps Nepal; Explicitly mentions Nepal; Recent temporal coverage (≥2020); Open license (CC BY)
443,83,high,23175,9aad2bdc-4b07-4308-bb74-680107ea80db,Landslides in Koshi Basin 1990,route hazard / safety,hazard; hydrology,Grid,90 m,2026-05-08t18:14:59.000z,2026-05-08t18:14:59.000z,As needed,Creative Commons Attribution 4.0 International (CC BY 4.0) | Free to use with attribution to the source. Suggested citat,ICIMOD,2014-11-26,6975,Landslide; Suspectibility; Vulnerablilty; Koshi Basin; Nepal; Geoscientific information,85.023788,25.334031,88.948388,29.137615,true,https://rds.icimod.org/Home/DataDetail?metadataId=23175,Spatial extent overlaps Nepal; Explicitly mentions Nepal; Recent temporal coverage (≥2020); Open license (CC BY)
444,83,high,8823,2cf12249-c815-41ff-82b4-cf8ed2c5ffeb,Digital Elevation Model of Bhutan,terrain / base map,terrain_landcover,Grid,50000,2026-05-08t18:14:59.000z,2026-05-08t18:14:59.000z,As needed,"The content of this website can be accessed, printed and downloaded in an unaltered form (altered including being stretc",ICIMOD,2011-11-15T12:33:00,7435,Digital Elevation Model; Altitude; Slope; Topography; Bhutan; Elevation,88.89,26.726,92.109,27.634,false,https://rds.icimod.org/Home/DataDetail?metadataId=8823,Spatial extent overlaps HKH region; Recent temporal coverage (≥2020)
445,83,high,1972695,eb81655d-c116-4e21-89cb-8998901818ee,"Lichens Flora of Nepal at Natural History Museum, Tribhuvan University, Nepal",terrain / base map,terrain_landcover,,,1980-10-09t18:30:00.000z,2020-12-09t18:15:00.000z,Unknown,Creative Commons Attribution-NonCommercial 4.0 International (CC BY-NC 4.0) (https://creativecommons.org/licenses/by-nc/,Global Institute for Interdisciplinary Studies (GIIS),2021-07-06,4490,Occurrence; Biodiversity; Flora; Lichens; Specimen; Nepal; HKH-BIF; Biota,79.958,26.274,88.264,30.487,true,https://rds.icimod.org/Home/DataDetail?metadataId=1972695,Spatial extent overlaps Nepal; Explicitly mentions Nepal; Recent temporal coverage (≥2020); Long temporal baseline (≥10 years); Open license (CC BY)
446,82,high,8655,c2de7d7d-3432-4628-a35d-0a0ed80a8bbe,Important Habitat Area of Bird Species of Hindu Kush Himalayan (HKH) Region,none,,Vector,,2026-05-08t18:14:59.000z,2026-05-08t18:14:59.000z,As needed,Creative Commons Attribution 4.0 International (CC BY 4.0),ICIMOD,2011-06-22T10:54:00,1577,Bird; Biodiversity; Habitat; Species; Hindu Kush Himalayan Region; HKH Region; Biota,65.0667,20.0833,104.25,37.4167,true,https://rds.icimod.org/Home/DataDetail?metadataId=8655,Spatial extent overlaps Nepal; Explicitly mentions Nepal; Recent temporal coverage (≥2020); Open license (CC BY)
447,82,high,8005,ede57c68-d744-43fc-9808-baddce6defaf,"Hillshade of Kayar Khola Watershed, Chitwan Nepal",flood / water context,hydrology; terrain_landcover,Grid,25000,2026-05-08t18:14:59.000z,2026-05-08t18:14:59.000z,As needed,"The content of this website can be accessed, printed and downloaded in an unaltered form (altered including being stretc",ICIMOD,2010-07-25T00:00:00,2180,REDD; Hillshade; Kayar Khola Watershed; Chitwan; Nepal; Elevation,84.527156,27.64993,84.726505,27.79811,true,https://rds.icimod.org/Home/DataDetail?metadataId=8005,Spatial extent overlaps Nepal; Explicitly mentions Nepal; Recent temporal coverage (≥2020)
448,82,high,8899,94a16f41-6b99-4f0c-aa49-4c15ecc398f1,Active Fire Incidents in Nepal,route hazard / safety,hazard; terrain_landcover; remote_sensing,Vector,25000,2012-01-31t18:15:00.000z,2016-02-28t18:15:00.000z,As needed,"Creative Commons Attribution 4.0 International (CC BY 4.0) | Users are permitted to copy, use, adapt, and redistribute S",ICIMOD,2012-01-09T11:59:00,8573,MODIS; Active fire; Forest Fire; Disaster; servircat; icimod-servir; Nepal; Location,80.0522,26.36836,88.19456,30.42472,true,https://rds.icimod.org/Home/DataDetail?metadataId=8899,Spatial extent overlaps Nepal; Explicitly mentions Nepal; Open license (CC BY)
449,82,high,7999,22ca373a-1170-4af1-b012-b46920ad48fe,"Community Forest Boundary of Kayar Khola Watershed, Chitwan Nepal",flood / water context,hydrology; remote_sensing,Vector,25000,2026-05-08t18:14:59.000z,2026-05-08t18:14:59.000z,As needed,Creative Commons Attribution 4.0 International (CC BY 4.0),ICIMOD,2010-07-25T00:00:00,3048,REDD; Forest; Kayar Khola Watershed; Chitwan; Nepal; Boundaries,84.556535,27.670243,84.694078,27.775666,true,https://rds.icimod.org/Home/DataDetail?metadataId=7999,Spatial extent overlaps Nepal; Explicitly mentions Nepal; Recent temporal coverage (≥2020); Open license (CC BY)
450,82,high,9182,e2fd0359-c241-4dcb-8f33-b2a6761c31dd,Basin Boundary of Koshi River Basin,flood / water context,hydrology,Vector,50000,2026-05-08t18:14:59.000z,2026-05-08t18:14:59.000z,As needed,Creative Commons Attribution 4.0 International (CC BY 4.0),ICIMOD,2013-06-13T14:23:00,5705,Basin Boundary; Watershed; Water resource management; Koshi Basin; Nepal; India; China; Boundaries,85.0238,25.3334,88.9502,29.1382,true,https://rds.icimod.org/Home/DataDetail?metadataId=9182,Spatial extent overlaps Nepal; Explicitly mentions Nepal; Recent temporal coverage (≥2020); Open license (CC BY)
451,82,high,23290,50174f4e-d248-4bf4-aba6-71e6f63f199f,"Land cover data of 2009 for Kayerkhola watershed, Chitwan District, Nepal",flood / water context,hydrology; terrain_landcover,Grid,5000,2013-12-31t18:15:00.000z,2014-12-30t18:15:00.000z,As needed,"Creative Commons Attribution 4.0 International (CC BY 4.0) | The SERVIR Project, NASA, USAID and ICIMOD make no express ","ICIMOD, SERVIR Himalaya",2015-09-22,48048,Basal Area(BA); REDD+; Forest; Land cover; servircat; icimod-servir; geo-biodiversity; Nepal; Chitwan; Geoscientific information,84.5565,27.6702,84.6939,27.7756,true,https://rds.icimod.org/Home/DataDetail?metadataId=23290,Spatial extent overlaps Nepal; Explicitly mentions Nepal; Open license (CC BY); High portal popularity
452,82,high,31016,5e19b3a6-910e-4537-a49e-bce2e5da2e78,Landslide data of 14 earthquake affected districts of Nepal,route hazard / safety,hazard,,m,2026-05-08t18:14:59.000z,2026-05-08t18:14:59.000z,Not planned,Creative Commons Attribution 4.0 International (CC BY 4.0),ICIMOD,2016-01-07,7162,Earthquake Affected District; Landslide; Landslides; Nepal; Geoscientific information,84.57,26.99,86.7,28.57,true,https://rds.icimod.org/Home/DataDetail?metadataId=31016,Spatial extent overlaps Nepal; Explicitly mentions Nepal; Recent temporal coverage (≥2020); Open license (CC BY)
453,81,high,8003,0ee2f4bf-3646-4a3d-b683-02ad4cdadc0d,"Contours of Charnawati River Watershed, Dolakha, Nepal",flood / water context,hydrology; terrain_landcover,Vector,25000,2026-05-08t18:14:59.000z,2026-05-08t18:14:59.000z,As needed,"The content of this website can be accessed, printed and downloaded in an unaltered form (altered including being stretc",ICIMOD,2010-07-18T11:00:00,1923,REDD; Watershed; Charnawati Watershed; Dolakha; Nepal; Elevation,85.8832,27.575683,86.118204,27.752094,true,https://rds.icimod.org/Home/DataDetail?metadataId=8003,Spatial extent overlaps Nepal; Explicitly mentions Nepal; Recent temporal coverage (≥2020)
454,81,high,31157,3303f6d3-7ecb-4951-8347-e8bed8d9140c,Slope of Kailash Sacred Landscape,terrain / base map,terrain_landcover,,m,2026-05-08t18:14:59.000z,2026-05-08t18:14:59.000z,As needed,Creative Commons Attribution 4.0 International (CC BY 4.0),ICIMOD,2016-11-29,2405,Digital Elevation Model; DEM; Slope; Digital elevation model; India; Nepal; Bajhang; Darchula; Humla; China; Kailash Sacred Landscape; Baitadi; Pithoragarh; Pulan; Geoscientific information,29.2997775325,31.2205517079,79.8275279385,82.5264156768,false,https://rds.icimod.org/Home/DataDetail?metadataId=31157,Spatial extent overlaps HKH region; Explicitly mentions Nepal; Recent temporal coverage (≥2020); Open license (CC BY)
455,81,high,25175,9707b4bf-0ed4-42f4-bdac-1b94f5fc5007,Compilation of Census Sex-Disaggregated Data on Koshi,real-time weather / forecast,weather_climate; hydrology,"Text, table",,2026-05-08t18:14:59.000z,2026-05-08t18:14:59.000z,As needed,,ICIMOD,2016-02-08,1958,Livestock; Livelihood; Climate Change; Gender; Vulnerability; Disaggregated; Census; Nepal; Koshi Basin; Geoscientific information,85.0238,25.334,88.9502,29.1382,true,https://rds.icimod.org/Home/DataDetail?metadataId=25175,Spatial extent overlaps Nepal; Explicitly mentions Nepal; Recent temporal coverage (≥2020)
456,81,high,1972547,67878880-3dda-43e3-8cfe-9e7fba783f53,Eddy Covariance Station Lirung Glacier,snowline / glacier context,cryosphere,,,2016-09-25t18:15:00.000z,2016-10-11t18:15:00.000z,Not planned,Creative Commons Attribution 4.0 International (CC BY 4.0),ICIMOD,2021-03-02,10890,meteorology; Langtang; Nepal; Geoscientific information,85.55711,28.23967,85.55711,28.23967,true,https://rds.icimod.org/Home/DataDetail?metadataId=1972547,Spatial extent overlaps Nepal; Explicitly mentions Nepal; Open license (CC BY); High portal popularity
457,81,high,8017,9c60585e-2587-4a19-91b9-bdbad5fba4dc,"Settlement of Charnawati River Watershed, Dolakha, Nepal",flood / water context,hydrology; route_context,Vector,25000,2026-05-08t18:14:59.000z,2026-05-08t18:14:59.000z,As needed,"The content of this website can be accessed, printed and downloaded in an unaltered form (altered including being stretc",ICIMOD,2010-07-18T11:00:00,1769,REDD; Watershed; Charnawati Watershed; Watershed; Nepal; Boundaries,85.8832,27.575683,86.118204,27.752094,true,https://rds.icimod.org/Home/DataDetail?metadataId=8017,Spatial extent overlaps Nepal; Explicitly mentions Nepal; Recent temporal coverage (≥2020)
458,81,high,7987,d8862980-da44-4b03-bf47-6499cddc034a,"Settlement Locations of Charnawati River Watershed, Dolakha, Nepal",flood / water context,hydrology; route_context,Vector,25000,2026-05-08t18:14:59.000z,2026-05-08t18:14:59.000z,As needed,"The content of this website can be accessed, printed and downloaded in an unaltered form (altered including being stretc",ICIMOD,2010-07-25T00:00:00,1600,REDD; Watershed; Settlement; Populated place; Charnawati Watershed; Dolakha; Nepal; Society,85.933265,27.589446,86.075213,27.74575,true,https://rds.icimod.org/Home/DataDetail?metadataId=7987,Spatial extent overlaps Nepal; Explicitly mentions Nepal; Recent temporal coverage (≥2020)
459,81,high,25763,2baf5af0-12c1-42c3-8a6a-40202491bdec,Population Monograph I-III Sex-Disaggregated Data Compilation,real-time weather / forecast,weather_climate; hydrology,"Text, table",,2026-05-08t18:14:59.000z,2026-05-08t18:14:59.000z,As needed,,ICIMOD,2016-03-29,1960,Livestock; Livelihood; Climate Change; Gender; Vulnerability; Disaggregated; Nepal; Koshi Basin; Economy,85.0238,25.334,88.9502,29.1382,true,https://rds.icimod.org/Home/DataDetail?metadataId=25763,Spatial extent overlaps Nepal; Explicitly mentions Nepal; Recent temporal coverage (≥2020)
460,81,high,7988,12eebafa-cf96-4da7-8c6a-138f87b3a8ad,"Spot Height of Charnawati River Watershed, Dolakha, Nepal",flood / water context,hydrology; terrain_landcover,Vector,25000,2026-05-08t18:14:59.000z,2026-05-08t18:14:59.000z,As needed,"The content of this website can be accessed, printed and downloaded in an unaltered form (altered including being stretc",ICIMOD,2010-07-25T00:00:00,2010,REDD; Watershed; Elevation; Charnawati Watershed; Dolakha; Nepal; Elevation,85.933265,27.589446,86.075213,27.74575,true,https://rds.icimod.org/Home/DataDetail?metadataId=7988,Spatial extent overlaps Nepal; Explicitly mentions Nepal; Recent temporal coverage (≥2020)
461,80,high,214,70ee0fe0-5bbe-4ba1-af84-3c14e90b7831,Mountain Peaks of Sagarmatha National Park (SNP) Nepal,route / travel UX,route_context,Vector,50000,2026-05-08t18:14:59.000z,2026-05-08t18:14:59.000z,As needed,Creative Commons Attribution 4.0 International (CC BY 4.0),ICIMOD,2011-07-08T12:23:00,2054,Mountain Peak; Summit; Sagarmatha National Park; Nepal; SNP; Location,86.513927,27.645707,86.985807,28.113354,true,https://rds.icimod.org/Home/DataDetail?metadataId=214,Spatial extent overlaps Nepal; Explicitly mentions Nepal; Recent temporal coverage (≥2020); Open license (CC BY)
462,80,high,23210,74009a5f-946e-4fb5-9e48-9689d2fda0d4,Houses point data representing individual houses within East Rapti Watershed,route hazard / safety,hazard; hydrology,Vector,m,2026-05-08t18:14:59.000z,2026-05-08t18:14:59.000z,As needed,"Creative Commons Attribution 4.0 International (CC BY 4.0) | Users are permitted to copy, use, adapt, and redistribute S","ICIMOD, SERVIR Himalaya",2015-09-22,5784,Houses; Infrastructure; servircat; icimod-servir; East Rapti; Nepal; Geoscientific information,84.162266,27.396531,85.18942,27.610937,true,https://rds.icimod.org/Home/DataDetail?metadataId=23210,Spatial extent overlaps Nepal; Explicitly mentions Nepal; Recent temporal coverage (≥2020); Open license (CC BY)
463,80,high,1040,ae4b4584-415b-47f1-8030-bd18e0344e35,Ecological Zones of Sagarmatha National Park (SNP) Nepal,route / travel UX,route_context,Vector,50000,2026-05-08t18:14:59.000z,2026-05-08t18:14:59.000z,As needed,Creative Commons Attribution 4.0 International (CC BY 4.0),ICIMOD,2007-09-20,3191,Environment; Ecology; Sagarmatha National Park; Nepal; SNP; Environment,86.513927,27.645707,86.985807,28.113354,true,https://rds.icimod.org/Home/DataDetail?metadataId=1040,Spatial extent overlaps Nepal; Explicitly mentions Nepal; Recent temporal coverage (≥2020); Open license (CC BY)
464,80,high,9197,4a136fd0-9e57-47f8-a898-7cc48ee133e8,Precipitation of driest month of HKH,real-time weather / forecast,weather_climate,Grid,100000,1950-01-14t04:15:00.000z,2000-01-14t04:01:00.000z,As needed,"The content of this website can be accessed, printed and downloaded in an unaltered form (altered including being stretc",ICIMOD,2013-06-14T09:39:00,1661,Precipitation; Climate; HKH; Climatology; meteorology; atmosphere,60.0000000000033,14.99999999999671,106.0083333333366,48.00833333333003,true,https://rds.icimod.org/Home/DataDetail?metadataId=9197,Spatial extent overlaps Nepal; Long temporal baseline (≥10 years)
465,80,high,9200,cc128d71-7563-40a6-a453-7adce8088125,Precipitation of warmest quarter of HKH,real-time weather / forecast,weather_climate,Grid,100000,1950-01-14t05:39:00.000z,2000-01-14t05:25:00.000z,As needed,"The content of this website can be accessed, printed and downloaded in an unaltered form (altered including being stretc",ICIMOD,2013-06-14T11:07:00,1799,Precipitation; Climate; HKH; Climatology; meteorology; atmosphere,60.0000000000033,14.99999999999671,106.0083333333366,48.00833333333003,true,https://rds.icimod.org/Home/DataDetail?metadataId=9200,Spatial extent overlaps Nepal; Long temporal baseline (≥10 years)
466,80,high,1464,e2eac9d7-dfe9-4ce1-a07e-b1f2219213e1,Education Institutions of Sagarmatha National Park (SNP) Nepal,route / travel UX,route_context,Vector,50000,2026-05-08t18:14:59.000z,2026-05-08t18:14:59.000z,As needed,Creative Commons Attribution 4.0 International (CC BY 4.0),ICIMOD,2011-07-08T12:05:00,1734,Education Institution; School; Sagarmatha National Park; Nepal; SNP; Location,86.513927,27.645707,86.985807,28.113354,true,https://rds.icimod.org/Home/DataDetail?metadataId=1464,Spatial extent overlaps Nepal; Explicitly mentions Nepal; Recent temporal coverage (≥2020); Open license (CC BY)
467,80,high,9202,e680e0eb-839d-4c40-8e79-ae0bbb81d47b,Precipitation of wettest quarter of HKH,real-time weather / forecast,weather_climate,Grid,100000,1950-01-14t06:35:00.000z,2000-01-14t06:21:00.000z,As needed,"The content of this website can be accessed, printed and downloaded in an unaltered form (altered including being stretc",ICIMOD,2013-06-14T12:01:00,1783,Precipitation; Climate; HKH; Climatology; meteorology; atmosphere,60.0000000000033,14.99999999999671,106.0083333333366,48.00833333333003,true,https://rds.icimod.org/Home/DataDetail?metadataId=9202,Spatial extent overlaps Nepal; Long temporal baseline (≥10 years)
468,80,high,9179,55c98c0a-e3e3-448f-9c6f-a425b3bced76,Annual Precipitation of HKH,real-time weather / forecast,weather_climate,Grid,100000,1950-06-13t07:30:00.000z,2000-10-13t06:30:00.000z,As needed,"The content of this website can be accessed, printed and downloaded in an unaltered form (altered including being stretc",ICIMOD,2013-06-13T11:47:00,1342,Precipitation; Climate; HKH; Climatology; meteorology; atmosphere,60.0000000000033,14.99999999999671,106.0083333333366,48.00833333333003,true,https://rds.icimod.org/Home/DataDetail?metadataId=9179,Spatial extent overlaps Nepal; Long temporal baseline (≥10 years)
469,80,high,23206,1268b17a-ddb1-441e-ac6d-85274eec5603,Inundation layers for incremental discharge from 100mm to 420mm and every 100% increase upto 1000%,route hazard / safety,hazard,Grid,m,2026-05-08t18:14:59.000z,2026-05-08t18:14:59.000z,As needed,"Creative Commons Attribution 4.0 International (CC BY 4.0) | Users are permitted to copy, use, adapt, and redistribute S","ICIMOD, SERVIR Himalaya",2015-09-22,46546,Inundation; Flood; servircat; icimod-servir; East Rapti; Nepal; Geoscientific information,84.15895,27.39518,85.17131,27.61884,true,https://rds.icimod.org/Home/DataDetail?metadataId=23206,Spatial extent overlaps Nepal; Explicitly mentions Nepal; Recent temporal coverage (≥2020); Open license (CC BY); High portal popularity
470,80,high,255,20af8124-ac5e-4b7e-9ef3-a255527c5c16,Ward Boundaries of the VDCs of Sagarmatha National Park (SNP) Nepal,route / travel UX,route_context,Vector,50000,2026-05-08t18:14:59.000z,2026-05-08t18:14:59.000z,As needed,Creative Commons Attribution 4.0 International (CC BY 4.0),ICIMOD,2011-07-08T12:27:00,2053,Ward Boundary; Administrative Boundary; Sagarmatha National Park; Nepal; SNP; Boundaries,86.513927,27.645707,86.985807,28.113354,true,https://rds.icimod.org/Home/DataDetail?metadataId=255,Spatial extent overlaps Nepal; Explicitly mentions Nepal; Recent temporal coverage (≥2020); Open license (CC BY)
471,80,high,2148,a4d13e70-3c87-445c-b119-ca76cb109a80,Landuse of 1986 Sagarmatha National Park (SNP) Nepal,route / travel UX,route_context,Vector,50000,2026-05-08t18:14:59.000z,2026-05-08t18:14:59.000z,As needed,Creative Commons Attribution 4.0 International (CC BY 4.0),ICIMOD,2011-07-08T13:53:00,4226,Land Use; Land Resource Mapping; Sagarmatha National Park; Nepal; SNP; Environment,86.513927,27.645707,86.985807,28.113354,true,https://rds.icimod.org/Home/DataDetail?metadataId=2148,Spatial extent overlaps Nepal; Explicitly mentions Nepal; Recent temporal coverage (≥2020); Open license (CC BY)
472,80,high,2081,b5ee30ee-64cb-4409-a412-91614da43905,Religious Sites of Sagarmatha National Park (SNP) Nepal,route / travel UX,route_context,Vector,50000,2026-05-08t18:14:59.000z,2026-05-08t18:14:59.000z,As needed,Creative Commons Attribution 4.0 International (CC BY 4.0),ICIMOD,2011-07-08T12:30:00,1709,Place of Worship; Monastery; Shrine; Temple; Sagarmatha National Park; Nepal; SNP; Location,86.513927,27.645707,86.985807,28.113354,true,https://rds.icimod.org/Home/DataDetail?metadataId=2081,Spatial extent overlaps Nepal; Explicitly mentions Nepal; Recent temporal coverage (≥2020); Open license (CC BY)
473,80,high,9199,76cb2342-2fd4-41c4-98b0-eb4ea5d8d8ee,Seasonality precipitation of HKH,real-time weather / forecast,weather_climate,Grid,100000,1950-01-14t05:29:00.000z,2000-01-14t05:15:00.000z,As needed,"The content of this website can be accessed, printed and downloaded in an unaltered form (altered including being stretc",ICIMOD,2013-06-14T10:54:00,2104,Precipitation; Climate; HKH; Climatology; meteorology; atmosphere,60.0000000000033,14.99999999999671,106.0083333333366,48.00833333333003,true,https://rds.icimod.org/Home/DataDetail?metadataId=9199,Spatial extent overlaps Nepal; Long temporal baseline (≥10 years)
474,80,high,23204,81368dc0-c23c-4924-a182-be44afa3df69,"Flood risk layers for different incremental discharge from 100mm to 420mm, and every 100% increase upto 1000%",route hazard / safety,hazard,Grid,m,2026-05-08t18:14:59.000z,2026-05-08t18:14:59.000z,As needed,"Creative Commons Attribution 4.0 International (CC BY 4.0) | Users are permitted to copy, use, adapt, and redistribute S","ICIMOD, SERVIR Himalaya",2015-09-22,46278,Risk; Flood; servircat; icimod-servir; East Rapti; Nepal; Geoscientific information,84.15895,27.39518,85.17131,27.61884,true,https://rds.icimod.org/Home/DataDetail?metadataId=23204,Spatial extent overlaps Nepal; Explicitly mentions Nepal; Recent temporal coverage (≥2020); Open license (CC BY); High portal popularity
475,80,high,8023,437f35d7-2e25-4241-9e0d-9e4dec2dac10,"Watershed Boundary of Kayar Khola Watershed, Chitwan Nepal",flood / water context,hydrology,Vector,25000,2026-05-08t18:14:59.000z,2026-05-08t18:14:59.000z,As needed,Creative Commons Attribution 4.0 International (CC BY 4.0),ICIMOD,2010-07-31T00:00:00,2804,REDD; Watershed; Water Basin; Kayar Khola Watershed; Chitwan; Nepal; Boundaries,84.556535,27.670243,84.694078,27.775666,true,https://rds.icimod.org/Home/DataDetail?metadataId=8023,Spatial extent overlaps Nepal; Explicitly mentions Nepal; Recent temporal coverage (≥2020); Open license (CC BY)
476,80,high,9201,cae289a2-966d-4aac-9572-09b947e629aa,Precipitation of wettest month of HKH,real-time weather / forecast,weather_climate,Grid,100000,1950-01-14t06:22:00.000z,2000-01-14t06:07:00.000z,As needed,"The content of this website can be accessed, printed and downloaded in an unaltered form (altered including being stretc",ICIMOD,2013-06-14T11:48:00,1573,Precipitation; Climate; HKH; Climatology; meteorology; atmosphere,60.0000000000033,14.99999999999671,106.0083333333366,48.00833333333003,true,https://rds.icimod.org/Home/DataDetail?metadataId=9201,Spatial extent overlaps Nepal; Long temporal baseline (≥10 years)
477,80,high,2679,fa11cce5-f7f6-4437-b01d-8f5b6df2a8e2,Airport Locations of Sagarmatha National Park (SNP) Nepal,route / travel UX,route_context,Vector,50000,2026-05-08t18:14:59.000z,2026-05-08t18:14:59.000z,As needed,Creative Commons Attribution 4.0 International (CC BY 4.0),ICIMOD,2011-07-08T14:03:00,1848,Airport; Transportation Infrastructure; Sagarmatha National Park; Nepal; SNP; Location,86.513927,27.645707,86.985807,28.113354,true,https://rds.icimod.org/Home/DataDetail?metadataId=2679,Spatial extent overlaps Nepal; Explicitly mentions Nepal; Recent temporal coverage (≥2020); Open license (CC BY)
478,80,high,91,6d6303ea-752d-4076-8bd8-51a46dfc6f9e,National Park and Buffer zone Boundary Sagarmatha National Park (SNP) Nepal,route / travel UX,route_context,Vector,50000,2026-05-08t18:14:59.000z,2026-05-08t18:14:59.000z,As needed,Creative Commons Attribution 4.0 International (CC BY 4.0),ICIMOD,2011-07-08T12:02:00,3046,Park Boundary; Buffer zone boundary; Outline; Sagarmatha National Park; Nepal; SNP; Boundaries,86.513927,27.645707,86.985807,28.113354,true,https://rds.icimod.org/Home/DataDetail?metadataId=91,Spatial extent overlaps Nepal; Explicitly mentions Nepal; Recent temporal coverage (≥2020); Open license (CC BY)
479,80,high,9198,a581535e-742d-4009-bfc0-eb31006f0a00,Precipitation of driest quarter of HKH,real-time weather / forecast,weather_climate,Grid,100000,1950-06-14t04:54:00.000z,2000-06-14t04:40:00.000z,As needed,"The content of this website can be accessed, printed and downloaded in an unaltered form (altered including being stretc",ICIMOD,2013-06-14T10:19:00,1933,Precipitation; Climate; HKH; Climatology; meteorology; atmosphere,60.0000000000033,14.99999999999671,106.0083333333366,48.00833333333003,true,https://rds.icimod.org/Home/DataDetail?metadataId=9198,Spatial extent overlaps Nepal; Long temporal baseline (≥10 years)
480,80,high,9192,d5ab56f3-634c-48a4-8d41-473104eb9a3a,Precipitation of coolest quarter of HKH,real-time weather / forecast,weather_climate,Grid,100000,1950-01-14t01:30:00.000z,2000-01-13t10:46:00.000z,As needed,"The content of this website can be accessed, printed and downloaded in an unaltered form (altered including being stretc",ICIMOD,2013-06-13T16:29:00,1445,Precipitation; Climate; HKH; Climatology; meteorology; atmosphere,60.0000000000033,14.99999999999671,106.0083333333366,48.00833333333003,true,https://rds.icimod.org/Home/DataDetail?metadataId=9192,Spatial extent overlaps Nepal; Long temporal baseline (≥10 years)
481,80,high,2147,6a571213-91b3-4f05-b896-b86c9863c9cf,Village Development Committee Boundary of Sagarmatha National Park (SNP) Nepal,route / travel UX,route_context,Vector,50000,2026-05-08t18:14:59.000z,2026-05-08t18:14:59.000z,As needed,Creative Commons Attribution 4.0 International (CC BY 4.0),ICIMOD,2011-07-08T13:43:00,2625,Administrative Boundary; VDC; Sagarmatha National Park; Nepal; SNP; Boundaries,86.513927,27.645707,86.985807,28.113354,true,https://rds.icimod.org/Home/DataDetail?metadataId=2147,Spatial extent overlaps Nepal; Explicitly mentions Nepal; Recent temporal coverage (≥2020); Open license (CC BY)
482,79,medium,9203,4f719f5f-b285-4f11-a4a4-0b1084aa19b8,Annual temperature range of HKH,real-time weather / forecast,weather_climate,Grid,100000,1950-06-14t07:03:00.000z,2000-01-14t06:48:00.000z,As needed,"The content of this website can be accessed, printed and downloaded in an unaltered form (altered including being stretc",ICIMOD,2013-06-14T12:20:00,1897,Temperature; Climate; HKH; Climatology; meteorology; atmosphere,60.0000000000033,14.99999999999671,106.0083333333366,48.00833333333003,true,https://rds.icimod.org/Home/DataDetail?metadataId=9203,Spatial extent overlaps Nepal; Long temporal baseline (≥10 years)
483,79,medium,9204,3ea80561-b9ae-4ffd-ae9a-81e23dd03b25,Mean temperature of coldest quarter of HKH,real-time weather / forecast,weather_climate,Grid,100000,1950-01-14t10:32:00.000z,2000-01-13t21:15:00.000z,As needed,"The content of this website can be accessed, printed and downloaded in an unaltered form (altered including being stretc",ICIMOD,2013-06-14T15:58:00,2201,Temperature; Climate; HKH; Climatology; meteorology; atmosphere,60.0000000000033,14.99999999999671,106.0083333333366,48.00833333333003,true,https://rds.icimod.org/Home/DataDetail?metadataId=9204,Spatial extent overlaps Nepal; Long temporal baseline (≥10 years)
484,79,medium,9206,283e8811-64a1-471d-9f06-d93175c863e4,Mean temperature of wettest quarter of HKH,real-time weather / forecast,weather_climate,Grid,100000,1950-01-14t11:04:00.000z,2000-01-14t10:50:00.000z,As needed,"The content of this website can be accessed, printed and downloaded in an unaltered form (altered including being stretc",ICIMOD,2013-06-14T16:32:00,1581,Temperature; Climate; HKH; Climatology; meteorology; atmosphere,60.0000000000033,14.99999999999671,106.0083333333366,48.00833333333003,true,https://rds.icimod.org/Home/DataDetail?metadataId=9206,Spatial extent overlaps Nepal; Long temporal baseline (≥10 years)
485,79,medium,7998,495d69aa-3699-4aad-950f-2840b9161924,"Builtup Area of Kayar Khola Watershed, Chitwan Nepal",flood / water context,hydrology; route_context,Vector,25000,2026-05-08t18:14:59.000z,2026-05-08t18:14:59.000z,As needed,"The content of this website can be accessed, printed and downloaded in an unaltered form (altered including being stretc",ICIMOD,2010-07-25T00:00:00,2046,REDD; Builtup; Settlement; Kayar Khola Watershed; Chitwan; Nepal; Location,84.556535,27.670243,84.694078,27.775666,true,https://rds.icimod.org/Home/DataDetail?metadataId=7998,Spatial extent overlaps Nepal; Explicitly mentions Nepal; Recent temporal coverage (≥2020)
486,79,medium,7989,83552e9b-6363-4af0-9df0-ad7488cef84f,"Tree Profile of Charnawati River Watershed, Dolakha, Nepal",flood / water context,hydrology; remote_sensing,Vector,25000,2026-05-08t18:14:59.000z,2026-05-08t18:14:59.000z,As needed,"The content of this website can be accessed, printed and downloaded in an unaltered form (altered including being stretc",ICIMOD,2010-07-25T00:00:00,1864,REDD; Watershed; Forest; Charnawati Watershed; Dolakha; Nepal; Environment,85.933265,27.589446,86.075213,27.74575,true,https://rds.icimod.org/Home/DataDetail?metadataId=7989,Spatial extent overlaps Nepal; Explicitly mentions Nepal; Recent temporal coverage (≥2020)
487,79,medium,36022,9fc54be0-c693-4a7f-9771-c3df6b7824f2,"Resilient Mountain Solution (RMS) and RMS Poverty and Vulnerability Assessment (PVA) household level data of Bhageswor Rural Municipality of Dadeldhura, Nepal Case Study",real-time weather / forecast,weather_climate; cryosphere,"Text, table",,2019-06-24t18:15:00.000z,2019-07-11t18:15:00.000z,As needed,,ICIMOD,2019-06-08,3721,Livestock; Livelihood; Climate Change; Income; Expenditure; Agriculture; Gender; Vulnerability; Financial services; Energy; Health; Water and Sanitation; Socio-economic; Dadeldhura; Nepal; Geoscientific information,80.583331,29.2999988,80.583331,29.2999988,true,https://rds.icimod.org/Home/DataDetail?metadataId=36022,Spatial extent overlaps Nepal; Explicitly mentions Nepal
488,79,medium,9205,b562cc58-d265-4e65-b935-65c7f3fb4aa6,Mean temperature of driest quarter of HKH,real-time weather / forecast,weather_climate,Grid,100000,1950-01-14t10:56:00.000z,2000-01-14t10:41:00.000z,As needed,"The content of this website can be accessed, printed and downloaded in an unaltered form (altered including being stretc",ICIMOD,2013-06-14T16:24:00,1658,Temperature; Climate; HKH; Climatology; meteorology; atmosphere,60.0000000000033,14.99999999999671,106.0083333333366,48.00833333333003,true,https://rds.icimod.org/Home/DataDetail?metadataId=9205,Spatial extent overlaps Nepal; Long temporal baseline (≥10 years)
489,79,medium,8013,06778c1e-54be-414a-a7cd-34f722a9f7d9,"Contour of Kayar Khola Watershed, Chitwan Nepal",flood / water context,hydrology; terrain_landcover,Vector,25000,2026-05-08t18:14:59.000z,2026-05-08t18:14:59.000z,As needed,"The content of this website can be accessed, printed and downloaded in an unaltered form (altered including being stretc",ICIMOD,2010-07-31T00:00:00,2113,REDD; Contour; Elevation; Kayar Khola Watershed; Chitwan; Nepal; Elevation,84.527156,27.64993,84.726505,27.79811,true,https://rds.icimod.org/Home/DataDetail?metadataId=8013,Spatial extent overlaps Nepal; Explicitly mentions Nepal; Recent temporal coverage (≥2020)
490,79,medium,7983,38db20b5-fe60-47d6-8ea6-2609f3dd64ac,"Road Network of Charnawati River Watershed, Dolakha, Nepal",flood / water context,hydrology; route_context,Vector,25000,2026-05-08t18:14:59.000z,2026-05-08t18:14:59.000z,As needed,"The content of this website can be accessed, printed and downloaded in an unaltered form (altered including being stretc",ICIMOD,2010-07-18T11:00:00,2135,REDD; Watershed; Transportation; Charnawati Watershed; Dolakha; Nepal; Transportation,85.8832,27.575683,86.118204,27.752094,true,https://rds.icimod.org/Home/DataDetail?metadataId=7983,Spatial extent overlaps Nepal; Explicitly mentions Nepal; Recent temporal coverage (≥2020)
491,79,medium,9189,ce9ca460-b1cf-42df-ac7f-0a100de670ef,Maximum Temperature of Warmest Month of HKH,real-time weather / forecast,weather_climate,Grid,100000,1950-09-15t01:30:00.000z,2000-02-14t18:15:00.000z,As needed,"The content of this website can be accessed, printed and downloaded in an unaltered form (altered including being stretc",ICIMOD,2013-06-13T15:52:00,1566,Temperature; Climate; HKH; Climatology; meteorology; atmosphere,60.0000000000033,14.99999999999671,106.0083333333366,48.00833333333003,true,https://rds.icimod.org/Home/DataDetail?metadataId=9189,Spatial extent overlaps Nepal; Long temporal baseline (≥10 years)
492,79,medium,20828,1cd1a2b5-c192-4733-ab01-4b348bebe671,Land cover of Nepal 1990,terrain / base map,terrain_landcover; remote_sensing,,30 m,2026-05-08t18:14:59.000z,2026-05-08t18:14:59.000z,As needed,Creative Commons Attribution 4.0 International (CC BY 4.0),"ICIMOD, SERVIR Himalaya",2014-10-31,19701,Land cover; Land use; servircat; icimod-servir; Nepal; Geoscientific information,80.0522,26.36836,88.19456,30.42472,true,https://rds.icimod.org/Home/DataDetail?metadataId=20828,Spatial extent overlaps Nepal; Explicitly mentions Nepal; Recent temporal coverage (≥2020); Open license (CC BY); High portal popularity
493,79,medium,8032,69adb29c-e484-4462-a03b-d913cc39d447,"Land Cover of Ludhi Khola Watershed, Gorkha, Nepal",flood / water context,hydrology; terrain_landcover; remote_sensing,Vector,25000,2026-05-08t18:14:59.000z,2026-05-08t18:14:59.000z,As needed,"The content of this website can be accessed, printed and downloaded in an unaltered form (altered including being stretc",ICIMOD,2010-07-31T00:00:00,2715,REDD; Land cover; Ludhi Khola Watershed; Gorkha; Nepal; Geoscientific information,84.554311,27.920334,84.679236,27.994388,true,https://rds.icimod.org/Home/DataDetail?metadataId=8032,Spatial extent overlaps Nepal; Explicitly mentions Nepal; Recent temporal coverage (≥2020)
494,79,medium,23211,bef2e978-687b-412a-afcc-4e82cc76136f,River network data of East Rapti Watershed,flood / water context,hydrology,Vector,m,2026-05-08t18:14:59.000z,2026-05-08t18:14:59.000z,As needed,"Creative Commons Attribution 4.0 International (CC BY 4.0) | Users are permitted to copy, use, adapt, and redistribute S","ICIMOD, SERVIR Himalaya",2015-09-22,47274,River; Drainage; servircat; icimod-servir; East Rapti; Nepal; Geoscientific information,84.153595,27.400565,85.17477,27.607365,true,https://rds.icimod.org/Home/DataDetail?metadataId=23211,Spatial extent overlaps Nepal; Explicitly mentions Nepal; Recent temporal coverage (≥2020); Open license (CC BY); High portal popularity
495,79,medium,9178,ea1e0491-7c04-46e3-a3f4-d4210f4801a3,Annual Mean Temperature of HKH Region,real-time weather / forecast,weather_climate,Grid,100000,1950-06-13t16:30:00.000z,2000-06-13t18:15:00.000z,As needed,"The content of this website can be accessed, printed and downloaded in an unaltered form (altered including being stretc",ICIMOD,2013-06-13T11:18:00,1712,Temperature; Climate; HKH; Climatology; meteorology; atmosphere,60.0000000000033,14.99999999999671,106.0083333333366,48.00833333333003,true,https://rds.icimod.org/Home/DataDetail?metadataId=9178,Spatial extent overlaps Nepal; Long temporal baseline (≥10 years)
496,79,medium,8016,dfa94e0d-3c5b-49e2-ab6a-07460dc66e71,"Settlement Locations of Kayar Khola Watershed, Chitwan Nepal",flood / water context,hydrology; route_context,Vector,25000,2026-05-08t18:14:59.000z,2026-05-08t18:14:59.000z,As needed,"The content of this website can be accessed, printed and downloaded in an unaltered form (altered including being stretc",ICIMOD,2010-07-31T00:00:00,2058,REDD; Settlement; Populated place; Kayar Khola Watershed; Chitwan; Nepal; Society,84.556535,27.670243,84.694078,27.775666,true,https://rds.icimod.org/Home/DataDetail?metadataId=8016,Spatial extent overlaps Nepal; Explicitly mentions Nepal; Recent temporal coverage (≥2020)
497,78,medium,9114,f5fd368c-f114-481a-84a1-79066b614ef8,"Floodplains of Central Karakoram National Park(CKNP), Pakistan.",snowline / glacier context,cryosphere; hazard; route_context; remote_sensing,Vector,20000 m,2026-05-08t18:14:59.000z,2026-05-08t18:14:59.000z,Not planned,"The content of this website can be accessed, printed and downloaded in an unaltered form (altered including being stretc",ICIMOD,2012-10-29,1562,Floodplain; Central Karakoram National Park (CKNP); Pakistan,75.399237,35.129345,76.48023,35.72849,false,https://rds.icimod.org/Home/DataDetail?metadataId=9114,Spatial extent overlaps HKH region; Recent temporal coverage (≥2020)
498,78,medium,9449,408ececb-7960-46c1-8a09-d84ed8320aa3,"Relativehumidity for the Taplejung station, Nepal",real-time weather / forecast,weather_climate; route_context,,,1986-12-31t18:15:00.000z,2009-12-30t18:15:00.000z,As needed,All copyrights reserved to Department of Hydrology and Meteorology.,ICIMOD,2014-04-22,1020,RelativeHumidity; SYNOPTIC; Water and Air; TAPLEJUNG; Taplejung; Nepal; Ganges; Koshi; Eastern Himalayan broadleaf forest; Climatology; meteorology; atmosphere,27.35,87.66666,27.35,87.66666,false,https://rds.icimod.org/Home/DataDetail?metadataId=9449,Outside Nepal/HKH region; Explicitly mentions Nepal; Long temporal baseline (≥10 years)
499,78,medium,2663,da028bc5-e6d8-46af-bcce-d2ab25b2d625,Volcanoes of Hindu Kush Himalayan (HKH) Region,route hazard / safety,hazard,Vector,1000000,2026-05-08t18:14:59.000z,2026-05-08t18:14:59.000z,As needed,Creative Commons Attribution 4.0 International (CC BY 4.0),ICIMOD,2007-09-25,2292,Volcano; Volcanic eruption; Disaster; Hindu Kush Himalayan Region; HKH; Location,60.853848,15.9578,105.044632,39.318611,true,https://rds.icimod.org/Home/DataDetail?metadataId=2663,Spatial extent overlaps Nepal; Recent temporal coverage (≥2020); Open license (CC BY)
500,77,medium,8012,828f620c-8f00-48f6-997a-87b7ca4ccb45,"Road Network of Kayar Khola Watershed, Chitwan Nepal",flood / water context,hydrology; route_context,Vector,25000,2026-05-08t18:14:59.000z,2026-05-08t18:14:59.000z,As needed,"The content of this website can be accessed, printed and downloaded in an unaltered form (altered including being stretc",ICIMOD,2010-07-31T00:00:00,2608,REDD; Road Network; Transportation Network; Kayar Khola Watershed; Chitwan; Nepal; Transportation,84.527156,27.64993,84.726505,27.79811,true,https://rds.icimod.org/Home/DataDetail?metadataId=8012,Spatial extent overlaps Nepal; Explicitly mentions Nepal; Recent temporal coverage (≥2020)
501,77,medium,8009,b190aef4-b25a-48e5-84e6-15ee4847f813,"River Network of Kayar Khola Watershed, Chitwan Nepal",flood / water context,hydrology,Vector,25000,2026-05-08t18:14:59.000z,2026-05-08t18:14:59.000z,As needed,"The content of this website can be accessed, printed and downloaded in an unaltered form (altered including being stretc",ICIMOD,2010-07-25T00:00:00,2658,REDD; River Network; Drainage Network; Hydrography; Kayar Khola Watershed; Chitwan; Nepal; Inland waters,84.527156,27.64993,84.726505,27.79811,true,https://rds.icimod.org/Home/DataDetail?metadataId=8009,Spatial extent overlaps Nepal; Explicitly mentions Nepal; Recent temporal coverage (≥2020)
502,77,medium,28630,af76b2d4-b4fe-4792-99ff-8429cc798c96,Land Cover of Pakistan 2010,terrain / base map,terrain_landcover; remote_sensing,Grid,30 m,2026-05-08t18:14:59.000z,2026-05-08t18:14:59.000z,As needed,"Creative Commons Attribution 4.0 International (CC BY 4.0) | Users are permitted to copy, use, adapt, and redistribute S",ICIMOD,2011-12-27T11:31:00,43609,Land Cover Classification; Land cover; servircat; icimod-servir; Pakistan; Geoscientific information,60.8663,23.68805,77.82393,37.06079,false,https://rds.icimod.org/Home/DataDetail?metadataId=28630,Spatial extent overlaps HKH region; Recent temporal coverage (≥2020); Open license (CC BY); High portal popularity
503,77,medium,28631,fbc7ade9-f6e7-49c2-b99d-e7840ed88dcf,Land Cover of Pakistan 2000,terrain / base map,terrain_landcover; remote_sensing,Grid,30 m,2026-05-08t18:14:59.000z,2026-05-08t18:14:59.000z,As needed,"Creative Commons Attribution 4.0 International (CC BY 4.0) | Users are permitted to copy, use, adapt, and redistribute S",ICIMOD,2011-12-27T11:31:00,42372,Land Cover Classification; Land cover; servircat; icimod-servir; Pakistan; Geoscientific information,60.8663,23.68805,77.82393,37.06079,false,https://rds.icimod.org/Home/DataDetail?metadataId=28631,Spatial extent overlaps HKH region; Recent temporal coverage (≥2020); Open license (CC BY); High portal popularity
504,77,medium,28632,abfc1092-71b2-4b51-a144-ad4aff527a2e,Land Cover of Pakistan 1990,terrain / base map,terrain_landcover; remote_sensing,Grid,30 m,2026-05-08t18:14:59.000z,2026-05-08t18:14:59.000z,As needed,"Creative Commons Attribution 4.0 International (CC BY 4.0) | Users are permitted to copy, use, adapt, and redistribute S",ICIMOD,2011-12-27T11:31:00,47020,Land Cover Classification; Land cover; servircat; icimod-servir; Pakistan; Geoscientific information,60.8663,23.68805,77.82393,37.06079,false,https://rds.icimod.org/Home/DataDetail?metadataId=28632,Spatial extent overlaps HKH region; Recent temporal coverage (≥2020); Open license (CC BY); High portal popularity
505,77,medium,23291,8630a3ca-3b1d-4e76-9d3e-c64a1bf10098,"Land cover data of 2012 for Kayerkhola watershed, Chitwan District, Nepal",flood / water context,hydrology; terrain_landcover,Grid,5000,2013-12-31t18:15:00.000z,2014-12-30t18:15:00.000z,As needed,"Creative Commons Attribution 4.0 International (CC BY 4.0) | The SERVIR Project, NASA, USAID and ICIMOD make no express ","ICIMOD, SERVIR Himalaya",2015-09-22,4058,Basal Area(BA); REDD+; Forest; Land cover; servircat; icimod-servir; geo-biodiversity; Nepal; Chitwan; Geoscientific information,84.5565,27.6702,84.6939,27.7756,true,https://rds.icimod.org/Home/DataDetail?metadataId=23291,Spatial extent overlaps Nepal; Explicitly mentions Nepal; Open license (CC BY)
506,77,medium,8007,de433e07-094d-4778-bd79-e8c4d1c300e4,"Land Use of Kayar Khola Watershed, Chitwan Nepal",flood / water context,hydrology; terrain_landcover,Vector,25000,2026-05-08t18:14:59.000z,2026-05-08t18:14:59.000z,As needed,"The content of this website can be accessed, printed and downloaded in an unaltered form (altered including being stretc",ICIMOD,2010-07-25T00:00:00,2607,REDD; Land cover; Land use; Kayar Khola Watershed; Chitwan; Nepal; Environment,84.527156,27.64993,84.726505,27.79811,true,https://rds.icimod.org/Home/DataDetail?metadataId=8007,Spatial extent overlaps Nepal; Explicitly mentions Nepal; Recent temporal coverage (≥2020)
507,77,medium,8021,4ddc35a7-f4d3-48e5-a1a8-9070aff6db25,"Water Bodies of Kayar Khola Watershed, Chitwan Nepal",flood / water context,hydrology,Vector,25000,2026-05-08t18:14:59.000z,2026-05-08t18:14:59.000z,As needed,"The content of this website can be accessed, printed and downloaded in an unaltered form (altered including being stretc",ICIMOD,2010-07-18T11:00:00,2122,REDD; River Network; Hydrography; Kayar Khola Watershed; Chitwan; Nepal; Inland waters,84.556535,27.670243,84.694078,27.775666,true,https://rds.icimod.org/Home/DataDetail?metadataId=8021,Spatial extent overlaps Nepal; Explicitly mentions Nepal; Recent temporal coverage (≥2020)
508,76,medium,9162,35133008-b781-4350-aef9-0954d7389caa,"Digital Elevation Model of Central Karakoram National Park(CKNP), Pakistan.",terrain / base map,terrain_landcover; route_context,Grid,30 m,2026-05-08t18:14:59.000z,2026-05-08t18:14:59.000z,Not planned,Creative Commons Attribution 4.0 International (CC BY 4.0),ICIMOD,2012-11-12,2272,Digital Elevation Model; DEM; Central Karakoram National Park; Pakistan; CKNP; Elevation,74.250933,35.035133,76.778271,36.641895,false,https://rds.icimod.org/Home/DataDetail?metadataId=9162,Spatial extent overlaps HKH region; Recent temporal coverage (≥2020); Open license (CC BY)
509,76,medium,3752,8e5de84d-ca2e-410f-9380-df241e2e826e,Settlements of Hindu Kush Himalayan (HKH) Region,route / travel UX,route_context,Vector,1000000,2026-05-08t18:14:59.000z,2026-05-08t18:14:59.000z,As needed,Creative Commons Attribution 4.0 International (CC BY 4.0),ICIMOD,2007-09-28,2194,Settlement; Populated Places; Habitat; Hindu Kush Himalayan (HKH) Region; HKH; Location,60.853848,15.9578,105.044632,39.318611,true,https://rds.icimod.org/Home/DataDetail?metadataId=3752,Spatial extent overlaps Nepal; Recent temporal coverage (≥2020); Open license (CC BY)
510,76,medium,1972957,b1b2b7a3-de1d-4ba7-bf2b-e41539e3d6d2,Future sea-level rise projections for tide gauge locations in South Asia,real-time weather / forecast,weather_climate; cryosphere,,,2026-05-08t18:14:59.000z,2026-05-08t18:14:59.000z,As needed,Creative Commons Attribution 4.0 International (CC BY 4.0),Met Office,2021-12-14,11586,Sea-level change; Climate Change; Tide Gauge; South Asia; ARRCC; Met Office; Climatology; meteorology; atmosphere,44.974,-7.29,97.617,24.812,false,https://rds.icimod.org/Home/DataDetail?metadataId=1972957,Spatial extent overlaps HKH region; Recent temporal coverage (≥2020); Open license (CC BY); High portal popularity
511,76,medium,9869,ff79c201-83e8-47b4-8702-de43254d97e4,Hydrological Station of Koshi Basin,flood / water context,hydrology,Vector,50000,2026-05-08t18:14:59.000z,2026-05-08t18:14:59.000z,As needed,Creative Commons Attribution 4.0 International (CC BY 4.0),ICIMOD,2013-06-13T14:54:00,4970,Hydrological stations; Hydrology; Basin; Koshi Basin; Nepal; India; China; Location,85.0238,25.3334,88.9502,29.1382,true,https://rds.icimod.org/Home/DataDetail?metadataId=9869,Spatial extent overlaps Nepal; Explicitly mentions Nepal; Recent temporal coverage (≥2020); Open license (CC BY)
512,76,medium,21976,18ba0b71-4017-422e-9cac-2b8d0de2fa6e,Poverty and Vulnerability Assessment Tool (PVAT) questionnaire dataset of Nepal 2011/12,snowline / glacier context,cryosphere,"Text, table",,2010-12-31t23:15:00.000z,2012-12-30t23:15:00.000z,As needed,Creative Commons Attribution 4.0 International (CC BY 4.0),ICIMOD,2014-10-31,5773,Household; Ethnicity; Religion; Occupation; Facility; Transportation; Education; Agriculture; Socio-economic; Nepal; Geoscientific information,80.0522,26.36836,88.19456,30.42472,true,https://rds.icimod.org/Home/DataDetail?metadataId=21976,Spatial extent overlaps Nepal; Explicitly mentions Nepal; Open license (CC BY)
513,75,medium,8569,729386ca-fe0e-4772-9313-98277910e985,Ward boundary of Thimi Municipality,route hazard / safety,hazard,Vector,25000,2026-05-07t18:14:59.000z,2026-05-07t18:14:59.000z,As needed,"The content of this website can be accessed, printed and downloaded in an unaltered form (altered including being stretc",ICIMOD,2011-05-02T11:56:00,1427,Ward; Boundary; Thimi; Kathmandu; Nepal,85.24811,27.64263,85.44939,27.75023,true,https://rds.icimod.org/Home/DataDetail?metadataId=8569,Spatial extent overlaps Nepal; Explicitly mentions Nepal; Recent temporal coverage (≥2020)
514,75,medium,8562,fdf90119-350d-4c76-bd6b-0250529cfe35,Sewerage line of Thimi Municipality,route hazard / safety,hazard,Vector,25000,2026-05-07t18:14:59.000z,2026-05-07t18:14:59.000z,As needed,"The content of this website can be accessed, printed and downloaded in an unaltered form (altered including being stretc",ICIMOD,2011-05-02T10:26:00,1613,Sewerage; Thimi; Kathmandu; Nepal,85.24811,27.64263,85.44939,27.75023,true,https://rds.icimod.org/Home/DataDetail?metadataId=8562,Spatial extent overlaps Nepal; Explicitly mentions Nepal; Recent temporal coverage (≥2020)
515,75,medium,8565,7657c55d-5dfb-4287-ad2b-e8439a04d721,Electricity stations of Thimi Municipality,route hazard / safety,hazard,Vector,25000,2026-05-07t18:14:59.000z,2026-05-07t18:14:59.000z,As needed,"The content of this website can be accessed, printed and downloaded in an unaltered form (altered including being stretc",ICIMOD,2011-05-02T11:26:00,1530,Electric stations; Thimi; Kathmandu; Nepal,85.24811,27.64263,85.44939,27.75023,true,https://rds.icimod.org/Home/DataDetail?metadataId=8565,Spatial extent overlaps Nepal; Explicitly mentions Nepal; Recent temporal coverage (≥2020)
516,75,medium,8553,c9b08a30-37d5-4e66-8d49-5e0b18a085ec,Contour of Kathmandu Metropolitian City,route hazard / safety,hazard,Vector,25000,2026-05-07t18:14:59.000z,2026-05-07t18:14:59.000z,As needed,"The content of this website can be accessed, printed and downloaded in an unaltered form (altered including being stretc",ICIMOD,2011-04-29T14:44:00,2158,Contour; Kathmandu; Nepal,85.24811,27.64263,85.44939,27.75023,true,https://rds.icimod.org/Home/DataDetail?metadataId=8553,Spatial extent overlaps Nepal; Explicitly mentions Nepal; Recent temporal coverage (≥2020)
517,75,medium,8568,ac603176-382c-4073-b204-26b346d05f35,Courtyards of Thimi Municipality,route hazard / safety,hazard,Vector,25000,2026-05-07t18:14:59.000z,2026-05-07t18:14:59.000z,As needed,"The content of this website can be accessed, printed and downloaded in an unaltered form (altered including being stretc",ICIMOD,2011-05-02T11:49:00,1645,Courtyard; Thimi; Kathmandu; Nepal,85.24811,27.64263,85.44939,27.75023,true,https://rds.icimod.org/Home/DataDetail?metadataId=8568,Spatial extent overlaps Nepal; Explicitly mentions Nepal; Recent temporal coverage (≥2020)
518,75,medium,8545,497d6740-b909-448f-9a4c-d8da94a5d6c5,Hospitals of Kathmandu Metropolitan City,route hazard / safety,hazard,Vector,25000,2026-05-07t18:14:59.000z,2026-05-07t18:14:59.000z,As needed,"The content of this website can be accessed, printed and downloaded in an unaltered form (altered including being stretc",ICIMOD,2011-04-29T13:35:00,1810,Hospitals; Kathmandu; Nepal,85.248113,27.642633,85.449391,27.750238,true,https://rds.icimod.org/Home/DataDetail?metadataId=8545,Spatial extent overlaps Nepal; Explicitly mentions Nepal; Recent temporal coverage (≥2020)
519,75,medium,8556,bf5bd7c7-d1a6-40ab-93cf-0bb96d23b95b,Ponds of Thimi Municipality,route hazard / safety,hazard,Vector,25000,2026-05-07t18:14:59.000z,2026-05-07t18:14:59.000z,As needed,"The content of this website can be accessed, printed and downloaded in an unaltered form (altered including being stretc",ICIMOD,2011-05-02T09:34:00,1742,Thimi; Pond; Kathmandu; Nepal,85.24811,27.64263,85.44939,27.75023,true,https://rds.icimod.org/Home/DataDetail?metadataId=8556,Spatial extent overlaps Nepal; Explicitly mentions Nepal; Recent temporal coverage (≥2020)
520,75,medium,8548,7a3398d9-fc4f-4f2f-9e58-41a8129a1bc7,Business zone of Kathmandu Metropolitian City,route hazard / safety,hazard,Vector,25000,2026-05-07t18:14:59.000z,2026-05-07t18:14:59.000z,As needed,"The content of this website can be accessed, printed and downloaded in an unaltered form (altered including being stretc",ICIMOD,2011-04-29T14:03:00,1695,Business zone; Kathmandu; Nepal,85.24811,27.64263,85.44939,27.75023,true,https://rds.icimod.org/Home/DataDetail?metadataId=8548,Spatial extent overlaps Nepal; Explicitly mentions Nepal; Recent temporal coverage (≥2020)
521,75,medium,8854,26755723-e854-42fb-8f4d-ee734b1b7b3a,Electric Tranformers Station of Kathmandu Municipality,route hazard / safety,hazard,Vector,25000,2026-05-08t18:14:59.000z,2026-05-08t18:14:59.000z,As needed,"The content of this website can be accessed, printed and downloaded in an unaltered form (altered including being stretc",ICIMOD,2011-12-06T10:16:00,1545,Electric Tranformer Station; Kathmandu; Nepal,85.248113,27.642633,85.449391,27.750238,true,https://rds.icimod.org/Home/DataDetail?metadataId=8854,Spatial extent overlaps Nepal; Explicitly mentions Nepal; Recent temporal coverage (≥2020)
522,75,medium,8864,8f7710fa-0eee-420d-a195-f615414c9266,Crematory Dataset of Kathmandu,route hazard / safety,hazard,Vector,25000,2026-05-08t18:14:59.000z,2026-05-08t18:14:59.000z,As needed,"The content of this website can be accessed, printed and downloaded in an unaltered form (altered including being stretc",ICIMOD,2011-12-08T10:31:00,1386,Crematory; Kathmandu; Nepal,80.0522,26.36836,88.19456,30.42472,true,https://rds.icimod.org/Home/DataDetail?metadataId=8864,Spatial extent overlaps Nepal; Explicitly mentions Nepal; Recent temporal coverage (≥2020)
523,75,medium,8542,a2ca8931-ec09-434e-8a81-f433a988ecca,Other Residential zones of Kathmandu Metropolitian City,route hazard / safety,hazard,Vector,25000,2026-05-08t18:14:59.000z,2026-05-08t18:14:59.000z,As needed,"The content of this website can be accessed, printed and downloaded in an unaltered form (altered including being stretc",ICIMOD,2011-04-29T13:04:00,1462,Residential; Kathmandu; Nepal,85.24811,27.64263,85.44939,27.75023,true,https://rds.icimod.org/Home/DataDetail?metadataId=8542,Spatial extent overlaps Nepal; Explicitly mentions Nepal; Recent temporal coverage (≥2020)
524,75,medium,8588,76571e3d-be16-4f6f-8784-d5e66f7156a9,Boundary of Lalitpur Municipality,route hazard / safety,hazard,Vector,25000,2026-05-08t18:14:59.000z,2026-05-08t18:14:59.000z,As needed,"The content of this website can be accessed, printed and downloaded in an unaltered form (altered including being stretc",ICIMOD,2011-05-03T10:18:00,1870,Boundaries; Lalitpur; Kathmandu; Nepal,85.24811,27.64263,85.44939,27.75023,true,https://rds.icimod.org/Home/DataDetail?metadataId=8588,Spatial extent overlaps Nepal; Explicitly mentions Nepal; Recent temporal coverage (≥2020)
525,75,medium,8604,f1def0e2-17a2-45b3-81d9-22fb99d28555,Boundary of Kritipur Municipality,route hazard / safety,hazard,Vector,25000,2026-05-08t18:14:59.000z,2026-05-08t18:14:59.000z,As needed,"The content of this website can be accessed, printed and downloaded in an unaltered form (altered including being stretc",ICIMOD,2011-05-03T14:00:00,1581,Boundaries; Kritipur; Kathmandu; Nepal,85.24811,27.64263,85.44939,27.75023,true,https://rds.icimod.org/Home/DataDetail?metadataId=8604,Spatial extent overlaps Nepal; Explicitly mentions Nepal; Recent temporal coverage (≥2020)
526,75,medium,8638,79e3e66c-a89c-446f-8166-4d80e4d13add,Building footprint of Bhaktapur Municipality,route hazard / safety,hazard,Vector,25000,2026-05-08t18:14:59.000z,2026-05-08t18:14:59.000z,As needed,"The content of this website can be accessed, printed and downloaded in an unaltered form (altered including being stretc",ICIMOD,2011-05-04T15:09:00,1376,Building; footprint; Bhaktapur; Kathmandu; Nepal,85.24811,27.64263,85.44939,27.75023,true,https://rds.icimod.org/Home/DataDetail?metadataId=8638,Spatial extent overlaps Nepal; Explicitly mentions Nepal; Recent temporal coverage (≥2020)
527,75,medium,1700,d7047262-d581-43ce-8dd6-2cafd7ccb2a0,Contours of Dang and Salyan District Nepal,terrain / base map,terrain_landcover,Vector,50000,2026-05-08t18:14:59.000z,2026-05-08t18:14:59.000z,As needed,"The content of this website can be accessed, printed and downloaded in an unaltered form (altered including being stretc",ICIMOD,2007-10-19,5728,Contour; Elevation; Topography; Salyan; Dang; Nepal; Elevation,81.45,27.41,82.882309,28.64115,true,https://rds.icimod.org/Home/DataDetail?metadataId=1700,Spatial extent overlaps Nepal; Explicitly mentions Nepal; Recent temporal coverage (≥2020)
528,75,medium,8595,47bd5e65-0c4c-43fc-85af-cf31ef2c0d49,Place name of Kritipur Municipality,route hazard / safety,hazard,Vector,25000,2026-05-08t18:14:59.000z,2026-05-08t18:14:59.000z,As needed,"The content of this website can be accessed, printed and downloaded in an unaltered form (altered including being stretc",ICIMOD,2011-05-03T11:58:00,1364,Placename; Kritipur; Kathmandu; Nepal,85.24811,27.64263,85.44939,27.75023,true,https://rds.icimod.org/Home/DataDetail?metadataId=8595,Spatial extent overlaps Nepal; Explicitly mentions Nepal; Recent temporal coverage (≥2020)
529,75,medium,8642,19c114d1-2b33-45d8-9b5c-3f2605e8368b,Boundary of Bhaktapur Municipality,route hazard / safety,hazard,Vector,25000,2026-05-08t18:14:59.000z,2026-05-08t18:14:59.000z,As needed,"The content of this website can be accessed, printed and downloaded in an unaltered form (altered including being stretc",ICIMOD,2011-05-04T16:14:00,1757,Boundary; Bhaktapur; Kathmandu; Nepal,85.24811,27.64263,85.44939,27.75023,true,https://rds.icimod.org/Home/DataDetail?metadataId=8642,Spatial extent overlaps Nepal; Explicitly mentions Nepal; Recent temporal coverage (≥2020)
530,75,medium,8549,c93f2014-8e04-4ea2-b45a-4caa0aac92d6,Business Buffer Zone of Kathmandu Metropolitian City,route hazard / safety,hazard,Vector,25000,2026-05-08t18:14:59.000z,2026-05-08t18:14:59.000z,As needed,"The content of this website can be accessed, printed and downloaded in an unaltered form (altered including being stretc",ICIMOD,2011-04-29T14:09:00,2161,Business Area; Buffer zone; Kathmandu; Nepal; Economy,85.25,27.60105,85.46876,27.79881,true,https://rds.icimod.org/Home/DataDetail?metadataId=8549,Spatial extent overlaps Nepal; Explicitly mentions Nepal; Recent temporal coverage (≥2020)
531,75,medium,3629,ba25a3ef-596e-4995-8cf2-3375a06da6ba,Road Network of Lamjung District Nepal,snowline / glacier context,cryosphere; route_context,Vector,125000,2026-05-08t18:14:59.000z,2026-05-08t18:14:59.000z,As needed,"The content of this website can be accessed, printed and downloaded in an unaltered form (altered including being stretc",ICIMOD,2008-08-16T21:04:00,2576,Road network; Transportation network; Lamjung; Nepal; Transportation,84.1,28,84.695854,28.511126,true,https://rds.icimod.org/Home/DataDetail?metadataId=3629,Spatial extent overlaps Nepal; Explicitly mentions Nepal; Recent temporal coverage (≥2020)
532,75,medium,8535,5314b90f-faf1-4dc3-993b-e629a64525b6,Mixed Landuse of Kathmandu Metropolitian City,route hazard / safety,hazard,Vector,25000,2026-05-08t18:14:59.000z,2026-05-08t18:14:59.000z,As needed,"The content of this website can be accessed, printed and downloaded in an unaltered form (altered including being stretc",ICIMOD,2011-04-29T11:22:00,3764,Mixed; Landuse; Kathmandu; Nepal; Boundaries,85.24811,27.64263,85.44939,27.75023,true,https://rds.icimod.org/Home/DataDetail?metadataId=8535,Spatial extent overlaps Nepal; Explicitly mentions Nepal; Recent temporal coverage (≥2020)
533,75,medium,8536,e3306313-c95e-4c00-aee3-817609eb1607,Institutions of Kathmandu Metropolitian City,route hazard / safety,hazard,Vector,25000,2026-05-08t18:14:59.000z,2026-05-08t18:14:59.000z,As needed,"The content of this website can be accessed, printed and downloaded in an unaltered form (altered including being stretc",ICIMOD,2011-04-29T11:29:00,1427,Institutional; Kathmandu; Nepal; Boundaries,85.24811,27.64263,85.44939,27.75023,true,https://rds.icimod.org/Home/DataDetail?metadataId=8536,Spatial extent overlaps Nepal; Explicitly mentions Nepal; Recent temporal coverage (≥2020)
534,75,medium,8540,2a9ef28e-a9d6-4cdf-bf54-6c31dc6c4deb,Schools of Kathmandu Metropolitian City,route hazard / safety,hazard,Vector,25000,2026-05-08t18:14:59.000z,2026-05-08t18:14:59.000z,As needed,"The content of this website can be accessed, printed and downloaded in an unaltered form (altered including being stretc",ICIMOD,2011-04-29T12:13:00,1871,Schools; Kathmandu; Nepal; Boundaries,85.24811,27.64263,85.44939,27.75023,true,https://rds.icimod.org/Home/DataDetail?metadataId=8540,Spatial extent overlaps Nepal; Explicitly mentions Nepal; Recent temporal coverage (≥2020)
535,75,medium,8590,cfd364b5-b19a-48c3-9f7e-45938e609b3e,Stream of Kritipur Municipality,route hazard / safety,hazard,Vector,25000,2026-05-08t18:14:59.000z,2026-05-08t18:14:59.000z,As needed,"The content of this website can be accessed, printed and downloaded in an unaltered form (altered including being stretc",ICIMOD,2011-05-03T11:08:00,1481,Stream; Kritipur; Kathmandu; Nepal,85.24811,27.64263,85.44939,27.75023,true,https://rds.icimod.org/Home/DataDetail?metadataId=8590,Spatial extent overlaps Nepal; Explicitly mentions Nepal; Recent temporal coverage (≥2020)
536,75,medium,8601,c82b43a4-83a0-4087-9c9c-c5e0d4e5fe86,Built-up area of Kritipur Municipality,route hazard / safety,hazard,Vector,25000,2026-05-08t18:14:59.000z,2026-05-08t18:14:59.000z,As needed,"The content of this website can be accessed, printed and downloaded in an unaltered form (altered including being stretc",ICIMOD,2011-05-03T14:00:00,1691,Building; Kritipur; Kathmandu; Nepal,85.24811,27.64263,85.44939,27.75023,true,https://rds.icimod.org/Home/DataDetail?metadataId=8601,Spatial extent overlaps Nepal; Explicitly mentions Nepal; Recent temporal coverage (≥2020)
537,75,medium,8625,e10900eb-40a8-4286-ae8b-d19529e3bbfd,Boundary of Kathmandu Metropolitian City,route hazard / safety,hazard,Vector,25000,2026-05-08t18:14:59.000z,2026-05-08t18:14:59.000z,As needed,"The content of this website can be accessed, printed and downloaded in an unaltered form (altered including being stretc",ICIMOD,2011-05-04T13:26:00,2221,Boundaries; Kathmandu; Nepal,85.24811,27.64263,85.44939,27.75023,true,https://rds.icimod.org/Home/DataDetail?metadataId=8625,Spatial extent overlaps Nepal; Explicitly mentions Nepal; Recent temporal coverage (≥2020)
538,75,medium,8621,7fcf3b91-c395-43c2-a8d7-1eba952b532c,Building point of Kathmandu Metropolitian City,route hazard / safety,hazard,Vector,25000,2026-05-08t18:14:59.000z,2026-05-08t18:14:59.000z,As needed,"The content of this website can be accessed, printed and downloaded in an unaltered form (altered including being stretc",ICIMOD,2011-05-04T11:58:00,1526,Building Point; Kathmandu; Nepal,85.24811,27.64263,85.44939,27.75023,true,https://rds.icimod.org/Home/DataDetail?metadataId=8621,Spatial extent overlaps Nepal; Explicitly mentions Nepal; Recent temporal coverage (≥2020)
539,75,medium,8575,ddc90ee2-be60-4fbb-8827-7d1063ca1592,Bridges of Lalitpur Municipality,route hazard / safety,hazard,Vector,25000,2026-05-08t18:14:59.000z,2026-05-08t18:14:59.000z,As needed,"The content of this website can be accessed, printed and downloaded in an unaltered form (altered including being stretc",ICIMOD,2011-05-02T13:41:00,1581,Bridge; Lalitpur; Kathmandu; Nepal,85.24811,27.64263,85.44939,27.75023,true,https://rds.icimod.org/Home/DataDetail?metadataId=8575,Spatial extent overlaps Nepal; Explicitly mentions Nepal; Recent temporal coverage (≥2020)
540,75,medium,8633,4d34c7b1-d3ae-41a1-9891-7c3dc5507b3e,Telephone cabinet of Bhaktapur Municipality,route hazard / safety,hazard,Vector,25000,2026-05-08t18:14:59.000z,2026-05-08t18:14:59.000z,As needed,"The content of this website can be accessed, printed and downloaded in an unaltered form (altered including being stretc",ICIMOD,2011-05-04T14:34:00,1416,Telephone; Bhaktapur; Kathmandu; Nepal,85.24811,27.64263,85.44939,27.75023,true,https://rds.icimod.org/Home/DataDetail?metadataId=8633,Spatial extent overlaps Nepal; Explicitly mentions Nepal; Recent temporal coverage (≥2020)
541,75,medium,8596,a6da5f5c-d9e6-4877-a300-5b1e9152ab5b,Bridge of Kritipur Municipality,route hazard / safety,hazard,Vector,25000,2026-05-08t18:14:59.000z,2026-05-08t18:14:59.000z,As needed,"The content of this website can be accessed, printed and downloaded in an unaltered form (altered including being stretc",ICIMOD,2011-05-03T12:03:00,1293,Bridge; Kritipur; Kathmandu; Nepal,85.24811,27.64263,85.44939,27.75023,true,https://rds.icimod.org/Home/DataDetail?metadataId=8596,Spatial extent overlaps Nepal; Explicitly mentions Nepal; Recent temporal coverage (≥2020)
542,75,medium,8560,dbef7d52-4dba-438c-9698-63cd75aa1fa9,Place name of Thimi Municipality,route hazard / safety,hazard,Vector,25000,2026-05-08t18:14:59.000z,2026-05-08t18:14:59.000z,As needed,"The content of this website can be accessed, printed and downloaded in an unaltered form (altered including being stretc",ICIMOD,2011-05-02T09:00:00,1552,Bridge; Thimi; Nepal,85.24811,27.64263,85.44939,27.75023,true,https://rds.icimod.org/Home/DataDetail?metadataId=8560,Spatial extent overlaps Nepal; Explicitly mentions Nepal; Recent temporal coverage (≥2020)
543,75,medium,383,f5ec5f65-1a17-4dd4-a112-0c2ad8751371,Telecommunication Facilities of Sagarmatha National Park (SNP) Nepal,route / travel UX,route_context,Vector,50000,2026-05-08t18:14:59.000z,2026-05-08t18:14:59.000z,As needed,"The content of this website can be accessed, printed and downloaded in an unaltered form (altered including being stretc",ICIMOD,2011-07-08T11:34:00,1528,Telecommunication; Utility infrastructure; Sagarmatha National Park; SNP; Nepal; Location,86.50965,27.75374,86.98535,28.11365,true,https://rds.icimod.org/Home/DataDetail?metadataId=383,Spatial extent overlaps Nepal; Explicitly mentions Nepal; Recent temporal coverage (≥2020)
544,75,medium,8867,317da9cc-eb42-499a-af96-a05ac6f1520c,Open Areas of Kathmandu,route hazard / safety,hazard,Vector,25000,2026-05-08t18:14:59.000z,2026-05-08t18:14:59.000z,As needed,"The content of this website can be accessed, printed and downloaded in an unaltered form (altered including being stretc",ICIMOD,2011-12-08T11:42:00,1785,Open Areas; Spaces; Kathmandu; Nepal,80.0522,26.36836,88.19456,30.42472,true,https://rds.icimod.org/Home/DataDetail?metadataId=8867,Spatial extent overlaps Nepal; Explicitly mentions Nepal; Recent temporal coverage (≥2020)
545,75,medium,8581,c6d0bec1-d649-4a5b-ad8e-b2a7b5d7694a,Sewerage line of Lalitpur Municipality,route hazard / safety,hazard,Vector,25000,2026-05-08t18:14:59.000z,2026-05-08t18:14:59.000z,As needed,"The content of this website can be accessed, printed and downloaded in an unaltered form (altered including being stretc",ICIMOD,2011-05-02T14:33:00,1490,Sewerage; Lalitpur; Kathmandu; Nepal,85.24811,27.64263,85.44939,27.75023,true,https://rds.icimod.org/Home/DataDetail?metadataId=8581,Spatial extent overlaps Nepal; Explicitly mentions Nepal; Recent temporal coverage (≥2020)
546,75,medium,8623,be008376-3fe2-4838-a202-ba55887ec153,Courtyard of Kathmandu Metropolitian City,route hazard / safety,hazard,Vector,25000,2026-05-08t18:14:59.000z,2026-05-08t18:14:59.000z,As needed,"The content of this website can be accessed, printed and downloaded in an unaltered form (altered including being stretc",ICIMOD,2011-05-04T12:11:00,1515,Courtyard; Kathmandu; Nepal,85.24811,27.64263,85.44939,27.75023,true,https://rds.icimod.org/Home/DataDetail?metadataId=8623,Spatial extent overlaps Nepal; Explicitly mentions Nepal; Recent temporal coverage (≥2020)
547,75,medium,8602,305a7fee-2af9-4bcb-8aa7-66fd1033b6c6,Courtyard of Kritipur Municipality,route hazard / safety,hazard,Vector,25000,2026-05-08t18:14:59.000z,2026-05-08t18:14:59.000z,As needed,"The content of this website can be accessed, printed and downloaded in an unaltered form (altered including being stretc",ICIMOD,2011-05-03T13:44:00,1290,Courtyard; Kritipur; Kathmandu; Nepal,85.24811,27.64263,85.44939,27.75023,true,https://rds.icimod.org/Home/DataDetail?metadataId=8602,Spatial extent overlaps Nepal; Explicitly mentions Nepal; Recent temporal coverage (≥2020)
548,75,medium,8571,b0637021-5a28-4a4c-a947-c7d73ea21c14,Stream of Lalitpur Municipality,route hazard / safety,hazard,Vector,25000,2026-05-08t18:14:59.000z,2026-05-08t18:14:59.000z,As needed,"The content of this website can be accessed, printed and downloaded in an unaltered form (altered including being stretc",ICIMOD,2011-05-02T12:12:00,1305,Stream; Lalitpur; Kathmandu; Nepal,85.24811,27.64263,85.44939,27.75023,true,https://rds.icimod.org/Home/DataDetail?metadataId=8571,Spatial extent overlaps Nepal; Explicitly mentions Nepal; Recent temporal coverage (≥2020)
549,75,medium,8640,3c13a746-94cd-4ada-a896-bdc56070924d,Courtyard of Bhaktapur Municipality,route hazard / safety,hazard,Vector,25000,2026-05-08t18:14:59.000z,2026-05-08t18:14:59.000z,As needed,"The content of this website can be accessed, printed and downloaded in an unaltered form (altered including being stretc",ICIMOD,2011-05-04T15:23:00,1420,Courtyard; Bhaktapur; Kathmandu; Nepal,85.24811,27.64263,85.44939,27.75023,true,https://rds.icimod.org/Home/DataDetail?metadataId=8640,Spatial extent overlaps Nepal; Explicitly mentions Nepal; Recent temporal coverage (≥2020)
550,75,medium,8582,dbbc246d-1e68-46fb-887a-d564dbcf6184,Trees of Lalitpur Municipality,route hazard / safety,hazard,Vector,25000,2026-05-08t18:14:59.000z,2026-05-08t18:14:59.000z,As needed,"The content of this website can be accessed, printed and downloaded in an unaltered form (altered including being stretc",ICIMOD,2011-05-02T14:40:00,1582,Tree; Lalitpur; Kathmandu; Nepal,85.24811,27.64263,85.44939,27.75023,true,https://rds.icimod.org/Home/DataDetail?metadataId=8582,Spatial extent overlaps Nepal; Explicitly mentions Nepal; Recent temporal coverage (≥2020)
551,75,medium,8583,3f9567e6-f52f-4f86-a621-36e36464c3ce,Electric line of Lalitpur Municipality,route hazard / safety,hazard,Vector,25000,2026-05-08t18:14:59.000z,2026-05-08t18:14:59.000z,As needed,"The content of this website can be accessed, printed and downloaded in an unaltered form (altered including being stretc",ICIMOD,2011-05-02T14:46:00,1369,Electric line; Lalitpur; Kathmandu; Nepal,85.24811,27.64263,85.44939,27.75023,true,https://rds.icimod.org/Home/DataDetail?metadataId=8583,Spatial extent overlaps Nepal; Explicitly mentions Nepal; Recent temporal coverage (≥2020)
552,75,medium,8585,74f150c1-dab4-4124-a0f4-4a890200318c,Building footprint of Lalitpur Municipality,route hazard / safety,hazard,Vector,25000,2026-05-08t18:14:59.000z,2026-05-08t18:14:59.000z,As needed,"The content of this website can be accessed, printed and downloaded in an unaltered form (altered including being stretc",ICIMOD,2011-05-03T09:47:00,1384,Building; Lalitpur; Kathmandu; Nepal,85.24811,27.64263,85.44939,27.75023,true,https://rds.icimod.org/Home/DataDetail?metadataId=8585,Spatial extent overlaps Nepal; Explicitly mentions Nepal; Recent temporal coverage (≥2020)
553,75,medium,8599,ec89eaab-e50f-4d94-a350-1e91ddfde741,Electric line of Kritipur Municipality,route hazard / safety,hazard,Vector,25000,2026-05-08t18:14:59.000z,2026-05-08t18:14:59.000z,As needed,"The content of this website can be accessed, printed and downloaded in an unaltered form (altered including being stretc",ICIMOD,2011-05-03T13:20:00,1093,Electric line; Kritipur; Kathmandu; Nepal,85.24811,27.64263,85.44939,27.75023,true,https://rds.icimod.org/Home/DataDetail?metadataId=8599,Spatial extent overlaps Nepal; Explicitly mentions Nepal; Recent temporal coverage (≥2020)
554,75,medium,8600,ff42200b-70f7-4073-b85b-086de5c661f2,Building footprint of Kritipur Municipality,route hazard / safety,hazard,Vector,25000,2026-05-08t18:14:59.000z,2026-05-08t18:14:59.000z,As needed,"The content of this website can be accessed, printed and downloaded in an unaltered form (altered including being stretc",ICIMOD,2011-05-03T13:30:00,1766,Building; Kritipur; Kathmandu; Nepal,85.24811,27.64263,85.44939,27.75023,true,https://rds.icimod.org/Home/DataDetail?metadataId=8600,Spatial extent overlaps Nepal; Explicitly mentions Nepal; Recent temporal coverage (≥2020)
555,75,medium,8618,3a290638-b10b-4e84-b5e2-39a04199d03d,Trees of Kathmandu Metropolitian City,route hazard / safety,hazard,Vector,25000,2026-05-08t18:14:59.000z,2026-05-08t18:14:59.000z,As needed,"The content of this website can be accessed, printed and downloaded in an unaltered form (altered including being stretc",ICIMOD,2011-05-04T11:32:00,1387,Tree; Kathmandu; Nepal,85.24811,27.64263,85.44939,27.75023,true,https://rds.icimod.org/Home/DataDetail?metadataId=8618,Spatial extent overlaps Nepal; Explicitly mentions Nepal; Recent temporal coverage (≥2020)
556,75,medium,8609,84c51a30-1756-42cc-abdc-5b8019c92c18,Traffic light of Kathmandu Metropolitian City,route hazard / safety,hazard,Vector,25000,2026-05-08t18:14:59.000z,2026-05-08t18:14:59.000z,As needed,"The content of this website can be accessed, printed and downloaded in an unaltered form (altered including being stretc",ICIMOD,2011-05-04T09:44:00,1978,Traffic; Utility; Kathmandu; Nepal,85.24811,27.64263,85.44939,27.75023,true,https://rds.icimod.org/Home/DataDetail?metadataId=8609,Spatial extent overlaps Nepal; Explicitly mentions Nepal; Recent temporal coverage (≥2020)
557,75,medium,8620,2bdac336-4409-4424-babe-481cdfd0d99b,Electric network point of Kathmandu Metropolitian City,route hazard / safety,hazard,Vector,25000,2026-05-08t18:14:59.000z,2026-05-08t18:14:59.000z,As needed,"The content of this website can be accessed, printed and downloaded in an unaltered form (altered including being stretc",ICIMOD,2011-05-04T11:50:00,1575,Electric network; Kathmandu; Nepal,85.24811,27.64263,85.44939,27.75023,true,https://rds.icimod.org/Home/DataDetail?metadataId=8620,Spatial extent overlaps Nepal; Explicitly mentions Nepal; Recent temporal coverage (≥2020)
558,75,medium,8541,2e9232d1-5708-4ec8-9f26-64649f0444a5,Protected Monument Zones of Kathmandu Metropolitian City,route hazard / safety,hazard,Vector,25000,2026-05-08t18:14:59.000z,2026-05-08t18:14:59.000z,As needed,"The content of this website can be accessed, printed and downloaded in an unaltered form (altered including being stretc",ICIMOD,2011-04-29T12:22:00,1639,Protected; Monument; Kathmandu; Nepal,85.24811,27.64263,85.44939,27.75023,true,https://rds.icimod.org/Home/DataDetail?metadataId=8541,Spatial extent overlaps Nepal; Explicitly mentions Nepal; Recent temporal coverage (≥2020)
559,75,medium,8608,c56a7db2-5db0-4a21-9053-12f4c3e09f3c,Pond of Kathmandu Metropolitian City,route hazard / safety,hazard,Vector,25000,2026-05-08t18:14:59.000z,2026-05-08t18:14:59.000z,As needed,"The content of this website can be accessed, printed and downloaded in an unaltered form (altered including being stretc",ICIMOD,2011-05-04T09:37:00,1393,Pond; Kathmandu; Nepal,85.24811,27.64263,85.44939,27.75023,true,https://rds.icimod.org/Home/DataDetail?metadataId=8608,Spatial extent overlaps Nepal; Explicitly mentions Nepal; Recent temporal coverage (≥2020)
560,75,medium,8641,f7190ef3-1a40-40e7-b9e6-1a456b3036ff,Ward boundary of Bhaktapur Municipality,route hazard / safety,hazard,Vector,25000,2026-05-08t18:14:59.000z,2026-05-08t18:14:59.000z,As needed,"The content of this website can be accessed, printed and downloaded in an unaltered form (altered including being stretc",ICIMOD,2011-05-04T16:08:00,3325,Ward; Boundary; Bhaktapur; Kathmandu; Nepal,85.24811,27.64263,85.44939,27.75023,true,https://rds.icimod.org/Home/DataDetail?metadataId=8641,Spatial extent overlaps Nepal; Explicitly mentions Nepal; Recent temporal coverage (≥2020)
561,75,medium,8592,d51fdd49-50fb-4922-bf93-13f13349e5be,Pond of Kritipur Municipality,route hazard / safety,hazard,Vector,25000,2026-05-08t18:14:59.000z,2026-05-08t18:14:59.000z,As needed,"The content of this website can be accessed, printed and downloaded in an unaltered form (altered including being stretc",ICIMOD,2011-05-03T09:00:00,1487,Pond; Kritipur; Kathmandu; Nepal,85.24811,27.64263,85.44939,27.75023,true,https://rds.icimod.org/Home/DataDetail?metadataId=8592,Spatial extent overlaps Nepal; Explicitly mentions Nepal; Recent temporal coverage (≥2020)
562,75,medium,8628,2c3af1ba-6443-440c-a621-f9f16f1f9d95,Pond of Bhaktapur Municipality,route hazard / safety,hazard,Vector,25000,2026-05-08t18:14:59.000z,2026-05-08t18:14:59.000z,As needed,"The content of this website can be accessed, printed and downloaded in an unaltered form (altered including being stretc",ICIMOD,2011-05-04T13:52:00,1663,Pond; Bhaktapur; Kathmandu; Nepal,85.24811,27.64263,85.44939,27.75023,true,https://rds.icimod.org/Home/DataDetail?metadataId=8628,Spatial extent overlaps Nepal; Explicitly mentions Nepal; Recent temporal coverage (≥2020)
563,75,medium,8636,815a9da4-71d5-4232-a25c-b3a082e4e77c,Trees of Bhaktapur Municipality,route hazard / safety,hazard,Vector,25000,2026-05-08t18:14:59.000z,2026-05-08t18:14:59.000z,As needed,"The content of this website can be accessed, printed and downloaded in an unaltered form (altered including being stretc",ICIMOD,2011-05-04T14:56:00,1774,Tree; Bhaktapur; Kathmandu; Nepal,85.24811,27.64263,85.44939,27.75023,true,https://rds.icimod.org/Home/DataDetail?metadataId=8636,Spatial extent overlaps Nepal; Explicitly mentions Nepal; Recent temporal coverage (≥2020)
564,75,medium,8637,1b88d40a-e966-41b8-914f-40bb27764b67,Electric line of Bhaktapur Municipality,route hazard / safety,hazard,Vector,25000,2026-05-08t18:14:59.000z,2026-05-08t18:14:59.000z,As needed,"The content of this website can be accessed, printed and downloaded in an unaltered form (altered including being stretc",ICIMOD,2011-05-04T15:02:00,1997,Electric line; Bhaktapur; Kathmandu; Nepal,85.24811,27.64263,85.44939,27.75023,true,https://rds.icimod.org/Home/DataDetail?metadataId=8637,Spatial extent overlaps Nepal; Explicitly mentions Nepal; Recent temporal coverage (≥2020)
565,75,medium,8626,73f4f3d2-8745-425f-abcd-9c1921f6a418,Stream of Bhaktapur Municipality,route hazard / safety,hazard,Vector,25000,2026-05-08t18:14:59.000z,2026-05-08t18:14:59.000z,As needed,"The content of this website can be accessed, printed and downloaded in an unaltered form (altered including being stretc",ICIMOD,2011-05-04T13:35:00,1562,Stream; Bhaktapur; kathmandu; Nepal,85.24811,27.64263,85.44939,27.75023,true,https://rds.icimod.org/Home/DataDetail?metadataId=8626,Spatial extent overlaps Nepal; Explicitly mentions Nepal; Recent temporal coverage (≥2020)
566,75,medium,8587,6ae91c05-20bf-4729-b8e1-942f2c24b0ad,Courtyard of Lalitpur Municipality,route hazard / safety,hazard,Vector,25000,2026-05-08t18:14:59.000z,2026-05-08t18:14:59.000z,As needed,"The content of this website can be accessed, printed and downloaded in an unaltered form (altered including being stretc",ICIMOD,2011-05-03T10:00:00,1588,Courtyard; Lalitpur; Kathmandu; Lalitpur; Kathmandu; Nepal,85.24811,27.64263,85.44939,27.75023,true,https://rds.icimod.org/Home/DataDetail?metadataId=8587,Spatial extent overlaps Nepal; Explicitly mentions Nepal; Recent temporal coverage (≥2020)
567,75,medium,8605,dc242a19-f757-4032-b9dd-883d45fd9e72,Stream of Kathmandu Metropolitian City,route hazard / safety,hazard,Vector,25000,2026-05-08t18:14:59.000z,2026-05-08t18:14:59.000z,As needed,"The content of this website can be accessed, printed and downloaded in an unaltered form (altered including being stretc",ICIMOD,2011-05-03T14:19:00,1490,Stream; Kathmandu; Nepal,85.24811,27.64263,85.44939,27.75023,true,https://rds.icimod.org/Home/DataDetail?metadataId=8605,Spatial extent overlaps Nepal; Explicitly mentions Nepal; Recent temporal coverage (≥2020)
568,75,medium,8574,41ffe454-058b-4f22-8df0-3e087cbf345c,Ponds of Lalitpur Municipality,route hazard / safety,hazard,Vector,25000,2026-05-08t18:14:59.000z,2026-05-08t18:14:59.000z,As needed,"The content of this website can be accessed, printed and downloaded in an unaltered form (altered including being stretc",ICIMOD,2011-05-02T13:32:00,1770,Pond; Lalitpur; Kathmandu; Nepal,85.24811,27.64263,85.44939,27.75023,true,https://rds.icimod.org/Home/DataDetail?metadataId=8574,Spatial extent overlaps Nepal; Explicitly mentions Nepal; Recent temporal coverage (≥2020)
569,75,medium,8639,eb8c3f60-f60f-48e8-a4ad-b593f3b30963,Buildings of Bhaktapur Municipality,route hazard / safety,hazard,Vector,25000,2026-05-08t18:14:59.000z,2026-05-08t18:14:59.000z,As needed,"The content of this website can be accessed, printed and downloaded in an unaltered form (altered including being stretc",ICIMOD,2011-05-04T15:16:00,1481,Building; Bhaktapur; Kathmandu; Nepal,85.24811,27.64263,85.44939,27.75023,true,https://rds.icimod.org/Home/DataDetail?metadataId=8639,Spatial extent overlaps Nepal; Explicitly mentions Nepal; Recent temporal coverage (≥2020)
570,75,medium,9232,b71e78ab-88f4-473b-ab0c-ce7aed5976cd,Population of Koshi Basin,flood / water context,hydrology; terrain_landcover,,,2001-01-01t10:08:00.000z,2011-01-01t10:08:00.000z,As needed,Creative Commons Attribution 4.0 International (CC BY 4.0),ICIMOD,2014-04-24,2658,Total population; Male population; Female population; Population change; Basin; Koshi Basin; Nepal; India; China; Society,85.0238,25.3334,88.9502,29.1382,true,https://rds.icimod.org/Home/DataDetail?metadataId=9232,Spatial extent overlaps Nepal; Explicitly mentions Nepal; Long temporal baseline (≥10 years); Open license (CC BY)
571,75,medium,8865,ee5842b5-0775-42f8-b819-2cff5616bbbb,Fire Brigade Station of Kathmandu,route hazard / safety,hazard,Vector,25000,2026-05-08t18:14:59.000z,2026-05-08t18:14:59.000z,As needed,"The content of this website can be accessed, printed and downloaded in an unaltered form (altered including being stretc",ICIMOD,2011-12-08T11:31:00,1620,Fire Brigade; Kathmandu; Nepal,80.0522,26.36836,88.19456,30.42472,true,https://rds.icimod.org/Home/DataDetail?metadataId=8865,Spatial extent overlaps Nepal; Explicitly mentions Nepal; Recent temporal coverage (≥2020)
572,75,medium,8866,352d9095-14ce-45d5-a920-a50a7118b26b,Utility High-tension Line of Kathmandu,route hazard / safety,hazard,Vector,25000,2026-05-08t18:14:59.000z,2026-05-08t18:14:59.000z,As needed,"The content of this website can be accessed, printed and downloaded in an unaltered form (altered including being stretc",ICIMOD,2011-12-08T11:37:00,1681,High-Tension; Utility Line; Kathmandu; Nepal,80.0522,26.36836,88.19456,30.42472,true,https://rds.icimod.org/Home/DataDetail?metadataId=8866,Spatial extent overlaps Nepal; Explicitly mentions Nepal; Recent temporal coverage (≥2020)
573,75,medium,8611,4fc5ca1a-162e-4f79-a5b4-09adf85fcb46,Place name of Kathmandu Metropolitian City,route hazard / safety,hazard,Vector,25000,2026-05-08t18:14:59.000z,2026-05-08t18:14:59.000z,As needed,"The content of this website can be accessed, printed and downloaded in an unaltered form (altered including being stretc",ICIMOD,2011-05-04T10:18:00,1695,Place; Kathmandu; Nepal,85.24811,27.64263,85.44939,27.75023,true,https://rds.icimod.org/Home/DataDetail?metadataId=8611,Spatial extent overlaps Nepal; Explicitly mentions Nepal; Recent temporal coverage (≥2020)
574,75,medium,8615,0fd21277-262e-46c4-9007-d69c8fc6f0fa,Telephone cabinet of Kathmandu Metropolitian City,route hazard / safety,hazard,Vector,25000,2026-05-08t18:14:59.000z,2026-05-08t18:14:59.000z,As needed,"The content of this website can be accessed, printed and downloaded in an unaltered form (altered including being stretc",ICIMOD,2011-05-04T11:10:00,1728,Telephone; Cabinet; Kathmandu; Nepal,85.24811,27.64263,85.44939,27.75023,true,https://rds.icimod.org/Home/DataDetail?metadataId=8615,Spatial extent overlaps Nepal; Explicitly mentions Nepal; Recent temporal coverage (≥2020)
575,75,medium,8617,eced3392-9dae-46b8-a41f-83817a10206d,Sewerage manhole of Kathmandu Metropolitian City,route hazard / safety,hazard,Vector,25000,2026-05-08t18:14:59.000z,2026-05-08t18:14:59.000z,As needed,"The content of this website can be accessed, printed and downloaded in an unaltered form (altered including being stretc",ICIMOD,2011-05-04T11:22:00,1692,Sewerage; Manhole; Kathmandu; Nepal,85.24811,27.64263,85.44939,27.75023,true,https://rds.icimod.org/Home/DataDetail?metadataId=8617,Spatial extent overlaps Nepal; Explicitly mentions Nepal; Recent temporal coverage (≥2020)
576,75,medium,8858,b485f222-14f3-4eed-afdb-4554b97cc050,Factories of Kathmandu Municipality,route hazard / safety,hazard,Vector,25000,2026-05-08t18:14:59.000z,2026-05-08t18:14:59.000z,As needed,"The content of this website can be accessed, printed and downloaded in an unaltered form (altered including being stretc",ICIMOD,2011-12-06T11:20:00,1822,Factories; Kathmandu; Nepal,80.0522,26.36836,88.19456,30.42472,true,https://rds.icimod.org/Home/DataDetail?metadataId=8858,Spatial extent overlaps Nepal; Explicitly mentions Nepal; Recent temporal coverage (≥2020)
577,75,medium,8619,f4871961-659f-4069-8a5a-1b7ae0118c50,Electric line of Kathmandu Metropolitian City,route hazard / safety,hazard,Vector,25000,2026-05-08t18:14:59.000z,2026-05-08t18:14:59.000z,As needed,"The content of this website can be accessed, printed and downloaded in an unaltered form (altered including being stretc",ICIMOD,2011-05-04T11:43:00,1617,Electric line; Kathmandu; Nepal,85.24811,27.64263,85.44939,27.75023,true,https://rds.icimod.org/Home/DataDetail?metadataId=8619,Spatial extent overlaps Nepal; Explicitly mentions Nepal; Recent temporal coverage (≥2020)
578,75,medium,8859,f6bd48cb-3de9-40b1-bd72-d9fa260d1980,Municipality of Kathmandu.,route hazard / safety,hazard,Vector,25000,2026-05-08t18:14:59.000z,2026-05-08t18:14:59.000z,As needed,"The content of this website can be accessed, printed and downloaded in an unaltered form (altered including being stretc",ICIMOD,2011-12-06T11:48:00,1651,Municipality; City; Metropolitan; Town; Kathmandu; Nepal,80.0522,26.36836,88.19456,30.42472,true,https://rds.icimod.org/Home/DataDetail?metadataId=8859,Spatial extent overlaps Nepal; Explicitly mentions Nepal; Recent temporal coverage (≥2020)
579,75,medium,8861,ae2e5af5-df1a-435e-819b-2fd8b8e63ade,Army Barrack of Kathmandu,route hazard / safety,hazard,Vector,25000,2026-05-08t18:14:59.000z,2026-05-08t18:14:59.000z,As needed,"The content of this website can be accessed, printed and downloaded in an unaltered form (altered including being stretc",ICIMOD,2011-12-08T10:12:00,2214,Army; Kathmandu; Nepal,80.0522,26.36836,88.19456,30.42472,true,https://rds.icimod.org/Home/DataDetail?metadataId=8861,Spatial extent overlaps Nepal; Explicitly mentions Nepal; Recent temporal coverage (≥2020)
580,75,medium,8862,36041d84-f06a-487b-8a9e-bfa96185ccc2,Designated Area of Kathmandu,route hazard / safety,hazard,Vector,25000,2026-05-08t18:14:59.000z,2026-05-08t18:14:59.000z,As needed,"The content of this website can be accessed, printed and downloaded in an unaltered form (altered including being stretc",ICIMOD,2011-12-08T10:20:00,1764,Designated Areas; Kathmandu; Nepal,80.0522,26.36836,88.19456,30.42472,true,https://rds.icimod.org/Home/DataDetail?metadataId=8862,Spatial extent overlaps Nepal; Explicitly mentions Nepal; Recent temporal coverage (≥2020)
581,75,medium,8603,13ced8be-2c47-4fe5-ae2b-7209db2aacc3,Ward boundary of Kritipur Municipality,route hazard / safety,hazard,Vector,25000,2026-05-08t18:14:59.000z,2026-05-08t18:14:59.000z,As needed,"The content of this website can be accessed, printed and downloaded in an unaltered form (altered including being stretc",ICIMOD,2011-05-03T13:52:00,1683,Ward; Boudary; Kritipur; Kathmandu; Nepal,85.24811,27.64263,85.44939,27.75023,true,https://rds.icimod.org/Home/DataDetail?metadataId=8603,Spatial extent overlaps Nepal; Explicitly mentions Nepal; Recent temporal coverage (≥2020)
582,75,medium,8857,a99743fa-ac2c-48e5-af3c-617c50ab342f,Building Footprint of Kathmandu Municipality,route hazard / safety,hazard,Vector,25000,2026-05-08t18:14:59.000z,2026-05-08t18:14:59.000z,As needed,"The content of this website can be accessed, printed and downloaded in an unaltered form (altered including being stretc",ICIMOD,2011-12-06T11:12:00,2040,Building Footprint; Kathmandu; Nepal; Structure,80.0522,26.36836,88.19456,30.42472,true,https://rds.icimod.org/Home/DataDetail?metadataId=8857,Spatial extent overlaps Nepal; Explicitly mentions Nepal; Recent temporal coverage (≥2020)
583,75,medium,8552,2c6a4b50-443e-4644-bf18-5941093998e1,Airport of Kathmandu Metropolitian City,route hazard / safety,hazard,Vector,25000,2026-05-08t18:14:59.000z,2026-05-08t18:14:59.000z,As needed,"The content of this website can be accessed, printed and downloaded in an unaltered form (altered including being stretc",ICIMOD,2011-04-29T14:37:00,1480,Airport; Kathmandu; Nepal,85.24811,27.64263,85.44939,27.75023,true,https://rds.icimod.org/Home/DataDetail?metadataId=8552,Spatial extent overlaps Nepal; Explicitly mentions Nepal; Recent temporal coverage (≥2020)
584,75,medium,8622,23f91ad4-0b78-43cd-b50a-a68f2d24ea7d,Buildings of Kathmandu Metropolitian City,route hazard / safety,hazard,Vector,25000,2026-05-08t18:14:59.000z,2026-05-08t18:14:59.000z,As needed,"The content of this website can be accessed, printed and downloaded in an unaltered form (altered including being stretc",ICIMOD,2011-05-04T12:06:00,1552,Building; Kathmandu; Nepal,85.24811,27.64263,85.44939,27.75023,true,https://rds.icimod.org/Home/DataDetail?metadataId=8622,Spatial extent overlaps Nepal; Explicitly mentions Nepal; Recent temporal coverage (≥2020)
585,75,medium,8554,3bec0a19-6dc5-4ed0-96c1-1ecdc3379bf8,Streams of Thimi Municipality,route hazard / safety,hazard,Vector,25000,2026-05-08t18:14:59.000z,2026-05-08t18:14:59.000z,As needed,"The content of this website can be accessed, printed and downloaded in an unaltered form (altered including being stretc",ICIMOD,2011-05-02T09:19:00,1561,Thimi; Kathmandu; Stream; Nepal,85.24811,27.64263,85.44939,27.75023,true,https://rds.icimod.org/Home/DataDetail?metadataId=8554,Spatial extent overlaps Nepal; Explicitly mentions Nepal; Recent temporal coverage (≥2020)
586,75,medium,8613,02813cea-73a7-4293-bb21-0c699b78fa26,Airport runway of Kathmandu Metropolitian City,route hazard / safety,hazard,Vector,25000,2026-05-08t18:14:59.000z,2026-05-08t18:14:59.000z,As needed,"The content of this website can be accessed, printed and downloaded in an unaltered form (altered including being stretc",ICIMOD,2011-05-04T10:34:00,1432,Airport; Runway; Kathmandu; Nepal,85.24811,27.64263,85.44939,27.75023,true,https://rds.icimod.org/Home/DataDetail?metadataId=8613,Spatial extent overlaps Nepal; Explicitly mentions Nepal; Recent temporal coverage (≥2020)
587,75,medium,23207,9dc25af6-676e-42e3-89d7-549a7f48b2fe,"Inundation layers for return period 2yrs, 5yrs, 10yrs, 20 yrs, 50yrs, 100yrs, 500yrs",route hazard / safety,hazard,Grid,m,2026-05-08t18:14:59.000z,2026-05-08t18:14:59.000z,As needed,"Creative Commons Attribution 4.0 International (CC BY 4.0) | Users are permitted to copy, use, adapt, and redistribute S","ICIMOD, SERVIR Himalaya",2015-09-22,3231,Inundation; Flood; servircat; icimod-servir; East Rapti; Nepal; Geoscientific information,84.15895,27.39518,85.17131,27.61884,true,https://rds.icimod.org/Home/DataDetail?metadataId=23207,Spatial extent overlaps Nepal; Explicitly mentions Nepal; Recent temporal coverage (≥2020); Open license (CC BY)
588,75,medium,8570,0f44edbc-f661-4b29-9f5d-ce4d790b656c,Municipality boundary of Thimi Municipality,route hazard / safety,hazard,Vector,25000,2026-05-08t18:14:59.000z,2026-05-08t18:14:59.000z,As needed,"The content of this website can be accessed, printed and downloaded in an unaltered form (altered including being stretc",ICIMOD,2011-05-02T12:03:00,1374,Municipality; Boundary; Thimi; Kathmandu; Nepal,85.24811,27.64263,85.44939,27.75023,true,https://rds.icimod.org/Home/DataDetail?metadataId=8570,Spatial extent overlaps Nepal; Explicitly mentions Nepal; Recent temporal coverage (≥2020)
589,75,medium,8589,06ab4c8a-7794-4c19-8ce0-ec01c738ea37,Ward boundary of Lalitpur Municipality,route hazard / safety,hazard,Vector,25000,2026-05-08t18:14:59.000z,2026-05-08t18:14:59.000z,As needed,"The content of this website can be accessed, printed and downloaded in an unaltered form (altered including being stretc",ICIMOD,2011-05-03T10:26:00,2900,Ward; Boundary; Lalitpur; Kathmandu; Nepal,85.24811,27.64263,85.44939,27.75023,true,https://rds.icimod.org/Home/DataDetail?metadataId=8589,Spatial extent overlaps Nepal; Explicitly mentions Nepal; Recent temporal coverage (≥2020)
590,75,medium,1059,5eb178dc-dc3d-46fe-846b-d8a519f9595f,Contours of Lamjung District Nepal,terrain / base map,terrain_landcover,Vector,50000,2026-05-08t18:14:59.000z,2026-05-08t18:14:59.000z,As needed,"The content of this website can be accessed, printed and downloaded in an unaltered form (altered including being stretc",ICIMOD,2007-10-19,2840,Contour; Elevation; Topography; Lamjung; Nepal; Elevation,84.1,28,84.696098,28.509871,true,https://rds.icimod.org/Home/DataDetail?metadataId=1059,Spatial extent overlaps Nepal; Explicitly mentions Nepal; Recent temporal coverage (≥2020)
591,75,medium,8635,7f4c7d95-cb65-4ecf-8aea-790396568cd9,Sewerage point of Bhaktapur Municipality,route hazard / safety,hazard,Vector,25000,2026-05-08t18:14:59.000z,2026-05-08t18:14:59.000z,As needed,"The content of this website can be accessed, printed and downloaded in an unaltered form (altered including being stretc",ICIMOD,2011-05-04T14:46:00,1104,Sewerage point; Bhaktapur; Kathmandu; Nepal,85.24811,27.64263,85.44939,27.75023,true,https://rds.icimod.org/Home/DataDetail?metadataId=8635,Spatial extent overlaps Nepal; Explicitly mentions Nepal; Recent temporal coverage (≥2020)
592,75,medium,8584,4bd6289a-5e05-4d2e-8e3d-22b294b8f39f,Electric transformer of Lalitpur Municipality,route hazard / safety,hazard,Vector,25000,2026-05-08t18:14:59.000z,2026-05-08t18:14:59.000z,As needed,"The content of this website can be accessed, printed and downloaded in an unaltered form (altered including being stretc",ICIMOD,2011-05-02T15:02:00,1593,Electric Transformer; Lalitpur; Kathmandu; Nepal,85.24811,27.64263,85.44939,27.75023,true,https://rds.icimod.org/Home/DataDetail?metadataId=8584,Spatial extent overlaps Nepal; Explicitly mentions Nepal; Recent temporal coverage (≥2020)
593,75,medium,8551,01f5107b-a428-4768-b9db-24c1eed6dcc2,Apartments of Kathmandu Metropolitan City,route hazard / safety,hazard,Vector,25000,2026-05-08t18:14:59.000z,2026-05-08t18:14:59.000z,As needed,"The content of this website can be accessed, printed and downloaded in an unaltered form (altered including being stretc",ICIMOD,2011-04-29T14:25:00,1775,Apartment; Kathmandu; Nepal,85.248113,27.642633,85.449391,27.750238,true,https://rds.icimod.org/Home/DataDetail?metadataId=8551,Spatial extent overlaps Nepal; Explicitly mentions Nepal; Recent temporal coverage (≥2020)
594,75,medium,8544,7be7dd7c-a9a1-43d3-ae65-21d30ab561f3,Land Pooling zone of Kathmandu Metropolitian City,route hazard / safety,hazard,Vector,25000,2026-05-08t18:14:59.000z,2026-05-08t18:14:59.000z,As needed,"The content of this website can be accessed, printed and downloaded in an unaltered form (altered including being stretc",ICIMOD,2011-04-29T13:25:00,1713,Land Pooling; Kathmandu; Nepal,85.24811,27.64263,85.44939,27.75023,true,https://rds.icimod.org/Home/DataDetail?metadataId=8544,Spatial extent overlaps Nepal; Explicitly mentions Nepal; Recent temporal coverage (≥2020)
595,75,medium,8537,a7649374-b64f-4e42-a338-e190de2fcce8,Fault line of Kathmandu Metropolitain City,route hazard / safety,hazard,Vector,25000,2026-05-08t18:14:59.000z,2026-05-08t18:14:59.000z,As needed,"The content of this website can be accessed, printed and downloaded in an unaltered form (altered including being stretc",ICIMOD,2011-04-29T17:00:00,2021,Fault line; Kathmandu; Nepal; Boundaries,85.24811,27.64263,85.44939,27.75023,true,https://rds.icimod.org/Home/DataDetail?metadataId=8537,Spatial extent overlaps Nepal; Explicitly mentions Nepal; Recent temporal coverage (≥2020)
596,75,medium,8538,ab754c96-62ec-4708-9861-77a78885f445,Landuse of Kathmandu Metropolitian City,route hazard / safety,hazard,Vector,25000,2026-05-08t18:14:59.000z,2026-05-08t18:14:59.000z,As needed,"The content of this website can be accessed, printed and downloaded in an unaltered form (altered including being stretc",ICIMOD,2011-04-29T11:55:00,3764,Landuse; Kathmandu; Nepal; Boundaries,85.24811,27.64263,85.44939,27.75023,true,https://rds.icimod.org/Home/DataDetail?metadataId=8538,Spatial extent overlaps Nepal; Explicitly mentions Nepal; Recent temporal coverage (≥2020)
597,75,medium,8614,cbc15150-fb1c-4bf4-b240-8c8903a6f14d,Telephone line of Kathmandu Metropolitian City,route hazard / safety,hazard,Vector,25000,2026-05-08t18:14:59.000z,2026-05-08t18:14:59.000z,As needed,"The content of this website can be accessed, printed and downloaded in an unaltered form (altered including being stretc",ICIMOD,2011-05-04T11:03:00,1717,Telephone; Kathmandu; Nepal,85.24811,27.64263,85.44939,27.75023,true,https://rds.icimod.org/Home/DataDetail?metadataId=8614,Spatial extent overlaps Nepal; Explicitly mentions Nepal; Recent temporal coverage (≥2020)
598,75,medium,8559,1180fc23-e271-4591-a0af-006d3519960b,Place name of Thimi Municipality,route hazard / safety,hazard,Vector,25000,2026-05-08t18:14:59.000z,2026-05-08t18:14:59.000z,As needed,"The content of this website can be accessed, printed and downloaded in an unaltered form (altered including being stretc",ICIMOD,2011-05-02T10:00:00,2086,Place name; Thimi; Kathmandu; Nepal,85.24811,27.64263,85.44939,27.75023,true,https://rds.icimod.org/Home/DataDetail?metadataId=8559,Spatial extent overlaps Nepal; Explicitly mentions Nepal; Recent temporal coverage (≥2020)
599,75,medium,8597,ff743835-95c8-4a02-8192-00dd4c9f4110,Sewerage line of Kritipur Municipality,route hazard / safety,hazard,Vector,25000,2026-05-08t18:14:59.000z,2026-05-08t18:14:59.000z,As needed,"The content of this website can be accessed, printed and downloaded in an unaltered form (altered including being stretc",ICIMOD,2011-05-03T12:13:00,1385,Sewerage; Kritipur; Kathmandu; Nepal,85.24811,27.64263,85.44939,27.75023,true,https://rds.icimod.org/Home/DataDetail?metadataId=8597,Spatial extent overlaps Nepal; Explicitly mentions Nepal; Recent temporal coverage (≥2020)
600,75,medium,8624,c5d238cc-9846-44c9-885f-7c0ac14ab3ac,Ward boundary of Kathmandu Metropolitian City,route hazard / safety,hazard,Vector,25000,2026-05-08t18:14:59.000z,2026-05-08t18:14:59.000z,As needed,"The content of this website can be accessed, printed and downloaded in an unaltered form (altered including being stretc",ICIMOD,2011-05-04T12:19:00,3087,Ward; Boundary; Kathmandu; Nepal,85.248113,27.642633,85.449391,27.750238,true,https://rds.icimod.org/Home/DataDetail?metadataId=8624,Spatial extent overlaps Nepal; Explicitly mentions Nepal; Recent temporal coverage (≥2020)
601,75,medium,8612,4a01c925-b973-4892-925a-207eaec9b979,Bridge of Kathmandu Metropolitan City,route hazard / safety,hazard,Vector,25000,2026-05-08t18:14:59.000z,2026-05-08t18:14:59.000z,As needed,"The content of this website can be accessed, printed and downloaded in an unaltered form (altered including being stretc",ICIMOD,2011-05-04T10:25:00,1432,Bridges; Kathmandu; Nepal,85.248113,27.642633,85.449391,27.750238,true,https://rds.icimod.org/Home/DataDetail?metadataId=8612,Spatial extent overlaps Nepal; Explicitly mentions Nepal; Recent temporal coverage (≥2020)
602,75,medium,8576,63632050-b2fe-4f3d-9faf-283c6e96f8b4,Place name of Lalitpur Municipality,route hazard / safety,hazard,Vector,25000,2026-05-08t18:14:59.000z,2026-05-08t18:14:59.000z,As needed,"The content of this website can be accessed, printed and downloaded in an unaltered form (altered including being stretc",ICIMOD,2011-05-02T13:47:00,1583,Place Name; Lalitpur; Kathmandu; Nepal,85.24811,27.64263,85.44939,27.75023,true,https://rds.icimod.org/Home/DataDetail?metadataId=8576,Spatial extent overlaps Nepal; Explicitly mentions Nepal; Recent temporal coverage (≥2020)
603,75,medium,8546,a2bee41c-dd28-4b47-9fb3-4091c7005022,Dense Mixed area of Kathmandu Metropolitian City,route hazard / safety,hazard,Vector,25000,2026-05-08t18:14:59.000z,2026-05-08t18:14:59.000z,As needed,"The content of this website can be accessed, printed and downloaded in an unaltered form (altered including being stretc",ICIMOD,2011-04-29T13:46:00,1268,Dense Area; Kathmandu; Nepal,85.24811,27.64263,85.44939,27.75023,true,https://rds.icimod.org/Home/DataDetail?metadataId=8546,Spatial extent overlaps Nepal; Explicitly mentions Nepal; Recent temporal coverage (≥2020)
604,75,medium,8860,6ea8ea70-e98b-4c62-9f90-3fe2dd2fdb17,Parks of Kathmandu,route hazard / safety,hazard,Vector,25000,2026-05-08t18:14:59.000z,2026-05-08t18:14:59.000z,As needed,"The content of this website can be accessed, printed and downloaded in an unaltered form (altered including being stretc",ICIMOD,2011-12-08T10:06:00,1565,Parks; Kathmandu; Nepal,80.0522,26.36836,88.19456,30.42472,true,https://rds.icimod.org/Home/DataDetail?metadataId=8860,Spatial extent overlaps Nepal; Explicitly mentions Nepal; Recent temporal coverage (≥2020)
605,75,medium,8580,939ec7b3-bc54-456e-8d99-61d2dd760733,Telephone companies of Lalitpur Municipality,route hazard / safety,hazard,Vector,25000,2026-05-08t18:14:59.000z,2026-05-08t18:14:59.000z,As needed,"The content of this website can be accessed, printed and downloaded in an unaltered form (altered including being stretc",ICIMOD,2011-05-02T14:25:00,1772,Telephone; Lalitpur; Kathmandu; Nepal,85.24811,27.64263,85.44939,27.75023,true,https://rds.icimod.org/Home/DataDetail?metadataId=8580,Spatial extent overlaps Nepal; Explicitly mentions Nepal; Recent temporal coverage (≥2020)
606,75,medium,8598,cd0b0a99-0bfe-4aa5-a7f6-19364ada8625,Tree of Kritipur Municipality,route hazard / safety,hazard,Vector,25000,2026-05-08t18:14:59.000z,2026-05-08t18:14:59.000z,As needed,"The content of this website can be accessed, printed and downloaded in an unaltered form (altered including being stretc",ICIMOD,2011-05-03T12:20:00,1729,Tree; Kritipur; Kathmandu; Kritipur; Kathmandu; Nepal,85.24811,27.64263,85.44939,27.75023,true,https://rds.icimod.org/Home/DataDetail?metadataId=8598,Spatial extent overlaps Nepal; Explicitly mentions Nepal; Recent temporal coverage (≥2020)
607,75,medium,8631,b7fe9353-2ee6-4981-8952-d72c65012113,Place name of Bhaktapur Municipality,route hazard / safety,hazard,Vector,25000,2026-05-08t18:14:59.000z,2026-05-08t18:14:59.000z,As needed,"The content of this website can be accessed, printed and downloaded in an unaltered form (altered including being stretc",ICIMOD,2011-05-04T14:20:00,1441,Place name; Bhaktapur; Kathmandu; Nepal,85.24811,27.64263,85.44939,27.75023,true,https://rds.icimod.org/Home/DataDetail?metadataId=8631,Spatial extent overlaps Nepal; Explicitly mentions Nepal; Recent temporal coverage (≥2020)
608,75,medium,8632,22890039-dcb0-4283-ae3d-b64a812c1f92,Bridges of Bhaktapur Municipality,route hazard / safety,hazard,Vector,25000,2026-05-08t18:14:59.000z,2026-05-08t18:14:59.000z,As needed,"The content of this website can be accessed, printed and downloaded in an unaltered form (altered including being stretc",ICIMOD,2011-05-04T14:28:00,1450,Bridge; Bhaktapur; Kathmandu; Nepal,85.24811,27.64263,85.44939,27.75023,true,https://rds.icimod.org/Home/DataDetail?metadataId=8632,Spatial extent overlaps Nepal; Explicitly mentions Nepal; Recent temporal coverage (≥2020)
609,75,medium,8566,c4db2ae9-bb49-44e0-bf89-b59051a70281,Buildings of Thimi Municipality,route hazard / safety,hazard,Vector,25000,2026-05-08t18:14:59.000z,2026-05-08t18:14:59.000z,As needed,"The content of this website can be accessed, printed and downloaded in an unaltered form (altered including being stretc",ICIMOD,2011-05-02T11:35:00,1493,Building; Thimi; Kathmandu; Nepal,85.24811,27.64263,85.44939,27.75023,true,https://rds.icimod.org/Home/DataDetail?metadataId=8566,Spatial extent overlaps Nepal; Explicitly mentions Nepal; Recent temporal coverage (≥2020)
610,75,medium,8856,7599e573-be57-4cad-b3ca-ad35b854fd7b,Gas Stations of Kathmandu Municipality,route hazard / safety,hazard,Vector,25000,2026-05-08t18:14:59.000z,2026-05-08t18:14:59.000z,As needed,"The content of this website can be accessed, printed and downloaded in an unaltered form (altered including being stretc",ICIMOD,2011-12-06T10:33:00,2115,Gas Station; Kathmandu; Nepal,85.248113,27.642633,85.449391,27.750238,true,https://rds.icimod.org/Home/DataDetail?metadataId=8856,Spatial extent overlaps Nepal; Explicitly mentions Nepal; Recent temporal coverage (≥2020)
611,75,medium,8543,0779bda2-8534-4b50-bf89-dce0959acd1a,Old City core zone of Kathmandu Metropolitian City,route hazard / safety,hazard,Vector,25000,2026-05-08t18:14:59.000z,2026-05-08t18:14:59.000z,As needed,"The content of this website can be accessed, printed and downloaded in an unaltered form (altered including being stretc",ICIMOD,2011-04-29T13:16:00,2290,Oldcity; Core; Kathmandu; Nepal,85.24811,27.64263,85.44939,27.75023,true,https://rds.icimod.org/Home/DataDetail?metadataId=8543,Spatial extent overlaps Nepal; Explicitly mentions Nepal; Recent temporal coverage (≥2020)
612,75,medium,8586,11f7a55b-15e5-466f-ae84-7d4a51817fcf,Built-up area of Lalitpur Municipality,route hazard / safety,hazard,Vector,25000,2026-05-08t18:14:59.000z,2026-05-08t18:14:59.000z,As needed,"The content of this website can be accessed, printed and downloaded in an unaltered form (altered including being stretc",ICIMOD,2011-05-03T10:01:00,1777,Built-up; Building; Lalitpur; Kathmandu; Nepal,85.24811,27.64263,85.44939,27.75023,true,https://rds.icimod.org/Home/DataDetail?metadataId=8586,Spatial extent overlaps Nepal; Explicitly mentions Nepal; Recent temporal coverage (≥2020)
613,75,medium,8579,94e7cd51-ebd4-40e1-b4a2-7e024bdbd031,Telephone lines of Lalitpur Municipality,route hazard / safety,hazard,Vector,25000,2026-05-08t18:14:59.000z,2026-05-08t18:14:59.000z,As needed,"The content of this website can be accessed, printed and downloaded in an unaltered form (altered including being stretc",ICIMOD,2011-05-02T14:12:00,1381,Telephone; Lalitpur; Kathmandu; Nepal,85.24811,27.64263,85.44939,27.75023,true,https://rds.icimod.org/Home/DataDetail?metadataId=8579,Spatial extent overlaps Nepal; Explicitly mentions Nepal; Recent temporal coverage (≥2020)
614,75,medium,35990,29830fe5-47c2-446e-b19b-745c2273f5eb,Wheat Sown Areas in Afghanistan 2017,terrain / base map,terrain_landcover; remote_sensing,Grid,,2026-05-08t18:14:59.000z,2026-05-08t18:14:59.000z,As needed,"Creative Commons Attribution 4.0 International (CC BY 4.0) | The SERVIR Project, NASA, USAID and ICIMOD make no express ","ICIMOD, SERVIR-HKH",2017-12-31,57321,Food Security; Wheat Sown Area; Agriculture; SERVIR-HKH; servircat; icimod-servir; Afghanistan; Geoscientific information,60.517,29.3772,74.8898,38.4908,false,https://rds.icimod.org/Home/DataDetail?metadataId=35990,Spatial extent overlaps HKH region; Recent temporal coverage (≥2020); Open license (CC BY); High portal popularity
615,75,medium,8616,6e8427a1-1b66-4b14-b916-da02856c87de,Sewerage line of Kathmandu Metropolitian City,route hazard / safety,hazard,Vector,25000,2026-05-08t18:14:59.000z,2026-05-08t18:14:59.000z,As needed,"The content of this website can be accessed, printed and downloaded in an unaltered form (altered including being stretc",ICIMOD,2011-05-04T11:15:00,1956,Sewerage; Kathmandu; Nepal,85.24811,27.64263,85.44939,27.75023,true,https://rds.icimod.org/Home/DataDetail?metadataId=8616,Spatial extent overlaps Nepal; Explicitly mentions Nepal; Recent temporal coverage (≥2020)
616,75,medium,8634,937f9e71-1e6b-4053-a2eb-c99471421735,Sewerage line of Bhaktapur Municipality,route hazard / safety,hazard,Vector,25000,2026-05-08t18:14:59.000z,2026-05-08t18:14:59.000z,As needed,"The content of this website can be accessed, printed and downloaded in an unaltered form (altered including being stretc",ICIMOD,2011-05-04T14:40:00,1420,Sewerage; Bhaktapur; Kathmandu; Nepal,85.24811,27.64263,85.44939,27.75023,true,https://rds.icimod.org/Home/DataDetail?metadataId=8634,Spatial extent overlaps Nepal; Explicitly mentions Nepal; Recent temporal coverage (≥2020)
617,74,medium,9144,4c4d2386-8e9e-470d-b737-e9882274ba28,"K2 Mountaineering Attempts Treks of Central Karakoram National Park (CKNP), Pakistan.",route / travel UX,route_context,Vector,20000 m,2026-05-08t18:14:59.000z,2026-05-08t18:14:59.000z,Not planned,"The content of this website can be accessed, printed and downloaded in an unaltered form (altered including being stretc",ICIMOD,2012-10-31,1937,Mountain Peak; Mountaineering; Treks; Tourism; Central Karakoram National Park (CKNP); Pakistan,74.30275,35.14557,76.48418000000001,36.35551,false,https://rds.icimod.org/Home/DataDetail?metadataId=9144,Spatial extent overlaps HKH region; Recent temporal coverage (≥2020)
618,74,medium,2643,476e4df6-1a8e-4862-85a5-ac0c8439b371,Annual Mean Minimum Temperature for Pakistan,real-time weather / forecast,weather_climate,Vector,1000000,2026-05-08t18:14:59.000z,2026-05-08t18:14:59.000z,As needed,"The content of this website can be accessed, printed and downloaded in an unaltered form (altered including being stretc",ICIMOD,2008-06-10T15:14:00,2505,Temperature; Minimum mean temperature; Pakistan; Climatology; meteorology; atmosphere,60.8663,23.688,77.8239,37.0608,false,https://rds.icimod.org/Home/DataDetail?metadataId=2643,Spatial extent overlaps HKH region; Recent temporal coverage (≥2020)
619,74,medium,1973690,d34309f7-b30e-43bb-8393-953871655693,Hydropower potential in the upper Indus basin under historical hydro-climatology,route hazard / safety,hazard; hydrology,"Text, table",,1978-12-31t18:30:00.000z,2018-12-30t18:15:00.000z,As needed,Creative Commons Attribution 4.0 International (CC BY 4.0),"ICIMOD, Uterecht University",2023-11-20,33349,hydropower potential; sustainable hydropower; historical hydrology; theoretical potential; technical potential; financial potential; sustainable potential; energy focus scenarios; geo-hazard risk scenarios; Upper Indus; Afghanistan; India; Pakistan; Kabul; Swat; Indus Main; Jhelum; Chenab; Ravi; Beas; Satluj; Geoscientific information,67.5485,30.3234,82.4489,37.0838,true,https://rds.icimod.org/Home/DataDetail?metadataId=1973690,Spatial extent overlaps Nepal; Long temporal baseline (≥10 years); Open license (CC BY); High portal popularity
620,74,medium,33667,7d551dd6-6002-434d-a43d-071db131c266,"Faunal Species in Bhata, Parsa National Park",route / travel UX,route_context,"Text, table",,2026-05-08t18:14:59.000z,2026-05-08t18:14:59.000z,Unknown,Creative Commons Attribution 4.0 International (CC BY 4.0),ICIMOD,2017-08-18,4478,National Park; Fauna; Butterfly; Birds; Herptofauna; Dragonfly; Nepal; HKH; Biodiversity; Bhata; REDD+; HKH-BIF; Biota,84.96,27.290000000000003,85.08,27.3,true,https://rds.icimod.org/Home/DataDetail?metadataId=33667,Spatial extent overlaps Nepal; Explicitly mentions Nepal; Recent temporal coverage (≥2020); Open license (CC BY)
621,74,medium,9345,3e88b198-ea17-467e-b255-cc28d38963ab,Glacier Area Change in Bhutan 1980 - 2010,snowline / glacier context,cryosphere; remote_sensing,Vector,50000,1986-11-10t08:47:00.000z,2011-12-31t08:48:00.000z,Not planned,Creative Commons Attribution 4.0 International (CC BY 4.0),ICIMOD,2014-02-04,6261,Glacier; Glacial Area change; Himala; Cryosphere; Bhutan; Geoscientific information,89.166,27.579,91.61100000000002,28.245,false,https://rds.icimod.org/Home/DataDetail?metadataId=9345,Spatial extent overlaps HKH region; Long temporal baseline (≥10 years); Open license (CC BY)
622,74,medium,33661,636b6c12-83cb-4594-afca-283029c13c0a,"Faunal Species in Halkhoriya, Parsa National Park",route / travel UX,route_context,"Text, table",,2026-05-08t18:14:59.000z,2026-05-08t18:14:59.000z,Unknown,Creative Commons Attribution 4.0 International (CC BY 4.0),ICIMOD,2017-08-18,4340,National Park; Fauna; Butterfly; Herptofauna; Birds; Dragonfly; Nepal; HKH; Biodiversity; Halkhoriya; REDD+; HKH-BIF; Biota,84.76,27.2,85.08,27.3,true,https://rds.icimod.org/Home/DataDetail?metadataId=33661,Spatial extent overlaps Nepal; Explicitly mentions Nepal; Recent temporal coverage (≥2020); Open license (CC BY)
623,74,medium,8653,40a314dc-016e-4edc-871c-e807ddd15dd4,Railroad Network of Hindu Kush Himalayan (HKH) Region,route / travel UX,route_context,Vector,1000000,2026-05-08t18:14:59.000z,2026-05-08t18:14:59.000z,As needed,Creative Commons Attribution 4.0 International (CC BY 4.0),ICIMOD,2011-06-22T10:26:00,1524,Railroad; Transportation Network; Infrastructure; Hindu Kush Himalayan (HKH) Region; HKH; Transportation,61.538183,16.735754,103.491024,37.617799,true,https://rds.icimod.org/Home/DataDetail?metadataId=8653,Spatial extent overlaps Nepal; Recent temporal coverage (≥2020); Open license (CC BY)
624,74,medium,15518,7f71836f-8e50-41ff-aaa6-8e5d32656cb3,Seed Plants of Singhalila Senchal Corridor,route / travel UX,route_context,"Text, table",,2026-05-08t18:14:59.000z,2026-05-08t18:14:59.000z,Unknown,Creative Commons Attribution 4.0 International (CC BY 4.0) | ICIMOD (2008) Kangchenjunga Landscape Biodiversity Database,ICIMOD,2012-03-01,1670,Corridor; Species; Plants; Seed Plants; Angiosperms; Gymnosperms; Biodiversity; Singhalila National Park; Senchal Wildlife Sanctuary; Kangchenjunga Corridor; Khangchendzonga Biosphere Reserve; Kangchenjunga Conservation Area; Kangchenjunga Landscape; Taplejung; Panchthar; Ilam; Eastern Nepal; India; HKH-BIF; Biota,87.856,27.093,88.183,27.44,true,https://rds.icimod.org/Home/DataDetail?metadataId=15518,Spatial extent overlaps Nepal; Explicitly mentions Nepal; Recent temporal coverage (≥2020); Open license (CC BY)
625,74,medium,398,783851d6-c309-4fe3-bbf4-bbd005487bad,Road Network of Hindu Kush Himalayan (HKH) Region,route / travel UX,route_context,Vector,1000000,2026-05-08t18:14:59.000z,2026-05-08t18:14:59.000z,As needed,Creative Commons Attribution 4.0 International (CC BY 4.0),ICIMOD,2008-08-03T15:52:00,2613,Transportation; Road; Hindu Kush Himalayan Region; HKH; Transportation,60.853848,15.9578,105.044632,39.318611,true,https://rds.icimod.org/Home/DataDetail?metadataId=398,Spatial extent overlaps Nepal; Recent temporal coverage (≥2020); Open license (CC BY)
626,74,medium,2956,748db0d5-338f-4ec1-b60d-465224ba18c5,Major River Systems of Hindu Kush Himalayan (HKH) Region,flood / water context,hydrology,Vector,1000000,2026-05-08t18:14:59.000z,2026-05-08t18:14:59.000z,As needed,Creative Commons Attribution 4.0 International (CC BY 4.0),ICIMOD,2008-08-03T15:01:00,3362,Major Rivers; Hydrography; Drainage system; Hindu Kush Himalayan Region; HKH; Inland waters,60.853848,15.9578,105.044632,39.318611,true,https://rds.icimod.org/Home/DataDetail?metadataId=2956,Spatial extent overlaps Nepal; Recent temporal coverage (≥2020); Open license (CC BY)
627,74,medium,3009,c07a602b-3335-4b34-9ad8-f8cc8b99ce40,Water Bodies/Perennial Rivers of Hindu Kush Himalayan (HKH) Region,flood / water context,hydrology,Vector,1000000,2026-05-08t18:14:59.000z,2026-05-08t18:14:59.000z,As needed,Creative Commons Attribution 4.0 International (CC BY 4.0),ICIMOD,2007-09-25,2425,River Network; Hydrography; Drainage system; Perennial; Hindu Kush Himalayan Region; HKH; Inland waters,60.853848,15.9578,105.044632,39.318611,true,https://rds.icimod.org/Home/DataDetail?metadataId=3009,Spatial extent overlaps Nepal; Recent temporal coverage (≥2020); Open license (CC BY)
628,74,medium,7995,4466ff60-ca1d-4c8d-ad6a-57145c35dda3,"Watershed Boundary of Charnawati River Watershed, Dolakha, Nepal",flood / water context,hydrology,Vector,25000,2026-05-08t18:14:59.000z,2026-05-08t18:14:59.000z,As needed,Creative Commons Attribution 4.0 International (CC BY 4.0),ICIMOD,2010-07-25T00:00:00,2258,REDD; Watershed; Charnawati Watershed; Dolakha; Nepal; Boundaries,85.933265,27.589446,86.075213,27.74575,true,https://rds.icimod.org/Home/DataDetail?metadataId=7995,Spatial extent overlaps Nepal; Explicitly mentions Nepal; Recent temporal coverage (≥2020); Open license (CC BY)
629,74,medium,15513,ec2e019a-6c4c-43dc-b614-e64b1a948232,Seed Plants of Singhalila National Park,route / travel UX,route_context,"Text, table",,2026-05-08t18:14:59.000z,2026-05-08t18:14:59.000z,Unknown,Creative Commons Attribution 4.0 International (CC BY 4.0) | ICIMOD (2008) Kangchenjunga Landscape Biodiversity Database,ICIMOD,2012-03-01,1902,Species; Plants; Seed Plants; Angiosperms; Gymnosperms; Biodiversity; Protected Area; Singhalila National Park; Kangchenjunga Corridor; Khangchendzonga Biosphere Reserve; Kangchenjunga Conservation Area; Kangchenjunga Landscape; Taplejung; Panchthar; Ilam; Eastern Nepal; India; HKH-BIF; Biota,87.988,27.031,88.079,27.221,true,https://rds.icimod.org/Home/DataDetail?metadataId=15513,Spatial extent overlaps Nepal; Explicitly mentions Nepal; Recent temporal coverage (≥2020); Open license (CC BY)
630,74,medium,8027,25b2d5ff-4187-41e1-b0fa-afe2e9f12263,"Community Forest Boundary of Ludhi Khola Watershed, Gorkha, Nepal",flood / water context,hydrology; remote_sensing,Vector,25000,2026-05-08t18:14:59.000z,2026-05-08t18:14:59.000z,As needed,Creative Commons Attribution 4.0 International (CC BY 4.0),ICIMOD,2010-07-31T00:00:00,3091,REDD; Community Forest; Ludhi Khola Watershed; Gorkha; Nepal; Boundaries,84.55431,27.92033,84.67924,27.99439,true,https://rds.icimod.org/Home/DataDetail?metadataId=8027,Spatial extent overlaps Nepal; Explicitly mentions Nepal; Recent temporal coverage (≥2020); Open license (CC BY)
631,74,medium,28633,3efb4b5f-6925-4e88-8cd8-373ed895a8fd,Land Cover of Myanmar 2010,terrain / base map,terrain_landcover; remote_sensing,,50000,2026-05-08t18:14:59.000z,2026-05-08t18:14:59.000z,As needed,"Creative Commons Attribution 4.0 International (CC BY 4.0) | Users are permitted to copy, use, adapt, and redistribute S",ICIMOD,2011-12-27T11:31:00,45531,Land Cover Classification; Land cover; servircat; icimod-servir; Myanmar; Geoscientific information,92.1723,15.8125,101.21663,28.4989,false,https://rds.icimod.org/Home/DataDetail?metadataId=28633,Spatial extent overlaps HKH region; Recent temporal coverage (≥2020); Open license (CC BY); High portal popularity
632,74,medium,3652,7b703c27-f6b2-4803-8fdc-669694428c69,River Network of Hindu Kush Himalayan (HKH) Region,flood / water context,hydrology,Vector,1000000,2026-05-08t18:14:59.000z,2026-05-08t18:14:59.000z,As needed,Creative Commons Attribution 4.0 International (CC BY 4.0),ICIMOD,2007-09-21,2964,River System; Hydrography; Drainage system; Hindu Kush Himalayan Region; HKH; Inland waters,60.853848,15.9578,105.044632,39.318611,true,https://rds.icimod.org/Home/DataDetail?metadataId=3652,Spatial extent overlaps Nepal; Recent temporal coverage (≥2020); Open license (CC BY)
633,74,medium,33666,c2425212-f4b5-4d33-aee0-d58eb918f923,"Faunal Species in Kaminidaha, Parsa National Park",route / travel UX,route_context,"Text, table",,2026-05-08t18:14:59.000z,2026-05-08t18:14:59.000z,Unknown,Creative Commons Attribution 4.0 International (CC BY 4.0),ICIMOD,2017-08-18,1849,National Park; Fauna; Butterfly; Birds; Herptofauna; Dragonfly; Nepal; HKH; Biodiversity; Kamini daha; REDD+; HKH-BIF; Biota,84.96,27.290000000000003,85.08,27.3,true,https://rds.icimod.org/Home/DataDetail?metadataId=33666,Spatial extent overlaps Nepal; Explicitly mentions Nepal; Recent temporal coverage (≥2020); Open license (CC BY)
634,74,medium,33713,aeab0e71-4c62-4554-a650-8c108af681be,"Dragonfly Species in Bhata, Kaminidaha and Halkhoriya within Parsa National Park",route / travel UX,route_context,"Text, table",,2026-05-08t18:14:59.000z,2026-05-08t18:14:59.000z,Unknown,Creative Commons Attribution 4.0 International (CC BY 4.0),ICIMOD,2017-08-18,4111,National Park; Biodiversity; Fauna; Dragonfly; Herptofauna; Nepal; Bhata; Kaminidaha; Halkhoriya; REDD+; HKH-BIF; HKH; Biota,84.76,27.290000000000003,85.08,27.3,true,https://rds.icimod.org/Home/DataDetail?metadataId=33713,Spatial extent overlaps Nepal; Explicitly mentions Nepal; Recent temporal coverage (≥2020); Open license (CC BY)
635,73,medium,9187,91cde8f2-5de9-4a4f-ba64-ab4feb1a76bc,Soil erodibility factor of Koshi basin,real-time weather / forecast,weather_climate; hydrology,Vector,100000,2026-05-08t18:14:59.000z,2026-05-08t18:14:59.000z,As needed,"The content of this website can be accessed, printed and downloaded in an unaltered form (altered including being stretc",ICIMOD,2013-06-13T15:39:00,4209,Soil erosivity; Basin; Koshi; Nepal; China; India; Environment,85.0238,25.3334,88.9502,29.1382,true,https://rds.icimod.org/Home/DataDetail?metadataId=9187,Spatial extent overlaps Nepal; Explicitly mentions Nepal; Recent temporal coverage (≥2020)
636,73,medium,1973202,a0540489-c257-493a-bef1-14f158346bbf,Land Suitability for Barley in Karnali Province,real-time weather / forecast,weather_climate,Grid,30 m,,,As needed,Creative Commons Attribution 4.0 International (CC BY 4.0),ICIMOD,2025-09-25,1538,barley; crop suitability; land suitability; high value crop; Karnali; Nepal; Geoscientific information; Farming,80.9809,28.151,83.6803,30.4472,true,https://rds.icimod.org/Home/DataDetail?metadataId=1973202,Spatial extent overlaps Nepal; Explicitly mentions Nepal; Open license (CC BY)
637,73,medium,1973219,a22af868-49fa-42a3-b324-e970812b7598,Land Suitability for Proso Millet in Karnali Province,real-time weather / forecast,weather_climate,Grid,30 m,,,As needed,Creative Commons Attribution 4.0 International (CC BY 4.0),ICIMOD,2025-09-25,3507,proso millet; crop suitability; land suitability; high value crop; Karnali; Nepal; Geoscientific information; Farming,80.9809,28.151,83.6803,30.4472,true,https://rds.icimod.org/Home/DataDetail?metadataId=1973219,Spatial extent overlaps Nepal; Explicitly mentions Nepal; Open license (CC BY)
638,73,medium,1973196,45cf1fd3-3aa4-4383-bdbd-2d7dbcf59b78,Land Suitability for Apple in Karnali Province,real-time weather / forecast,weather_climate,Grid,30 m,,,As needed,Creative Commons Attribution 4.0 International (CC BY 4.0),ICIMOD,2025-09-25,1275,apple; crop suitability; land suitability; high value crop; Karnali; Nepal; Geoscientific information; Farming,80.9809,28.151,83.6803,30.4472,true,https://rds.icimod.org/Home/DataDetail?metadataId=1973196,Spatial extent overlaps Nepal; Explicitly mentions Nepal; Open license (CC BY)
639,73,medium,1973216,535ea955-9a91-4054-a313-428d7e5bafe6,Land Suitability for Walnut in Karnali Province,real-time weather / forecast,weather_climate,Grid,30 m,,,As needed,Creative Commons Attribution 4.0 International (CC BY 4.0),ICIMOD,2025-09-25,3454,walnut; crop suitability; land suitability; high value crop; Karnali; Nepal; Geoscientific information; Farming,80.9809,28.151,83.6803,30.4472,true,https://rds.icimod.org/Home/DataDetail?metadataId=1973216,Spatial extent overlaps Nepal; Explicitly mentions Nepal; Open license (CC BY)
640,73,medium,1973208,a874fe0d-d1d1-433e-b952-1f4d8f1fdb9a,Land Suitability for Citrus in Karnali Province,real-time weather / forecast,weather_climate,Grid,30 m,,,As needed,Creative Commons Attribution 4.0 International (CC BY 4.0),ICIMOD,2025-09-25,3940,citrus; crop suitability; land suitability; high value crop; Karnali; Nepal; Geoscientific information; Farming,80.9809,28.151,83.6803,30.4472,true,https://rds.icimod.org/Home/DataDetail?metadataId=1973208,Spatial extent overlaps Nepal; Explicitly mentions Nepal; Open license (CC BY)
641,73,medium,1973211,c81da4f3-628f-4940-becd-90027e48106e,Land Suitability for Ginger in Karnali Province,real-time weather / forecast,weather_climate,Grid,30 m,,,As needed,Creative Commons Attribution 4.0 International (CC BY 4.0),ICIMOD,2025-09-25,3505,ginger; crop suitability; land suitability; high value crop; Karnali; Nepal; Geoscientific information; Farming,80.9809,28.151,83.6803,30.4472,true,https://rds.icimod.org/Home/DataDetail?metadataId=1973211,Spatial extent overlaps Nepal; Explicitly mentions Nepal; Open license (CC BY)
642,73,medium,1973222,456d86b5-466b-4b91-8ac2-356cc7940e82,Land Suitability for Finger Millet in Karnali Province,real-time weather / forecast,weather_climate,Grid,30 m,,,As needed,Creative Commons Attribution 4.0 International (CC BY 4.0),ICIMOD,2025-09-25,3850,finger millet; crop suitability; land suitability; high value crop; Karnali; Nepal; Geoscientific information; Farming,80.9809,28.151,83.6803,30.4472,true,https://rds.icimod.org/Home/DataDetail?metadataId=1973222,Spatial extent overlaps Nepal; Explicitly mentions Nepal; Open license (CC BY)
643,73,medium,1973205,1fbf8765-aec9-4f32-ae8f-4608b2f8bd7c,Land Suitability for Buckwheat in Karnali Province,real-time weather / forecast,weather_climate,Grid,30 m,,,As needed,Creative Commons Attribution 4.0 International (CC BY 4.0),ICIMOD,2025-09-25,1363,buckwheat; crop suitability; land suitability; high value crop; Karnali; Nepal; Geoscientific information; Farming,80.9809,28.151,83.6803,30.4472,true,https://rds.icimod.org/Home/DataDetail?metadataId=1973205,Spatial extent overlaps Nepal; Explicitly mentions Nepal; Open license (CC BY)
644,72,medium,23288,099c72d5-2a18-45a8-89b3-a26707666be3,"Basal Area data of 2009 for Kayerkhola watershed, Chitwan District, Nepal",flood / water context,hydrology,Grid,5000,2013-12-31t18:15:00.000z,2014-12-30t18:15:00.000z,As needed,"Creative Commons Attribution 4.0 International (CC BY 4.0) | The SERVIR Project, NASA, USAID and ICIMOD make no express ","ICIMOD, SERVIR Himalaya",2015-09-22,45358,Basal Area(BA); REDD+; Forest; servircat; icimod-servir; geo-biodiversity; Nepal; Chitwan; Geoscientific information,84.5565,27.6702,84.6939,27.7756,true,https://rds.icimod.org/Home/DataDetail?metadataId=23288,Spatial extent overlaps Nepal; Explicitly mentions Nepal; Open license (CC BY); High portal popularity
645,72,medium,9295,3b753085-5be3-440c-a879-18ea3da53b43,"Precipitation for Chaurikhark Station, Nepal",real-time weather / forecast,weather_climate; hydrology,,,1949-12-31t18:30:00.000z,2009-12-30t18:15:00.000z,As needed,All copyrights reserved to Department of Hydrology and Meteorology.,ICIMOD,2014-04-22,1265,Precipitation; Weather; CHAURIKHARK; Solukhumbu; Nepal; Koshi Basin; Climatology; meteorology; atmosphere,27.7,86.71667,27.7,86.71667,false,https://rds.icimod.org/Home/DataDetail?metadataId=9295,Outside Nepal/HKH region; Explicitly mentions Nepal; Long temporal baseline (≥10 years)
646,72,medium,8849,d4c0e67f-ef3c-4753-af03-9ff19d4bdd39,River Network of Bhutan,flood / water context,hydrology; terrain_landcover; remote_sensing,Vector,,2026-05-08t18:14:59.000z,2026-05-08t18:14:59.000z,As needed,"The content of this website can be accessed, printed and downloaded in an unaltered form (altered including being stretc",ICIMOD,2011-12-01T10:38:00,3298,River Network; Drainage network; Water Resource Management; Bhutan,88.75194,26.70361,92.11422,28.325,false,https://rds.icimod.org/Home/DataDetail?metadataId=8849,Spatial extent overlaps HKH region; Recent temporal coverage (≥2020)
647,72,medium,22518,d1aef15a-3ab7-41a6-8a75-0d812e707c8c,Meteorological data of Atmospheric Brown Cloud (ABC) project at ICIMOD,real-time weather / forecast,weather_climate,"Text, table",,2005-12-31t18:15:00.000z,2011-06-29t18:15:00.000z,,,ICIMOD,2015-08-06,4390,Meteorology; Radiation; Weather; ICIMOD; Khumaltar; Nepal; Environment,85.3228,27.6468,85.3228,27.6468,true,https://rds.icimod.org/Home/DataDetail?metadataId=22518,Spatial extent overlaps Nepal; Explicitly mentions Nepal
648,72,medium,23220,62bdf873-fd57-4b8b-948c-b13b288da842,Crop sown area for Wheat crop,route hazard / safety,hazard,Grid,30 m,2026-05-08t18:14:59.000z,2026-05-08t18:14:59.000z,As needed,"Creative Commons Attribution 4.0 International (CC BY 4.0) | Users are permitted to copy, use, adapt, and redistribute S","ICIMOD, SERVIR Himalaya",2015-06-14,42422,Wheat; Agriculcture; Drought; servircat; icimod-servir; geo-agriculture; Nepal; Geoscientific information,80.0509,26.3483,88.2009,30.4483,true,https://rds.icimod.org/Home/DataDetail?metadataId=23220,Spatial extent overlaps Nepal; Explicitly mentions Nepal; Recent temporal coverage (≥2020); Open license (CC BY); High portal popularity
649,72,medium,9183,bd3afc18-4a74-4a84-8e9b-0f9d98089e55,Sub Basin Boundary of Koshi Basin Nepal,flood / water context,hydrology,Vector,25000,2026-05-08t18:14:59.000z,2026-05-08t18:14:59.000z,As needed,Creative Commons Attribution 4.0 International (CC BY 4.0),ICIMOD,2013-06-13T14:54:00,9154,Sub Basin; Watershed Boundary; Water resource management; Koshi Basin; Nepal; Boundaries,85.0238,25.3334,88.9502,29.1382,true,https://rds.icimod.org/Home/DataDetail?metadataId=9183,Spatial extent overlaps Nepal; Explicitly mentions Nepal; Recent temporal coverage (≥2020); Open license (CC BY)
650,71,medium,17454,93728d55-2cae-4c14-9df1-77e336aa36d1,District level livestock population in Nepal,none,,,,2026-05-08t18:14:59.000z,2026-05-08t18:14:59.000z,Annually,Creative Commons Attribution 4.0 International (CC BY 4.0),Ministry of Agricultural Development,2014-10-29,42448,Livestock population; Cattle; Agriculture Atlas; geo-agriculture; Buffalo; Sheep; Goat; Pig; Fowl; Duck; Production; Area; Yield; SERVIR Himalaya; servircat; icimod-servir; Agriculture; Nepal; Farming,80.0522,26.36836,88.19456,30.42472,true,https://rds.icimod.org/Home/DataDetail?metadataId=17454,Spatial extent overlaps Nepal; Explicitly mentions Nepal; Recent temporal coverage (≥2020); Open license (CC BY); High portal popularity
651,71,medium,17449,f32f9142-f2ab-48e3-bbcd-4bc3d978c772,District level vegetable crop production in Nepal,none,,,,2026-05-08t18:14:59.000z,2026-05-08t18:14:59.000z,Annually,Creative Commons Attribution 4.0 International (CC BY 4.0),Ministry of Agricultural Development,2014-10-29,41938,Vegetable; Agriculture Atlas; geo-agriculture; Production; Area; Yield; SERVIR Himalaya; servircat; icimod-servir; Agriculture; Nepal; Farming,80.0522,26.36836,88.19456,30.42472,true,https://rds.icimod.org/Home/DataDetail?metadataId=17449,Spatial extent overlaps Nepal; Explicitly mentions Nepal; Recent temporal coverage (≥2020); Open license (CC BY); High portal popularity
652,71,medium,1973239,11ce2ade-e5ba-46a6-a85f-1bbec9fa73bc,Mountain Regions in Bangladesh,terrain / base map,terrain_landcover,Grid,30 m,,,As needed,Creative Commons Attribution 4.0 International (CC BY 4.0),ICIMOD,2025-09-25,1986,mountain classification; mountain; Bangladesh; Geoscientific information,88.0439,20.7448,92.6693,26.6261,true,https://rds.icimod.org/Home/DataDetail?metadataId=1973239,Spatial extent overlaps Nepal; Open license (CC BY)
653,71,medium,9152,671c5ddf-a8df-4afe-a7d0-d8b3b840d64c,"Land Cover Change between 1990-2000 in Central Karakoram National Park(CKNP), Pakistan.",terrain / base map,terrain_landcover; route_context; remote_sensing,,30 m,2026-05-08t18:14:59.000z,2026-05-08t18:14:59.000z,Not planned,Creative Commons Attribution 4.0 International (CC BY 4.0),ICIMOD,2012-10-31,4684,Land Cover Change; Land use; Classification; geo-agriculture; Central Karakoram National Park; Pakistan; CKNP,74.250933,35.035133,76.778271,36.641895,false,https://rds.icimod.org/Home/DataDetail?metadataId=9152,Spatial extent overlaps HKH region; Recent temporal coverage (≥2020); Open license (CC BY)
654,71,medium,3189,a425099f-bfa3-4fbf-a988-9415f9aa6975,Elevation Zones of Afghanistan,terrain / base map,terrain_landcover,Grid,1000000,2026-05-08t18:14:59.000z,2026-05-08t18:14:59.000z,As needed,"The content of this website can be accessed, printed and downloaded in an unaltered form (altered including being stretc",ICIMOD,2008-05-21T15:41:00,2970,DEM; Topography; Afghanistan; Elevation,60.5042,29.4061,74.9157,38.472,false,https://rds.icimod.org/Home/DataDetail?metadataId=3189,Spatial extent overlaps HKH region; Recent temporal coverage (≥2020)
655,71,medium,9154,f54e7f74-71a3-472a-a6e9-6772c577e81a,"Land Cover Change between 2000-2010 in Central Karakoram National Park(CKNP), Pakistan.",terrain / base map,terrain_landcover; route_context; remote_sensing,,30 m,2026-05-08t18:14:59.000z,2026-05-08t18:14:59.000z,Not planned,Creative Commons Attribution 4.0 International (CC BY 4.0),ICIMOD,2012-10-31,4457,Land Cover Change; Land use; Classification; geo-agriculture; Central Karakoram National Park; Pakistan; CKNP; Geoscientific information,74.250933,35.035133,76.778271,36.641895,false,https://rds.icimod.org/Home/DataDetail?metadataId=9154,Spatial extent overlaps HKH region; Recent temporal coverage (≥2020); Open license (CC BY)
656,71,medium,17458,7212b7e8-a3c9-4e5b-9afa-40e08dd77406,District level livestock meat production in Nepal,none,,,,2026-05-08t18:14:59.000z,2026-05-08t18:14:59.000z,Annually,Creative Commons Attribution 4.0 International (CC BY 4.0),Ministry of Agricultural Development,2014-10-30,41452,Livestock Meat; Buff; Agriculture Atlas; geo-agriculture; Mutton; Goat; Pig; Chicken; Duck; SERVIR Himalaya; servircat; icimod-servir; Agriculture; Nepal; Farming,80.0522,26.36836,88.19456,30.42472,true,https://rds.icimod.org/Home/DataDetail?metadataId=17458,Spatial extent overlaps Nepal; Explicitly mentions Nepal; Recent temporal coverage (≥2020); Open license (CC BY); High portal popularity
657,71,medium,17455,2835d5fc-17f1-44b4-8547-f91f768343fe,District level livestock milk production in Nepal,none,,,,2026-05-08t18:14:59.000z,2026-05-08t18:14:59.000z,Annually,Creative Commons Attribution 4.0 International (CC BY 4.0),Ministry of Agricultural Development,2014-10-30,40727,Livestock Milk; Milk Cow No.; Agriculture Atlas; geo-agriculture; Milk Buffalo No.; Cow Milk; Buffalo Milk; Total Milk; SERVIR Himalaya; servircat; icimod-servir; Agriculture; Nepal; Farming,80.0522,26.36836,88.19456,30.42472,true,https://rds.icimod.org/Home/DataDetail?metadataId=17455,Spatial extent overlaps Nepal; Explicitly mentions Nepal; Recent temporal coverage (≥2020); Open license (CC BY); High portal popularity
658,71,medium,17452,f364b4ea-d74c-453b-bb4d-267119aebb7e,District level tropical fruit production in Nepal,none,,,,2026-05-08t18:14:59.000z,2026-05-08t18:14:59.000z,Annually,Creative Commons Attribution 4.0 International (CC BY 4.0),Ministry of Agricultural Development,2014-10-29,42146,Tropical Fruit; Mango; Agriculture Atlas; geo-agriculture; Banana; Guava; Papaya; Jackfruit; Pineapple; Litchi; Production; Area; SERVIR Himalaya; Arecanut; Coconut; servircat; icimod-servir; Agriculture; Nepal; Farming,80.0522,26.36836,88.19456,30.42472,true,https://rds.icimod.org/Home/DataDetail?metadataId=17452,Spatial extent overlaps Nepal; Explicitly mentions Nepal; Recent temporal coverage (≥2020); Open license (CC BY); High portal popularity
659,71,medium,8041,3183bf2a-fbcd-43cf-ac0a-956ede81410b,"Spot Height of Ludhi Khola Watershed, Gorkha, Nepal",flood / water context,hydrology; terrain_landcover,Vector,25000,2026-05-08t18:14:59.000z,2026-05-08t18:14:59.000z,As needed,"The content of this website can be accessed, printed and downloaded in an unaltered form (altered including being stretc",ICIMOD,2010-07-18T11:00:00,1848,REDD; Elevation; Ludhi Khola Watershed; Gorkha; Nepal; Elevation,84.530634,27.905367,84.705186,27.999477,true,https://rds.icimod.org/Home/DataDetail?metadataId=8041,Spatial extent overlaps Nepal; Explicitly mentions Nepal; Recent temporal coverage (≥2020)
660,71,medium,9147,49812bad-6bac-49c7-b2c7-196753786296,"Land Cover in 2010 in Central Karakoram National Park (CKNP), Pakistan.",terrain / base map,terrain_landcover; route_context; remote_sensing,,30 m,2026-05-08t18:14:59.000z,2026-05-08t18:14:59.000z,Not planned,Creative Commons Attribution 4.0 International (CC BY 4.0),ICIMOD,2012-10-31,4804,Land cover; Land Use; Classification; geo-agriculture; Central Karakoram National Park; Pakistan; CKNP; Biota,74.250933,35.035133,76.778271,36.641895,false,https://rds.icimod.org/Home/DataDetail?metadataId=9147,Spatial extent overlaps HKH region; Recent temporal coverage (≥2020); Open license (CC BY)
661,71,medium,9148,549493e1-691d-4c16-82a9-75023daf7b8a,"Land Cover in 2000 of Central Karakoram National Park(CKNP), Pakistan.",terrain / base map,terrain_landcover; route_context; remote_sensing,,30 m,2026-05-08t18:14:59.000z,2026-05-08t18:14:59.000z,Not planned,Creative Commons Attribution 4.0 International (CC BY 4.0),ICIMOD,2012-10-31,5245,Land cover; Classification; Land Use; geo-agriculture; Central Karakoram National Park; Pakistan; CKNP; Geoscientific information,74.250933,35.035133,76.778271,36.641895,false,https://rds.icimod.org/Home/DataDetail?metadataId=9148,Spatial extent overlaps HKH region; Recent temporal coverage (≥2020); Open license (CC BY)
662,71,medium,9149,5ca5184c-400d-4de2-8c2a-2380100155b7,"Land Cover in 1990 of Central Karakoram National Park(CKNP), Pakistan.",terrain / base map,terrain_landcover; route_context; remote_sensing,,30 m,2026-05-08t18:14:59.000z,2026-05-08t18:14:59.000z,Not planned,Creative Commons Attribution 4.0 International (CC BY 4.0),ICIMOD,2012-10-31,5043,Land cover; Land Use; Classicfication; geo-agriculture; Central Karakoram National Park; Pakistan; CKNP; Geoscientific information,74.250933,35.035133,76.778271,36.641895,false,https://rds.icimod.org/Home/DataDetail?metadataId=9149,Spatial extent overlaps HKH region; Recent temporal coverage (≥2020); Open license (CC BY)
663,71,medium,8040,cc94459d-678d-4766-b89b-98061db87e8d,"Settlement of Ludhi Khola Watershed, Gorkha, Nepal",flood / water context,hydrology; route_context,Vector,25000,2026-05-08t18:14:59.000z,2026-05-08t18:14:59.000z,As needed,"The content of this website can be accessed, printed and downloaded in an unaltered form (altered including being stretc",ICIMOD,2010-07-31T00:00:00,1957,REDD; Populated Place; Ludhi khola Watershed; Gorkha; Nepal; Society,84.530634,27.905367,84.705186,27.999477,true,https://rds.icimod.org/Home/DataDetail?metadataId=8040,Spatial extent overlaps Nepal; Explicitly mentions Nepal; Recent temporal coverage (≥2020)
664,70,medium,9156,ca9a781a-ec34-494c-b814-71c07640ef2a,"Snow Leopard habitat area of Central Karakoram National Park(CKNP), Pakistan.",snowline / glacier context,cryosphere; terrain_landcover; route_context,Vector,30 m,2026-05-08t18:14:59.000z,2026-05-08t18:14:59.000z,Not planned,"The content of this website can be accessed, printed and downloaded in an unaltered form (altered including being stretc",ICIMOD,2012-11-12,2332,Biodiversity; Animal Habitat; Sighting point; Snow Leopard; Species; Central Karakoram National Park; Pakistan; CKNP,74.250933,35.035133,76.778271,36.641895,false,https://rds.icimod.org/Home/DataDetail?metadataId=9156,Spatial extent overlaps HKH region; Recent temporal coverage (≥2020)
665,70,medium,3538,e99fefdd-98ce-41ec-8307-62a24758ed10,Snow Cover Area of Pakistan,snowline / glacier context,cryosphere,Vector,1000000,2026-05-08t18:14:59.000z,2026-05-08t18:14:59.000z,As needed,"The content of this website can be accessed, printed and downloaded in an unaltered form (altered including being stretc",ICIMOD,2008-06-07T19:42:00,2051,Glacier; Snow Cover; Pakistan; Location,60.8663,23.688,77.8239,37.0608,false,https://rds.icimod.org/Home/DataDetail?metadataId=3538,Spatial extent overlaps HKH region; Recent temporal coverage (≥2020)
666,70,medium,1972700,8d01d25d-40a3-4147-be7f-b55cf38f32bd,Endemic flora of Nepal at KATH,terrain / base map,terrain_landcover,"Text, table",,1926-05-19t18:30:00.000z,2018-05-25t18:15:00.000z,Unknown,KATH (National Herbarium and Plant Laboratories)(2020): Endemic flora of Nepal at KATH. v1.5. Department of Plant Resour,KATH (National Herbarium and Plant Laboratories),2019-07-30,3222,Occurrence; Biodiversity; Flora; Endemic Flora; Specimen; Nepal; HKH-BIF; Biota,79.958,26.274,88.264,30.487,true,https://rds.icimod.org/Home/DataDetail?metadataId=1972700,Spatial extent overlaps Nepal; Explicitly mentions Nepal; Long temporal baseline (≥10 years)
667,69,medium,7990,386c13b4-a3c4-4fa1-b5ec-bd77aa801e46,"Utilities of Charnawati River Watershed, Dolakha, Nepal",flood / water context,hydrology,Vector,25000,2026-05-08t18:14:59.000z,2026-05-08t18:14:59.000z,As needed,"The content of this website can be accessed, printed and downloaded in an unaltered form (altered including being stretc",ICIMOD,2010-07-25T00:00:00,1939,REDD; Utilities; Infrastructure; Watershed; Charnawati Watershed; Dolakha; Nepal; Utilities communication,85.933265,27.589446,86.075213,27.74575,true,https://rds.icimod.org/Home/DataDetail?metadataId=7990,Spatial extent overlaps Nepal; Explicitly mentions Nepal; Recent temporal coverage (≥2020)
668,69,medium,18404,05c03d94-90b4-4975-b21e-6ec2093eebd1,"Hydrological Data of HYCOS Water Level and Rainfall Station at Busti, Nepal",real-time weather / forecast,weather_climate,,,2011-01-01t04:00:00.000z,2013-12-31t06:00:00.000z,As needed,,ICIMOD,2014-11-11,1761,HYCOS; Rainfall; Hydrological Station; Water Level; Busti; Charikot; Nepal; Climatology; meteorology; atmosphere,86.0846,27.6361,86.084597222222,27.6361,true,https://rds.icimod.org/Home/DataDetail?metadataId=18404,Spatial extent overlaps Nepal; Explicitly mentions Nepal
669,69,medium,18448,e9ff1bd2-6f3e-43ec-aaea-d873cc478969,"Hydrological Data of HYCOS Water Level and Rainfall Station at Turkeghat, Nepal",real-time weather / forecast,weather_climate,,,2011-01-01t04:00:00.000z,2013-10-07t23:45:00.000z,As needed,,ICIMOD,2014-11-11,4149,HYCOS; Rainfall; Hydrological Station; Water Level; Turkeghat; Sankhuwasabha; Nepal; Climatology; meteorology; atmosphere,87.18956,27.31172,87.189561111111,27.31172,true,https://rds.icimod.org/Home/DataDetail?metadataId=18448,Spatial extent overlaps Nepal; Explicitly mentions Nepal
670,69,medium,7993,f302ae8e-42df-4e6c-8e05-775126aecddd,"Ward Boundaries of Charnawati River Watershed, Dolakha, Nepal",flood / water context,hydrology,Vector,25000,2026-05-08t18:14:59.000z,2026-05-08t18:14:59.000z,As needed,"The content of this website can be accessed, printed and downloaded in an unaltered form (altered including being stretc",ICIMOD,2010-07-25T00:00:00,2061,REDD; Watershed; Ward; Administrative Boundary; Charnawati Watershed; Dolakha; Nepal; Boundaries,85.8832,27.575683,86.118204,27.752094,true,https://rds.icimod.org/Home/DataDetail?metadataId=7993,Spatial extent overlaps Nepal; Explicitly mentions Nepal; Recent temporal coverage (≥2020)
671,69,medium,23569,2bdfed0a-8006-4fac-a7cb-49caf46604d2,Land cover of the Kangchenjunga Landscape 2000,terrain / base map,terrain_landcover,Grid,100000,2026-05-08t18:14:59.000z,2026-05-08t18:14:59.000z,As needed,Creative Commons Attribution 4.0 International (CC BY 4.0),ICIMOD,2015-10-12,4567,Land Cover; Ecosystems; Landscape; Biodiversity; Kangchenjunga Landscape; Bhutan; India; Nepal; Economy,87.503157,26.333527,90.040662,28.139525,true,https://rds.icimod.org/Home/DataDetail?metadataId=23569,Spatial extent overlaps Nepal; Explicitly mentions Nepal; Recent temporal coverage (≥2020); Open license (CC BY)
672,69,medium,7991,94d59d74-5ec5-4165-a325-f66474dcc69f,"Village Development Committee Boundaries of Charnawati River Watershed, Dolakha, Nepal",flood / water context,hydrology,Vector,25000,2026-05-08t18:14:59.000z,2026-05-08t18:14:59.000z,As needed,"The content of this website can be accessed, printed and downloaded in an unaltered form (altered including being stretc",ICIMOD,2010-07-25T00:00:00,2216,REDD; Administrative Boundary; VDC; Village Development Committee; Charnawati Watershed; Dolakha; Nepal; Boundaries,85.8832,27.575683,86.118204,27.752094,true,https://rds.icimod.org/Home/DataDetail?metadataId=7991,Spatial extent overlaps Nepal; Explicitly mentions Nepal; Recent temporal coverage (≥2020)
673,69,medium,7957,86906088-d229-4e26-a60b-d0a7cef34edb,"Building Footprints of Charnawati River Watershed, Dolakha, Nepal",flood / water context,hydrology,Vector,25000,2026-05-08t18:14:59.000z,2026-05-08t18:14:59.000z,As needed,"The content of this website can be accessed, printed and downloaded in an unaltered form (altered including being stretc",ICIMOD,2010-07-18T11:00:00,1969,REDD; Watershed; Charnawati Watershed; Dolakha; Nepal; Society,85.8832,27.575680000000002,86.1182,27.75209,true,https://rds.icimod.org/Home/DataDetail?metadataId=7957,Spatial extent overlaps Nepal; Explicitly mentions Nepal; Recent temporal coverage (≥2020)
674,69,medium,8038,773ced6a-7088-41f3-8c8c-fd44a96a57e2,"Road Network of Ludhi Khola Watershed, Gorkha, Nepal",flood / water context,hydrology; route_context,Vector,25000,2026-05-08t18:14:59.000z,2026-05-08t18:14:59.000z,As needed,"The content of this website can be accessed, printed and downloaded in an unaltered form (altered including being stretc",ICIMOD,2010-07-31T00:00:00,2131,REDD; Transportation Network; Ludhi khola Watershed; Gorkha; Nepal; Transportation,84.530634,27.905367,84.705186,27.999477,true,https://rds.icimod.org/Home/DataDetail?metadataId=8038,Spatial extent overlaps Nepal; Explicitly mentions Nepal; Recent temporal coverage (≥2020)
675,69,medium,8036,61cc0320-bb5b-441e-8c64-e78fdd798914,"River Network of Ludhi Khola Watershed, Gorkha, Nepal",flood / water context,hydrology,Vector,25000,2026-05-08t18:14:59.000z,2026-05-08t18:14:59.000z,As needed,"The content of this website can be accessed, printed and downloaded in an unaltered form (altered including being stretc",ICIMOD,2010-07-31T00:00:00,1902,REDD; Drainage Network; Hydrography; Ludhi khola Watershed; Gorkha; Nepal; Inland waters,84.530634,27.905367,84.705186,27.999477,true,https://rds.icimod.org/Home/DataDetail?metadataId=8036,Spatial extent overlaps Nepal; Explicitly mentions Nepal; Recent temporal coverage (≥2020)
676,69,medium,7994,3ff848d1-64db-4310-bee9-9812ced04c7f,"Water Bodies of Charnawati River Watershed, Dolakha, Nepal",flood / water context,hydrology,Vector,25000,2026-05-08t18:14:59.000z,2026-05-08t18:14:59.000z,As needed,"The content of this website can be accessed, printed and downloaded in an unaltered form (altered including being stretc",ICIMOD,2010-07-25T00:00:00,2029,REDD; Watershed; Drainage Network; Charnawati Watershed; Dolakha; Nepal; Inland waters,85.933265,27.589446,86.075213,27.74575,true,https://rds.icimod.org/Home/DataDetail?metadataId=7994,Spatial extent overlaps Nepal; Explicitly mentions Nepal; Recent temporal coverage (≥2020)
677,69,medium,18401,5e6e0df1-75ac-41f3-85cd-092dcbdbe4f5,"Hydrological Data of HYCOS Water Level and Rainfall Station at Pachuwarghat, Nepal",real-time weather / forecast,weather_climate,,,2011-01-01t04:00:00.000z,2013-12-31t06:00:00.000z,As needed,,ICIMOD,2014-11-11,1594,HYCOS; Rainfall; Water Level; Hydrological Station; Pachuwarghat; Kavre; Nepal; Climatology; meteorology; atmosphere,85.7487,27.5537,85.748699833333,27.5537,true,https://rds.icimod.org/Home/DataDetail?metadataId=18401,Spatial extent overlaps Nepal; Explicitly mentions Nepal
678,69,medium,22499,92005734-ae2f-4e1a-8658-57b3302b4bb7,Meteorological data of SUSKAT campaign of different stations,real-time weather / forecast,weather_climate; route_context,"Text, table",,2012-11-30t18:15:00.000z,2013-06-29t18:15:00.000z,,,ICIMOD,2015-08-06,2851,Meteorology; SUSKAT; Bode; Bhimdhunga; Nepal; Nagarkot; Naikhandi; Pakanajol; Environment,85.2,27.6,85.55,27.7,true,https://rds.icimod.org/Home/DataDetail?metadataId=22499,Spatial extent overlaps Nepal; Explicitly mentions Nepal
679,69,medium,22322,8b762e1a-7b8b-42ff-8797-315c9e457dfc,Poverty and Vulnerability Assessment (PVA) household level data of Upper Indus sub-basin in Pakistan,real-time weather / forecast,weather_climate; cryosphere; hydrology,"Text, table",,2010-12-31t23:15:00.000z,2011-12-30t23:15:00.000z,As needed,Creative Commons Attribution 4.0 International (CC BY 4.0),ICIMOD,2015-07-29,7236,Livelihood; Climate Change; Income; Expenditure; Agriculture; Livestock; Ecosystem Services; Governance; Gender; Mountain Poverty; Vulnerability; Socio-economic; Pakistan,60.8663,23.68805,77.82393,37.06079,false,https://rds.icimod.org/Home/DataDetail?metadataId=22322,Spatial extent overlaps HKH region; Open license (CC BY)
680,69,medium,22325,90c56ee0-c17b-4e45-9935-663cd1bdc4a2,Poverty and Vulnerability Assessment (PVA) household level data of Upper Brahmaputra sub-basin in China,real-time weather / forecast,weather_climate; cryosphere; hydrology,"Text, table",,2012-12-31t23:15:00.000z,2013-12-30t23:15:00.000z,As needed,Creative Commons Attribution 4.0 International (CC BY 4.0),ICIMOD,2015-07-29,6999,Livelihood; Climate Change; Income; Expenditure; Agriculture; Livestock; Ecosystem Services; Governance; Gender; Mountain Poverty; Vulnerability; Socio-economic; China,60.8663,23.68805,77.82393,37.06079,false,https://rds.icimod.org/Home/DataDetail?metadataId=22325,Spatial extent overlaps HKH region; Open license (CC BY)
681,69,medium,7986,d43699bb-a868-4ce6-910e-5f8038293558,"Sample Plots of Charnawati River Watershed, Dolakha, Nepal",flood / water context,hydrology,Vector,25000,2026-05-08t18:14:59.000z,2026-05-08t18:14:59.000z,As needed,"The content of this website can be accessed, printed and downloaded in an unaltered form (altered including being stretc",ICIMOD,2010-07-24T00:00:00,1823,REDD; Watershed; Plots; Charnawati Watershed; Dolakha; Nepal; Location,85.933265,27.589446,86.075213,27.74575,true,https://rds.icimod.org/Home/DataDetail?metadataId=7986,Spatial extent overlaps Nepal; Explicitly mentions Nepal; Recent temporal coverage (≥2020)
682,69,medium,18402,c2633d35-0ce2-415c-9f80-2d2ea272e179,"Hydrological Data of HYCOS Water Level and Rainfall Station at Mulghat, Nepal",real-time weather / forecast,weather_climate,,,2012-04-16t04:15:00.000z,2013-12-26t19:45:00.000z,As needed,,ICIMOD,2014-11-11,1798,HYCOS; Rainfall; Hydrological Station; Water Level; Mulghat; Dhankuta; Nepal; Climatology; meteorology; atmosphere,87.3173,26.9299,87.3173,26.9299,true,https://rds.icimod.org/Home/DataDetail?metadataId=18402,Spatial extent overlaps Nepal; Explicitly mentions Nepal
683,69,medium,8735,3bade625-f77d-41b1-9513-fa23a805c46e,"Wetland Habitat Ecosystem of Koshi Tappu, Nepal",flood / water context,hydrology; terrain_landcover,Vector,50000,2026-05-08t18:14:59.000z,2026-05-08t18:14:59.000z,As needed,"The content of this website can be accessed, printed and downloaded in an unaltered form (altered including being stretc",ICIMOD,2010-05-11T14:59:00,2963,Wetland Ecosystem; Habitat; Basin; Koshi Tappu; Koshi Basin; Nepal; Boundaries,86.55,26.36,87.5,26.44,true,https://rds.icimod.org/Home/DataDetail?metadataId=8735,Spatial extent overlaps Nepal; Explicitly mentions Nepal; Recent temporal coverage (≥2020)
684,69,medium,23570,e0603497-6fed-4bc9-9cb5-ae9eebb64f43,Land cover of the Kangchenjunga Landscape 2010,terrain / base map,terrain_landcover,Grid,100000,2026-05-08t18:14:59.000z,2026-05-08t18:14:59.000z,As needed,Creative Commons Attribution 4.0 International (CC BY 4.0),ICIMOD,2015-10-12,4123,Land cover; Ecosystems; Landscape; Biodiversity; Kangchenjunga Landscape; Bhutan; India; Nepal; Economy,87.503157,26.333527,90.040662,28.139525,true,https://rds.icimod.org/Home/DataDetail?metadataId=23570,Spatial extent overlaps Nepal; Explicitly mentions Nepal; Recent temporal coverage (≥2020); Open license (CC BY)
685,69,medium,7982,5a3a34b0-e10c-4501-ae0e-6f07b9b0022e,"River Network of Charnawati River Watershed, Dolakha, Nepal",flood / water context,hydrology,Vector,25000,2026-05-08t18:14:59.000z,2026-05-08t18:14:59.000z,As needed,"The content of this website can be accessed, printed and downloaded in an unaltered form (altered including being stretc",ICIMOD,2010-07-24T00:00:00,1896,REDD; Watershed; River network; Drainage network; Charnawati Watershed; Dolakha; Nepal; Inland waters,85.8832,27.575683,86.118204,27.752094,true,https://rds.icimod.org/Home/DataDetail?metadataId=7982,Spatial extent overlaps Nepal; Explicitly mentions Nepal; Recent temporal coverage (≥2020)
686,68,medium,22759,fd22d985-5b50-47b1-90e8-6feb27bd5736,Development Pressure Index of  Nepal and Bihar part of Koshi Basin,real-time weather / forecast,weather_climate; hydrology,"Text, table",,2001-12-30t18:15:00.000z,2011-12-30t18:15:00.000z,As needed,,ICIMOD,2013-12-31,1971,Development Pressure Index (DPI); Population growth; GDP per capita; Nepal; India; Koshi Basin; Geoscientific information,85.0238,25.334,88.9502,29.1382,true,https://rds.icimod.org/Home/DataDetail?metadataId=22759,Spatial extent overlaps Nepal; Explicitly mentions Nepal; Long temporal baseline (≥10 years)
687,68,medium,8847,4846860c-f5c4-41e7-b06a-349e84bba4dd,Watershed Basin Boundary of Bhutan,flood / water context,hydrology; terrain_landcover; remote_sensing,Vector,50000,2026-05-08t18:14:59.000z,2026-05-08t18:14:59.000z,As needed,"The content of this website can be accessed, printed and downloaded in an unaltered form (altered including being stretc",ICIMOD,2011-12-01T10:21:00,2433,Watershed; Basin; Water Resource Management; Bhutan; Inland waters,88.75194,26.70361,92.11422,28.325,false,https://rds.icimod.org/Home/DataDetail?metadataId=8847,Spatial extent overlaps HKH region; Recent temporal coverage (≥2020)
688,68,medium,9083,63d676db-74d0-4ac6-ac56-55869482ccae,Sub Watershed Basin Boundary of Bhutan,flood / water context,hydrology; terrain_landcover; remote_sensing,Vector,50000,2026-05-08t18:14:59.000z,2026-05-08t18:14:59.000z,As needed,,ICIMOD,2012-09-21,1873,Sub Basin Boundary; Watershed; Water Resource Management; Bhutan; Inland waters,88.75194,26.70361,92.11422,28.325,false,https://rds.icimod.org/Home/DataDetail?metadataId=9083,Spatial extent overlaps HKH region; Recent temporal coverage (≥2020)
689,68,medium,1972676,000e537a-cfbc-40ea-b444-125b2a26e9b6,Data on socio-economic factors leading to open agricultural burning in Nepal,real-time weather / forecast,weather_climate; cryosphere; terrain_landcover,,,2017-04-09t18:15:00.000z,2017-05-02t18:15:00.000z,Not planned,Creative Commons Attribution 4.0 International (CC BY 4.0),ICIMOD,2017-05-03,50518,Crop Residue Burning; Socioeconomic status of farmers; Crops residue management.; Nawalparasi; Kapilvastu; Rupandehi; Geoscientific information,,,,,,https://rds.icimod.org/Home/DataDetail?metadataId=1972676,Explicitly mentions Nepal; Open license (CC BY); High portal popularity
690,68,medium,9446,4aae2cae-c879-464a-a930-212859cd2d6d,"Relativehumidity for the Dhankuta station, Nepal",real-time weather / forecast,weather_climate,,,1986-12-31t18:15:00.000z,2009-12-30t18:15:00.000z,As needed,All copyrights reserved to Department of Hydrology and Meteorology.,ICIMOD,2014-04-22,1291,RelativeHumidity; SYNOPTIC; Water and Air; DHANKUTA; Dhankuta; Nepal; Ganges; Koshi; Himalayan subtropical pine forest; Climatology; meteorology; atmosphere,26.98333,87.35,26.98333,87.35,false,https://rds.icimod.org/Home/DataDetail?metadataId=9446,Outside Nepal/HKH region; Explicitly mentions Nepal; Long temporal baseline (≥10 years)
691,68,medium,22761,d2ff00d1-959e-4093-9adc-f7939dda34d8,Water Vulnerability  Index (VI)  of  Nepal and Bihar part of Koshi Basin,real-time weather / forecast,weather_climate; hydrology,"Text, table",,1950-12-30t18:30:00.000z,2013-12-30t18:15:00.000z,As needed,,ICIMOD,2013-12-31,1873,Water Vulnerability Index (VI); Development Pressure Index (DPI); Ecological Health Index (EHI); Management Capacity Index (MCI); Nepal; India; Bihar; Koshi Basin; Geoscientific information,85.0238,25.334,88.9502,29.1382,true,https://rds.icimod.org/Home/DataDetail?metadataId=22761,Spatial extent overlaps Nepal; Explicitly mentions Nepal; Long temporal baseline (≥10 years)
692,67,medium,7997,395a79bc-2fb6-43d4-b540-4069a9d8f581,Building Clusters of Kayar Khola Watershed Chitwan Nepal,flood / water context,hydrology,Vector,25000,2026-05-08t18:14:59.000z,2026-05-08t18:14:59.000z,As needed,"The content of this website can be accessed, printed and downloaded in an unaltered form (altered including being stretc",ICIMOD,2010-07-25T00:00:00,1794,REDD; Building Cluster; House Cluster; Kayar Khola Watershed; Chitwan; Nepal; Location,84.556535,27.670243,84.694078,27.775666,true,https://rds.icimod.org/Home/DataDetail?metadataId=7997,Spatial extent overlaps Nepal; Explicitly mentions Nepal; Recent temporal coverage (≥2020)
693,67,medium,17465,ef831a9b-a054-4bf6-b8e4-eab68e37a82e,"Hydrological Data of HYCOS Water Level and Rainfall Station at Bhairab Bazar, Bangladesh.",real-time weather / forecast,weather_climate; hazard,,,2011-10-28t07:00:00.000z,2013-12-31t06:00:00.000z,As needed,,ICIMOD,2014-11-03,4457,HYCOS; Flood; Water Level; Rainfall; Hydrological Station; Precipitation; Bangladesh; Bhairab Bazar; Climatology; meteorology; atmosphere,90.993388888889,24.04729,90.99339,24.04729,false,https://rds.icimod.org/Home/DataDetail?metadataId=17465,Spatial extent overlaps HKH region
694,67,medium,2449,e95ce58e-2d56-40a4-bb00-b22f466edefe,Major Watersheds of Hindu Kush Himalayan (HKH) Region,flood / water context,hydrology,Vector,1000000,2026-05-08t18:14:59.000z,2026-05-08t18:14:59.000z,As needed,"The content of this website can be accessed, printed and downloaded in an unaltered form (altered including being stretc",ICIMOD,2008-08-03T15:08:00,1619,Watershed; Water resource management; Hindu Kush Himalayan Region; HKH; Inland waters,60.853848,15.9578,105.044632,39.318611,true,https://rds.icimod.org/Home/DataDetail?metadataId=2449,Spatial extent overlaps Nepal; Recent temporal coverage (≥2020)
695,67,medium,9207,61a9e841-c8a2-4d5f-ba12-2dde133ee946,Country boundary (International) of Koshi basin,flood / water context,hydrology,Vector,100000,2026-05-08t18:14:59.000z,2026-05-08t18:14:59.000z,As needed,"The content of this website can be accessed, printed and downloaded in an unaltered form (altered including being stretc",ICIMOD,2013-06-17T12:13:00,2732,International boundary; Outline; Basin; Koshi; China; Nepal; India; Boundaries,85.0238,25.3334,88.9502,29.1382,true,https://rds.icimod.org/Home/DataDetail?metadataId=9207,Spatial extent overlaps Nepal; Explicitly mentions Nepal; Recent temporal coverage (≥2020)
696,67,medium,8014,88a9c5ea-5baa-407b-8d46-20d1fa9258d7,"Sample Plots of Kayar Khola Watershed, Chitwan Nepal",flood / water context,hydrology,Vector,25000,2026-05-08t18:14:59.000z,2026-05-08t18:14:59.000z,As needed,"The content of this website can be accessed, printed and downloaded in an unaltered form (altered including being stretc",ICIMOD,2010-07-31T00:00:00,1816,REDD; Sample plots; Kayar Khola Watershed; Chitwan; Nepal; Environment,84.556535,27.670243,84.694078,27.775666,true,https://rds.icimod.org/Home/DataDetail?metadataId=8014,Spatial extent overlaps Nepal; Explicitly mentions Nepal; Recent temporal coverage (≥2020)
697,67,medium,8019,6c0b2ea6-6c07-423e-ab8c-e5e89048d121,"VDC Boundary of Kayar Khola Watershed, Chitwan Nepal",flood / water context,hydrology,Vector,25000,2026-05-08t18:14:59.000z,2026-05-08t18:14:59.000z,As needed,"The content of this website can be accessed, printed and downloaded in an unaltered form (altered including being stretc",ICIMOD,2010-07-31T00:00:00,1843,REDD; Village Development Committee; Administrative Boundary; Nepal; Boundaries,84.527156,27.64993,84.726505,27.79811,true,https://rds.icimod.org/Home/DataDetail?metadataId=8019,Spatial extent overlaps Nepal; Explicitly mentions Nepal; Recent temporal coverage (≥2020)
698,67,medium,17456,0d78e38a-4d19-442a-9e99-036451bd5cd3,"Hydrological Data of HYCOS Precipitation Station at Sirajganj and Tangail, Bangladesh.",real-time weather / forecast,weather_climate; hazard,,,2011-10-28t07:00:00.000z,2013-12-31t06:00:00.000z,As needed,,ICIMOD,2014-10-30,1745,HYCOS; Flood; Water Level; Rainfall; Hydrological Station; Precipitation; Bangladesh; Sirajganj; Tangail; Climatology; meteorology; atmosphere,89.80333,24.39283,89.803333333333,24.39283,false,https://rds.icimod.org/Home/DataDetail?metadataId=17456,Spatial extent overlaps HKH region
699,67,medium,23292,e5ccb065-d209-4984-8306-840e8ba81026,"Lease hold forest boundary of Kayerkhola watershed, Chitwan District, Nepal",flood / water context,hydrology,Grid,5000,2013-12-31t18:15:00.000z,2014-12-30t18:15:00.000z,As needed,"Creative Commons Attribution 4.0 International (CC BY 4.0) | The SERVIR Project, NASA, USAID and ICIMOD make no express ","ICIMOD, SERVIR Himalaya",2015-09-22,2994,Lease Hold; REDD+; Forest; Boundaries; servircat; icimod-servir; geo-biodiversity; Nepal; Chitwan; Boundaries,84.5565,27.6702,84.6939,27.7756,true,https://rds.icimod.org/Home/DataDetail?metadataId=23292,Spatial extent overlaps Nepal; Explicitly mentions Nepal; Open license (CC BY)
700,67,medium,23289,b0df8300-7b65-4844-8959-62c8b9ae3309,"Basal Area data of 2012 for Kayerkhola watershed, Chitwan District, Nepal",flood / water context,hydrology,Grid,5000,2013-12-31t18:15:00.000z,2014-12-30t18:15:00.000z,As needed,"Creative Commons Attribution 4.0 International (CC BY 4.0) | The SERVIR Project, NASA, USAID and ICIMOD make no express ","ICIMOD, SERVIR Himalaya",2015-09-22,6256,Basal Area(BA); REDD+; Forest; servircat; icimod-servir; geo-biodiversity; Nepal; Chitwan; Geoscientific information,84.5565,27.6702,84.6939,27.7756,true,https://rds.icimod.org/Home/DataDetail?metadataId=23289,Spatial extent overlaps Nepal; Explicitly mentions Nepal; Open license (CC BY)
701,67,medium,8020,d0998f8f-f19d-401d-9822-4b69c9187ec9,"Ward Boundary of Kayar Khola Watershed, Chitwan Nepal",flood / water context,hydrology,Vector,25000,2026-05-08t18:14:59.000z,2026-05-08t18:14:59.000z,As needed,"The content of this website can be accessed, printed and downloaded in an unaltered form (altered including being stretc",ICIMOD,2010-07-31T00:00:00,2184,REDD; Administrative Boundary; Kayar Khola Watershed; Chitwan; Nepal; Boundaries,84.527156,27.64993,84.726505,27.79811,true,https://rds.icimod.org/Home/DataDetail?metadataId=8020,Spatial extent overlaps Nepal; Explicitly mentions Nepal; Recent temporal coverage (≥2020)
702,66,medium,9138,26479764-16d4-43c2-8dcd-0717c3b8a463,"Meteorological Stations of Central Karakoram National Park(CKNP), Pakistan.",real-time weather / forecast,weather_climate; route_context,Vector,20000 m,2026-05-08t18:14:59.000z,2026-05-08t18:14:59.000z,Not planned,"The content of this website can be accessed, printed and downloaded in an unaltered form (altered including being stretc",ICIMOD,2012-10-30,1579,Meteorological Station; Climate; Central Karakoram National Park (CKNP); Pakistan; Climatology; meteorology; atmosphere,74.30275,35.142097,76.48418000000001,36.35553,false,https://rds.icimod.org/Home/DataDetail?metadataId=9138,Spatial extent overlaps HKH region; Recent temporal coverage (≥2020)
703,66,medium,17207,85538e3a-8d83-430e-b4b2-2fe6f23422e7,District level legume crop production in Nepal,none,,,,2026-05-08t18:14:59.000z,2026-05-08t18:14:59.000z,Annually,Creative Commons Attribution 4.0 International (CC BY 4.0),Ministry of Agricultural Development,2014-10-29,2119,Legume; Lentil; Agriculture Atlas; geo-agriculture; Chickpea; Pigeon Pea; Black Gram; Horse Gram; Soybean; Others; Production; Area; Yield; SERVIR Himalaya; servircat; icimod-servir; Agriculture; Nepal; Farming,80.0522,26.36836,88.19456,30.42472,true,https://rds.icimod.org/Home/DataDetail?metadataId=17207,Spatial extent overlaps Nepal; Explicitly mentions Nepal; Recent temporal coverage (≥2020); Open license (CC BY)
704,66,medium,17202,5cbb9fa9-1736-4322-a382-7094b45f1a3d,District level cash crop production in Nepal,none,,,,2026-05-08t18:14:59.000z,2026-05-08t18:14:59.000z,Annually,Creative Commons Attribution 4.0 International (CC BY 4.0),Ministry of Agricultural Development,2014-10-27,2615,Cash Crop; Oil seed; Agriculture Atlas; geo-agriculture; Potato; Sugar Cane; Production; Area; Yield; SERVIR Himalaya; servircat; icimod-servir; Agriculture; Nepal; Farming,80.0522,26.36836,88.19456,30.42472,true,https://rds.icimod.org/Home/DataDetail?metadataId=17202,Spatial extent overlaps Nepal; Explicitly mentions Nepal; Recent temporal coverage (≥2020); Open license (CC BY)
705,66,medium,31155,2e6d6dbe-95db-40c8-bd35-2b695d4862ce,Major Rivers of Kailash Sacred Landscape,flood / water context,hydrology,,m,2026-05-08t18:14:59.000z,2026-05-08t18:14:59.000z,As needed,Creative Commons Attribution 4.0 International (CC BY 4.0),ICIMOD,2016-11-29,1757,Rivers; Indus; Karnali; Seti; Humla-Karnali; Mahakali; India; Nepal; China; Kailash Sacred Landscape; Geoscientific information,80.243247,29.323416,82.033531,31.096954,true,https://rds.icimod.org/Home/DataDetail?metadataId=31155,Spatial extent overlaps Nepal; Explicitly mentions Nepal; Recent temporal coverage (≥2020); Open license (CC BY)
706,66,medium,17461,8f9af277-28cf-4e44-88d6-3cfd8436280e,District level livestock wool production in Nepal,none,,,,2026-05-08t18:14:59.000z,2026-05-08t18:14:59.000z,Annually,Creative Commons Attribution 4.0 International (CC BY 4.0),Ministry of Agricultural Development,2014-10-30,1700,Livestock Wool; Sheep No.; Agriculture Atlas; geo-agriculture; Wool Production; Production; Number; SERVIR Himalaya; servircat; icimod-servir; Agriculture; Nepal; Farming,80.0522,26.36836,88.19456,30.42472,true,https://rds.icimod.org/Home/DataDetail?metadataId=17461,Spatial extent overlaps Nepal; Explicitly mentions Nepal; Recent temporal coverage (≥2020); Open license (CC BY)
707,66,medium,17451,766c7bfd-e07f-40b5-9534-9e5e65209011,District level citrus fruit production in Nepal,none,,,,2026-05-08t18:14:59.000z,2026-05-08t18:14:59.000z,Annually,Creative Commons Attribution 4.0 International (CC BY 4.0),Ministry of Agricultural Development,2014-10-29,2698,Citrus Fruit; Orange; Agriculture Atlas; geo-agriculture; Sweet Orange; Lime; Lemon; Production; Area; SERVIR Himalaya; servircat; icimod-servir; Agriculture; Nepal; Farming,80.0522,26.36836,88.19456,30.42472,true,https://rds.icimod.org/Home/DataDetail?metadataId=17451,Spatial extent overlaps Nepal; Explicitly mentions Nepal; Recent temporal coverage (≥2020); Open license (CC BY)
708,66,medium,17460,6b71ba2b-ec81-4706-82e6-27c4db14faa3,District level livestock egg production in Nepal,none,,,,2026-05-08t18:14:59.000z,2026-05-08t18:14:59.000z,Annually,Creative Commons Attribution 4.0 International (CC BY 4.0),Ministry of Agricultural Development,2014-10-30,1426,Livestock Egg; Laying Hen No.; Agriculture Atlas; geo-agriculture; Laying Duck No.; Hen Egg No.; Duck Egg No.; Total Egg No.; SERVIR Himalaya; servircat; icimod-servir; Agriculture; Nepal; Farming,80.0522,26.36836,88.19456,30.42472,true,https://rds.icimod.org/Home/DataDetail?metadataId=17460,Spatial extent overlaps Nepal; Explicitly mentions Nepal; Recent temporal coverage (≥2020); Open license (CC BY)
709,66,medium,31037,62607264-d7fd-451f-b7d8-5ecbda28a328,"Roads of Kailash Sacred Landscape, China",route / travel UX,route_context,,m,2026-05-08t18:14:59.000z,2026-05-08t18:14:59.000z,As needed,Creative Commons Attribution 4.0 International (CC BY 4.0),ICIMOD,2016-11-29,3840,Roads; India; Nepal; China; Kailash Sacred Landscape; Geoscientific information,79.895114,29.31191,82.488451,31.191003,true,https://rds.icimod.org/Home/DataDetail?metadataId=31037,Spatial extent overlaps Nepal; Explicitly mentions Nepal; Recent temporal coverage (≥2020); Open license (CC BY)
710,66,medium,17453,5b93cd16-3a22-4ef7-9d19-79551758dd15,District level temperate fruit production in Nepal,none,,,,2026-05-08t18:14:59.000z,2026-05-08t18:14:59.000z,Annually,Creative Commons Attribution 4.0 International (CC BY 4.0),Ministry of Agricultural Development,2014-10-29,2696,Temperate Fruit; Apple; Agriculture Atlas; geo-agriculture; Pear; Walnut; Peach; Plum; Persimmon; Pomegranate; Production; Area; Almond; SERVIR Himalaya; servircat; icimod-servir; Agriculture; Nepal; Farming,80.0522,26.36836,88.19456,30.42472,true,https://rds.icimod.org/Home/DataDetail?metadataId=17453,Spatial extent overlaps Nepal; Explicitly mentions Nepal; Recent temporal coverage (≥2020); Open license (CC BY)
711,66,medium,3520,095fd0c7-b226-4ce9-904e-18ac228e97b6,"Land use of Nepal, 1984",terrain / base map,terrain_landcover,Vector,50000,2026-05-08t18:14:59.000z,2026-05-08t18:14:59.000z,As needed,Creative Commons Attribution 4.0 International (CC BY 4.0),ICIMOD,2007-08-29,6677,Land use; Land cover; Land Resource Mapping Project; LRMP; Nepal; Environment,80.0522,26.36836,88.19456,30.42472,true,https://rds.icimod.org/Home/DataDetail?metadataId=3520,Spatial extent overlaps Nepal; Explicitly mentions Nepal; Recent temporal coverage (≥2020); Open license (CC BY)
712,66,medium,17200,cdc973fc-ef6e-4e24-b6d1-af7acfcf0212,District level cereal crop production in Nepal,none,,,,2026-05-08t18:14:59.000z,2026-05-08t18:14:59.000z,Annually,Creative Commons Attribution 4.0 International (CC BY 4.0),Ministry of Agricultural Development,2014-10-27,4292,Cereal; Agriculture Atlas; geo-agriculture; Paddy; Wheat; Maize; Millet; Barley; Buckwheat; Production; Area; Yield; SERVIR Himalaya; servircat; icimod-servir; Agriculture; Nepal; Farming,80.0522,26.36836,88.19456,30.42472,true,https://rds.icimod.org/Home/DataDetail?metadataId=17200,Spatial extent overlaps Nepal; Explicitly mentions Nepal; Recent temporal coverage (≥2020); Open license (CC BY)
713,66,medium,1973243,66d86fa5-9e3b-4176-8d87-24f5e785d8a7,Degraded Land in Nepal 2020,terrain / base map,terrain_landcover,Grid,30 m,,,As needed,Creative Commons Attribution 4.0 International (CC BY 4.0),ICIMOD,2025-09-25,18407,land degradation; degradation; Nepal; Geoscientific information,80.03,26.344,88.169,30.417,true,https://rds.icimod.org/Home/DataDetail?metadataId=1973243,Spatial extent overlaps Nepal; Explicitly mentions Nepal; Open license (CC BY); High portal popularity
714,65,medium,1972405,18fe6faf-38d7-4e71-b1d7-0537eea1a88b,Discharge: Langshisha glacier new station,real-time weather / forecast,weather_climate; cryosphere; hydrology,,,2017-04-28t18:15:00.000z,2019-05-04t18:15:00.000z,Not planned,Creative Commons Attribution 4.0 International (CC BY 4.0),Utrecht University/ICIMOD,2020-03-11,34725,discharge; hydrology; Langtang; Nepal; Climatology; meteorology; atmosphere,28.21341,85.67542,28.21341,85.67542,false,https://rds.icimod.org/Home/DataDetail?metadataId=1972405,Outside Nepal/HKH region; Explicitly mentions Nepal; Open license (CC BY); High portal popularity
715,65,medium,33624,e18a0b85-7d4b-42ca-9435-b4c364f5409c,"Flood data of Bangladesh on Aug 12, 2017",route hazard / safety,hazard; hydrology; route_context; remote_sensing,,30 m,2017-08-11t18:15:00.000z,2017-08-11t18:15:00.000z,As needed,Creative Commons Attribution 4.0 International (CC BY 4.0),ICIMOD,2017-08-12,1923,Flood2017; Sentinel-1; River; Water area; Bangladesh; Jamuna; Padma; Geoscientific information,88.6681,22.2305,91.906,26.9424,false,https://rds.icimod.org/Home/DataDetail?metadataId=33624,Spatial extent overlaps HKH region; Open license (CC BY)
716,65,medium,33625,c46c7cfe-d678-4ba2-b690-c55958a0f2ad,"Flood data of Bangladesh on July 29, 2017",route hazard / safety,hazard; hydrology; route_context; remote_sensing,,30 m,2017-07-28t18:15:00.000z,2017-07-28t18:15:00.000z,As needed,Creative Commons Attribution 4.0 International (CC BY 4.0),ICIMOD,2017-07-29,3258,Flood2017; Sentinel-1; River; Water area; Bangladesh; Jamuna; Padma; Geoscientific information,88.7907,22.2305,91.906,25.6727,false,https://rds.icimod.org/Home/DataDetail?metadataId=33625,Spatial extent overlaps HKH region; Open license (CC BY)
717,65,medium,9034,001d4d6e-dd67-47f4-aeba-4b9759a7fc36,"Glacier exposed rock Locations in Central Karakoram National Park (CKNP), Pakistan.",snowline / glacier context,cryosphere; route_context,Vector,20000,2026-05-08t18:14:59.000z,2026-05-08t18:14:59.000z,As needed,Creative Commons Attribution 4.0 International (CC BY 4.0),ICIMOD,2007-08-28T11:46:00,4150,Glacier Exposed Rock; Glacier; Cryosphere; Central Karakoram National Park; Pakistan; CKNP; Geoscientific information,74.381915,35.260958,76.714025,36.401338,false,https://rds.icimod.org/Home/DataDetail?metadataId=9034,Spatial extent overlaps HKH region; Recent temporal coverage (≥2020); Open license (CC BY)
718,65,medium,1972406,c53705cd-52c7-42d0-a97b-9b89a738abdb,Discharge: Lirung Glacier,real-time weather / forecast,weather_climate; cryosphere; hydrology,,,2012-08-15t18:15:00.000z,2016-09-27t18:15:00.000z,Not planned,Creative Commons Attribution 4.0 International (CC BY 4.0),ICIMOD,2020-03-11,34807,discharge; hydrology; Langtang; Nepal; Climatology; meteorology; atmosphere,28.21729,85.56169,28.21729,85.56169,false,https://rds.icimod.org/Home/DataDetail?metadataId=1972406,Outside Nepal/HKH region; Explicitly mentions Nepal; Open license (CC BY); High portal popularity
719,65,medium,1972404,0dbe91fe-a103-4e69-84ff-b045a7fb9384,Discharge: Langshisha glacier old station,real-time weather / forecast,weather_climate; cryosphere; hydrology,,,2013-10-14t18:15:00.000z,2016-07-06t18:15:00.000z,Not planned,Creative Commons Attribution 4.0 International (CC BY 4.0),Utrecht University/ICIMOD,2020-03-11,34658,discharge; hydrology; Langtang; Nepal; Climatology; meteorology; atmosphere,28.21073,85.67609,28.21073,85.67609,false,https://rds.icimod.org/Home/DataDetail?metadataId=1972404,Outside Nepal/HKH region; Explicitly mentions Nepal; Open license (CC BY); High portal popularity
720,65,medium,9033,1eb5980e-a252-4e16-9f31-c4ae892a2331,"Glaciers of Central Karakoram National Park (CKNP), Pakistan.",snowline / glacier context,cryosphere; route_context,Vector,20000,2026-05-08t18:14:59.000z,2026-05-08t18:14:59.000z,As needed,Creative Commons Attribution 4.0 International (CC BY 4.0),ICIMOD,2007-08-28T11:39:00,3612,Cryosphere; Glacier; Central Karakoram National Park; Pakistan; CKNP,74.381915,35.260958,76.714025,36.401338,false,https://rds.icimod.org/Home/DataDetail?metadataId=9033,Spatial extent overlaps HKH region; Recent temporal coverage (≥2020); Open license (CC BY)
721,64,medium,8652,b5269987-5404-4a85-8084-a7d70edd69ca,Geographic names (Gazetteer) of Hindu Kush Himalayan (HKH) Region,none,,Vector,1000000,2026-05-08t18:14:59.000z,2026-05-08t18:14:59.000z,As needed,Creative Commons Attribution 4.0 International (CC BY 4.0),ICIMOD,2011-06-22T10:06:00,1474,Major Cities; Gazetteer; Populated place; Urban; Hindu Kush Himalayan Region; HKH region; Location,60.853848,15.9578,105.044632,39.318611,true,https://rds.icimod.org/Home/DataDetail?metadataId=8652,Spatial extent overlaps Nepal; Recent temporal coverage (≥2020); Open license (CC BY)
722,64,medium,23209,d75daed2-5e99-4041-895a-6f2031494caf,Open space of Rapti Watershed,flood / water context,hydrology,Vector,m,2026-05-08t18:14:59.000z,2026-05-08t18:14:59.000z,As needed,"Creative Commons Attribution 4.0 International (CC BY 4.0) | Users are permitted to copy, use, adapt, and redistribute S","ICIMOD, SERVIR Himalaya",2015-09-22,6705,Open Space; servircat; icimod-servir; East Rapti; Nepal; Geoscientific information,84.231995,27.40217,85.122359,27.572083,true,https://rds.icimod.org/Home/DataDetail?metadataId=23209,Spatial extent overlaps Nepal; Explicitly mentions Nepal; Recent temporal coverage (≥2020); Open license (CC BY)
723,64,medium,23172,49539521-9087-43a3-81fa-09de1ac6d8d2,Above ground biomass (AGB) data in Nepal,none,,Grid,5000,2026-05-08t18:14:59.000z,2026-05-08t18:14:59.000z,As needed,"Creative Commons Attribution 4.0 International (CC BY 4.0) | Users are permitted to copy, use, adapt, and redistribute S","ICIMOD, SERVIR Himalaya",2015-09-22,47005,Above Ground Biomass(AGB); Forest; servircat; icimod-servir; geo-ecosystems; Nepal; Geoscientific information,79.8862,26.2307,88.3904,30.5175,true,https://rds.icimod.org/Home/DataDetail?metadataId=23172,Spatial extent overlaps Nepal; Explicitly mentions Nepal; Recent temporal coverage (≥2020); Open license (CC BY); High portal popularity
724,64,medium,15519,0a3e5a5b-f6f9-41b7-b4ae-78ded72f04b7,Seed Plants of Kangchenjunga Corridor,none,,"Text, table",,2026-05-08t18:14:59.000z,2026-05-08t18:14:59.000z,Unknown,Creative Commons Attribution 4.0 International (CC BY 4.0) | ICIMOD (2008) Kangchenjunga Landscape Biodiversity Database,ICIMOD,2012-03-01,1864,Corridor; Species; Plants; Seed Plants; Angiosperms; Gymnosperms; Biodiversity; Kangchenjunga; Khangchendzonga; Biosphere Reserve; Kangchenjunga Conservation Area; Kangchenjunga Landscape; Taplejung; Panchthar; Ilam; Eastern Nepal; India; HKH-BIF; Biota,87.856,27.093,88.183,27.44,true,https://rds.icimod.org/Home/DataDetail?metadataId=15519,Spatial extent overlaps Nepal; Explicitly mentions Nepal; Recent temporal coverage (≥2020); Open license (CC BY)
725,64,medium,3924,f89542ef-697c-4302-8789-0d6c27defb6d,Outline Boundary of Hindu Kush Himalayan (HKH) Region,none,,Vector,1000000,2026-05-08t18:14:59.000z,2026-05-08t18:14:59.000z,As needed,Creative Commons Attribution 4.0 International (CC BY 4.0),ICIMOD,2008-08-03T14:35:00,7616,Outline; Boundaries; Hindu Kush Himalayan Region; HKH; Boundaries,60.853848,15.9578,105.044632,39.318611,true,https://rds.icimod.org/Home/DataDetail?metadataId=3924,Spatial extent overlaps Nepal; Recent temporal coverage (≥2020); Open license (CC BY)
726,64,medium,1081,cf612d0d-2803-418a-b295-9916cce6c837,Airports of Hindu Kush Himalayan (HKH) Region,none,,Vector,1000000,2026-05-08t18:14:59.000z,2026-05-08t18:14:59.000z,As needed,Creative Commons Attribution 4.0 International (CC BY 4.0),ICIMOD,2007-09-25,1415,Airport; Transportation; Infrastructure; Hindu Kush Himalayan Region; HKH; Transportation,60.853848,15.9578,105.044632,39.318611,true,https://rds.icimod.org/Home/DataDetail?metadataId=1081,Spatial extent overlaps Nepal; Recent temporal coverage (≥2020); Open license (CC BY)
727,64,medium,3434,1390fb46-94f4-44a8-9489-b3860e4fc3ca,Major Cities of Hindu Kush Himalayan (HKH) Region,none,,Vector,1000000,2026-05-08t18:14:59.000z,2026-05-08t18:14:59.000z,As needed,Creative Commons Attribution 4.0 International (CC BY 4.0),ICIMOD,2007-09-25,1911,Cities; Urban; Built up; Hindu Kush Himalayan Region; HKH; Location,60.853848,15.9578,105.044632,39.318611,true,https://rds.icimod.org/Home/DataDetail?metadataId=3434,Spatial extent overlaps Nepal; Recent temporal coverage (≥2020); Open license (CC BY)
728,64,medium,3437,5870c956-1832-4d7c-9fe3-38e4d7fc97c1,Fault Lines of Hindu Kush Himalayan (HKH) Region,none,,Vector,1000000,2026-05-08t18:14:59.000z,2026-05-08t18:14:59.000z,As needed,Creative Commons Attribution 4.0 International (CC BY 4.0),ICIMOD,2007-09-25,3399,Fault; Geology; Hindu Kush Himalayan Region; HKH; Location,60.853848,15.9578,105.044632,39.318611,true,https://rds.icimod.org/Home/DataDetail?metadataId=3437,Spatial extent overlaps Nepal; Recent temporal coverage (≥2020); Open license (CC BY)
729,64,medium,3546,3aeee153-8ea0-483c-b78e-97ed96bccf3f,Division of Geological Time Scale of Hindu Kush Himalayan (HKH) Region,none,,Vector,1000000,2026-05-08t18:14:59.000z,2026-05-08t18:14:59.000z,As needed,Creative Commons Attribution 4.0 International (CC BY 4.0),ICIMOD,2007-09-25,2826,Geological; Geologic Age; HKH Region; Environment,60.853848,15.9578,105.044632,39.318611,true,https://rds.icimod.org/Home/DataDetail?metadataId=3546,Spatial extent overlaps Nepal; Recent temporal coverage (≥2020); Open license (CC BY)
730,64,medium,15520,163ba253-ee12-4bd3-810e-fb19a5702ffd,Seed Plants of Kangchendzonga Biosphere Reserve,none,,"Text, table",,2026-05-08t18:14:59.000z,2026-05-08t18:14:59.000z,Unknown,Creative Commons Attribution 4.0 International (CC BY 4.0) | ICIMOD (2008) Kangchenjunga Landscape Biodiversity Database,ICIMOD,2012-02-29,2118,Species; Plants; Seed Plants; Angiosperms; Gymnosperms; Biodiversity; Protected Area; Khangchendzonga Biosphere Reserve (KBR); Kangchenjunga Corridor; Kangchenjunga Conservation Area; Kangchenjunga Landscape; Taplejung; Panchthar; Ilam; Eastern Nepal; India; HKH-BIF; Biota,88.04100000000001,27.385,88.657,27.918,true,https://rds.icimod.org/Home/DataDetail?metadataId=15520,Spatial extent overlaps Nepal; Explicitly mentions Nepal; Recent temporal coverage (≥2020); Open license (CC BY)
731,64,medium,30938,51745b16-1bd1-4fd9-b9ac-d9e8060967cf,"Biophysical (Forest carbon) data of community forest in Kayar Khola for the year 2010, 2011, 2012 and 2013",flood / water context,hydrology,"Text, table",,2009-12-31t23:15:00.000z,2013-12-30t23:15:00.000z,As needed,Creative Commons Attribution 4.0 International (CC BY 4.0),"ICIMOD, ANSAB and FECOFUN",2013-12-31,4697,Carbon Stock; Dense and Sparse; Watershed; Sample plot; Community Forest; Chitwan; Kayar Khola; Nepal; Geoscientific information,84.55653,27.670243,84.69408,27.77566,true,https://rds.icimod.org/Home/DataDetail?metadataId=30938,Spatial extent overlaps Nepal; Explicitly mentions Nepal; Open license (CC BY)
732,64,medium,18,58c97332-2844-48f5-8580-e5063a49b6af,Ecological Regions of Hindu Kush Himalayan (HKH) Region,none,,Vector,1000000,2026-05-08t18:14:59.000z,2026-05-08t18:14:59.000z,As needed,Creative Commons Attribution 4.0 International (CC BY 4.0),ICIMOD,2007-09-28,2420,Ecological regions; Habitat; Biodiversity; Hindu Kush Himalayan Region; HKH; Biota,60.853848,15.9578,105.044632,39.318611,true,https://rds.icimod.org/Home/DataDetail?metadataId=18,Spatial extent overlaps Nepal; Recent temporal coverage (≥2020); Open license (CC BY)
733,64,medium,15521,aea535eb-11a8-4328-9021-c6fd901d049c,Seed Plants of Kangchenjunga Conservation Area,none,,"Text, table",,2026-05-08t18:14:59.000z,2026-05-08t18:14:59.000z,Unknown,Creative Commons Attribution 4.0 International (CC BY 4.0) | ICIMOD (2008) Kangchenjunga Landscape Biodiversity Database,ICIMOD,2012-02-29,1603,Species; Plants; Seed Plants; Angiosperms; Gymnosperms; Biodiversity; Protected Area; Kangchenjunga Conservation Area; Kangchenjunga Landscape; Taplejung; Panchthar; Ilam; Eastern Nepal; India; HKH-BIF; Biota,87.652,27.481,88.202,27.951,true,https://rds.icimod.org/Home/DataDetail?metadataId=15521,Spatial extent overlaps Nepal; Explicitly mentions Nepal; Recent temporal coverage (≥2020); Open license (CC BY)
734,64,medium,8654,c84cdcbf-e112-4ff5-ac32-399172c0d183,Utility Infrastructures of Hindu Kush Himalayan (HKH) Region,none,,Vector,,2026-05-08t18:14:59.000z,2026-05-08t18:14:59.000z,As needed,Creative Commons Attribution 4.0 International (CC BY 4.0),ICIMOD,2011-06-22T10:36:00,1525,Utility; Infrastructure; Power Line; Underground Pipeline; Hindu Kush Himalayan Region; HKH Region; Utilities communication,63.203787,16.656377,103.584401,38.280084,true,https://rds.icimod.org/Home/DataDetail?metadataId=8654,Spatial extent overlaps Nepal; Recent temporal coverage (≥2020); Open license (CC BY)
735,64,medium,8045,a33d6936-dc32-4ea3-91c0-e653820f4979,"Watershed Boundary of Ludhi Khola Watershed, Gorkha, Nepal",flood / water context,hydrology,Vector,25000,2026-05-08t18:14:59.000z,2026-05-08t18:14:59.000z,As needed,Creative Commons Attribution 4.0 International (CC BY 4.0),ICIMOD,2010-07-18T11:00:00,1781,REDD; Watershed; Ludhi Khola Watershed; Gorkha; Nepal; Boundaries,84.554311,27.920334,84.679236,27.994388,true,https://rds.icimod.org/Home/DataDetail?metadataId=8045,Spatial extent overlaps Nepal; Explicitly mentions Nepal; Recent temporal coverage (≥2020); Open license (CC BY)
736,64,medium,9867,329dc167-197b-46ef-96d4-11bddc091c83,Mountain Peaks of Koshi Basin,flood / water context,hydrology,Vector,100000,2026-05-08t18:14:59.000z,2026-05-08t18:14:59.000z,As needed,"The content of this website can be accessed, printed and downloaded in an unaltered form (altered including being stretc",ICIMOD,2013-06-13T14:54:00,4152,Mountain Peaks; Basin; Koshi; Nepal; China; India; Location,85.0238,25.3334,88.9502,29.1382,true,https://rds.icimod.org/Home/DataDetail?metadataId=9867,Spatial extent overlaps Nepal; Explicitly mentions Nepal; Recent temporal coverage (≥2020); Open license (CC BY)
737,64,medium,313,a995e4ff-7938-4ecc-a2a0-de0d1e9510a4,Soils of Hindu Kush Himalayan (HKH) Region,none,,Vector,2000000,2026-05-08t18:14:59.000z,2026-05-08t18:14:59.000z,As needed,Creative Commons Attribution 4.0 International (CC BY 4.0),ICIMOD,2007-09-21,2254,Soil; Geology; Hindu Kush Himalayan Region; HKH; Environment,60.853848,15.9578,105.044632,39.318611,true,https://rds.icimod.org/Home/DataDetail?metadataId=313,Spatial extent overlaps Nepal; Recent temporal coverage (≥2020); Open license (CC BY)
738,64,medium,15517,008791b3-d4e5-475d-9852-d10302f67fdc,Seed Plants of Barsey Rhododendron Sanctuary,none,,"Text, table",,2026-05-08t18:14:59.000z,2026-05-08t18:14:59.000z,Unknown,Creative Commons Attribution 4.0 International (CC BY 4.0) | ICIMOD (2008) Kangchenjunga Landscape Biodiversity Database,ICIMOD,2012-02-29,1913,Species; Plants; Seed Plants; Angiosperms; Gymnosperms; Biodiversity; Protected areas; Barsey Rhododendron Sanctuary; Kangchenjunga Corridor; Khangchendzonga Biosphere Reserve; Kangchenjunga Conservation Area; Kangchenjunga Landscape; Taplejung; Panchthar; Ilam; Eastern Nepal; India; HKH-BIF; Biota,88.011,27.152,88.239,27.271000000000004,true,https://rds.icimod.org/Home/DataDetail?metadataId=15517,Spatial extent overlaps Nepal; Explicitly mentions Nepal; Recent temporal coverage (≥2020); Open license (CC BY)
739,64,medium,2722,8a01fb45-944b-4894-8ba1-fe5c25fa5577,Geologic Province of Hindu Kush Himalayan (HKH) Region,none,,Vector,1000000,2026-05-08t18:14:59.000z,2026-05-08t18:14:59.000z,As needed,Creative Commons Attribution 4.0 International (CC BY 4.0),ICIMOD,2007-09-25,2257,Geology; Hindu Kush Himalayan Region; HKH Region; Environment,60.853848,15.9578,105.044632,39.318611,true,https://rds.icimod.org/Home/DataDetail?metadataId=2722,Spatial extent overlaps Nepal; Recent temporal coverage (≥2020); Open license (CC BY)
740,63,medium,8767,4a0a6833-0101-4f43-bf80-cc23d55141fd,Daily Mean Sunshine Duration January 2001 Nepal,real-time weather / forecast,weather_climate,Vector,200000,2026-05-08t18:14:59.000z,2026-05-08t18:14:59.000z,As needed,"The content of this website can be accessed, printed and downloaded in an unaltered form (altered including being stretc",ICIMOD,2011-08-30T13:53:00,1849,Sunshine; January; Daily mean sunshine; Nepal; Climatology; meteorology; atmosphere,80.0522,26.36836,88.19456,30.42472,true,https://rds.icimod.org/Home/DataDetail?metadataId=8767,Spatial extent overlaps Nepal; Explicitly mentions Nepal; Recent temporal coverage (≥2020)
741,63,medium,8768,af1edb61-58e0-44d5-b223-8774b91d64d2,Daily Mean Sunshine Duration February 2001 Nepal,real-time weather / forecast,weather_climate,Vector,200000,2026-05-08t18:14:59.000z,2026-05-08t18:14:59.000z,As needed,"The content of this website can be accessed, printed and downloaded in an unaltered form (altered including being stretc",ICIMOD,2011-08-30T14:01:00,1675,Sunshine; February; Daily mean sunshine; Nepal; Climatology; meteorology; atmosphere,80.0522,26.36836,88.19456,30.42472,true,https://rds.icimod.org/Home/DataDetail?metadataId=8768,Spatial extent overlaps Nepal; Explicitly mentions Nepal; Recent temporal coverage (≥2020)
742,63,medium,8772,18a305d2-12c2-44f4-a4b6-2c93570dab5f,Daily Mean Sunshine Duration June 2001 Nepal,real-time weather / forecast,weather_climate,Vector,200000,2026-05-08t18:14:59.000z,2026-05-08t18:14:59.000z,As needed,"The content of this website can be accessed, printed and downloaded in an unaltered form (altered including being stretc",ICIMOD,2011-08-30T14:22:00,1397,Sunshine; June; Daily mean sunshine; Nepal; Climatology; meteorology; atmosphere,80.0522,26.36836,88.19456,30.42472,true,https://rds.icimod.org/Home/DataDetail?metadataId=8772,Spatial extent overlaps Nepal; Explicitly mentions Nepal; Recent temporal coverage (≥2020)
743,63,medium,8774,5a589083-d9a0-498e-b88a-439cd00aaadf,Daily Mean Sunshine Duration August 2001 Nepal,real-time weather / forecast,weather_climate,Vector,200000,2026-05-08t18:14:59.000z,2026-05-08t18:14:59.000z,As needed,"The content of this website can be accessed, printed and downloaded in an unaltered form (altered including being stretc",ICIMOD,2011-08-30T14:33:00,1987,Sunshine; August; Daily mean sunshine; Nepal; Climatology; meteorology; atmosphere,80.0522,26.36836,88.19456,30.42472,true,https://rds.icimod.org/Home/DataDetail?metadataId=8774,Spatial extent overlaps Nepal; Explicitly mentions Nepal; Recent temporal coverage (≥2020)
744,63,medium,1848,b348a54b-19ee-4552-b17c-0e2c3b31432e,Monthly Mean Precipitation of May of Afghanistan,real-time weather / forecast,weather_climate,Grid,1000000,2026-05-08t18:14:59.000z,2026-05-08t18:14:59.000z,As needed,"The content of this website can be accessed, printed and downloaded in an unaltered form (altered including being stretc",ICIMOD,2008-05-21T16:22:00,1421,Monthly Mean Precipitation; Weather; Afghanistan; Climatology; meteorology; atmosphere,60.5042,29.4061,74.9157,38.472,false,https://rds.icimod.org/Home/DataDetail?metadataId=1848,Spatial extent overlaps HKH region; Recent temporal coverage (≥2020)
745,63,medium,2853,8aba9d63-7a44-4ab2-9871-241794308cce,Monthly Mean Precipitation of January of Afghanistan,real-time weather / forecast,weather_climate,Grid,1000000,2026-05-08t18:14:59.000z,2026-05-08t18:14:59.000z,As needed,"The content of this website can be accessed, printed and downloaded in an unaltered form (altered including being stretc",ICIMOD,2008-05-20T18:12:00,1265,Monthly Mean Precipitation; Weather; Afghanistan; Climatology; meteorology; atmosphere,60.5042,29.4061,74.9157,38.472,false,https://rds.icimod.org/Home/DataDetail?metadataId=2853,Spatial extent overlaps HKH region; Recent temporal coverage (≥2020)
746,63,medium,27264,d88a0aae-84ae-43e7-b4ff-5ff3b065ead8,"Lirung UAV-derived elevation model, October 2013",snowline / glacier context,cryosphere; terrain_landcover,,1 m,2013-10-21t18:15:00.000z,2013-10-21t18:15:00.000z,Unknown,Creative Commons Attribution 4.0 International (CC BY 4.0),Utrecht University,2016-06-02,14375,Debris cover; Unmanned Aerial Vehicle; UAV; Glacier; Lirung; Environment,85.562,28.232,85.562,28.232,true,https://rds.icimod.org/Home/DataDetail?metadataId=27264,Spatial extent overlaps Nepal; Open license (CC BY); High portal popularity
747,63,medium,9355,cb2d7444-f925-497e-a47e-41df2366960a,Clean-ice and Debris covered Glaciers of Bhutan 1980,snowline / glacier context,cryosphere; remote_sensing,Vector,30 m,1986-11-10t08:47:00.000z,2011-12-31t08:48:00.000z,As needed,Creative Commons Attribution 4.0 International (CC BY 4.0) | Free to use with copyright to ICIMOD. Citation: Bajracharya,ICIMOD,2014-02-04,15052,Glacier; Clean-ice; Debris-covered; Bhutan; Geoscientific information,91.61100000000002,28.244,89.166,27.528000000000002,false,https://rds.icimod.org/Home/DataDetail?metadataId=9355,Spatial extent overlaps HKH region; Long temporal baseline (≥10 years); Open license (CC BY); High portal popularity
748,63,medium,8773,8b8a385b-32af-48e6-bfce-c6a3d040c376,Daily Mean Sunshine Duration July 2001 Nepal,real-time weather / forecast,weather_climate,Vector,200000,2026-05-08t18:14:59.000z,2026-05-08t18:14:59.000z,As needed,"The content of this website can be accessed, printed and downloaded in an unaltered form (altered including being stretc",ICIMOD,2011-08-30T14:25:00,2069,Sunshine; July; Daily mean sunshine; Nepal; Climatology; meteorology; atmosphere,80.0522,26.36836,88.19456,30.42472,true,https://rds.icimod.org/Home/DataDetail?metadataId=8773,Spatial extent overlaps Nepal; Explicitly mentions Nepal; Recent temporal coverage (≥2020)
749,63,medium,34489,da4e31cd-dbd9-4cc2-bd98-150c14f01436,ALOS DEM of Punatsangchu valley in Bhutan,terrain / base map,terrain_landcover,,5 m,2026-05-08t18:14:59.000z,2026-05-08t18:14:59.000z,Not planned,"The SERVIR Project, NASA, USAID and ICIMOD make no express or implied warranty of this data as to the merchantability or",ICIMOD,2017-11-29,13441,DEM; ALOS; Digital Elevation Model; Discharge; Bhutan; Punatsangchu; Geoscientific information,89.395,26.685,90.296,28.187,false,https://rds.icimod.org/Home/DataDetail?metadataId=34489,Spatial extent overlaps HKH region; Recent temporal coverage (≥2020); High portal popularity
750,63,medium,34490,9310eb0b-96b4-4097-b564-ff1bd14f341f,ALOS DEM of part of Samdrupjongkhar district in Bhutan,terrain / base map,terrain_landcover,,5 m,2026-05-08t18:14:59.000z,2026-05-08t18:14:59.000z,Not planned,"The SERVIR Project, NASA, USAID and ICIMOD make no express or implied warranty of this data as to the merchantability or",ICIMOD,2017-11-29,16070,DEM; ALOS; Discharge; Digital Elevation Model; Bhutan; Samdrupjongkhar; Geoscientific information,91.408,26.782,91.555,26.906,false,https://rds.icimod.org/Home/DataDetail?metadataId=34490,Spatial extent overlaps HKH region; Recent temporal coverage (≥2020); High portal popularity
751,63,medium,1668,e471249b-19fb-428e-a6d6-44439d84dfbf,Monthly Mean Precipitation of March of Afghanistan,real-time weather / forecast,weather_climate,Grid,1000000,2026-05-08t18:14:59.000z,2026-05-08t18:14:59.000z,As needed,"The content of this website can be accessed, printed and downloaded in an unaltered form (altered including being stretc",ICIMOD,2008-05-21T13:44:00,1225,Monthly Mean Precipitation; Weather; Afghanistan; Climatology; meteorology; atmosphere,60.5042,29.4061,74.9157,38.472,false,https://rds.icimod.org/Home/DataDetail?metadataId=1668,Spatial extent overlaps HKH region; Recent temporal coverage (≥2020)
752,63,medium,2447,d82ea494-1a35-408f-a1a6-7c4fc35683cc,VDC Centroid Locations of Nepal,route / travel UX,route_context,Vector,25000,2026-05-08t18:14:59.000z,2026-05-08t18:14:59.000z,As needed,"The content of this website can be accessed, printed and downloaded in an unaltered form (altered including being stretc",ICIMOD,2008-07-13T07:59:00,2623,VDC; Settlements; Populated place; Nepal; Location,80.0522,26.3684,88.1946,30.4247,true,https://rds.icimod.org/Home/DataDetail?metadataId=2447,Spatial extent overlaps Nepal; Explicitly mentions Nepal; Recent temporal coverage (≥2020)
753,63,medium,8770,709f4305-dc9f-4218-8ef8-c0fbcdd50192,Daily Mean Sunshine Duration April 2001 Nepal,real-time weather / forecast,weather_climate,Vector,200000,2026-05-08t18:14:59.000z,2026-05-08t18:14:59.000z,As needed,"The content of this website can be accessed, printed and downloaded in an unaltered form (altered including being stretc",ICIMOD,2011-08-30T14:13:00,1765,Sunshine; April; Daily mean sunshine; Nepal; Climatology; meteorology; atmosphere,80.0522,26.36836,88.19456,30.42472,true,https://rds.icimod.org/Home/DataDetail?metadataId=8770,Spatial extent overlaps Nepal; Explicitly mentions Nepal; Recent temporal coverage (≥2020)
754,63,medium,68,93ff8496-e9e8-4342-91af-bb27e00c2bce,"Contour, Western Nepal",terrain / base map,terrain_landcover,Vector,63360,2026-05-08t18:14:59.000z,2026-05-08t18:14:59.000z,As needed,"The content of this website can be accessed, printed and downloaded in an unaltered form (altered including being stretc",ICIMOD,2007-10-19,1674,Contour; Western Nepal; Elevation,80.0522,26.36836,88.19456,30.42472,true,https://rds.icimod.org/Home/DataDetail?metadataId=68,Spatial extent overlaps Nepal; Explicitly mentions Nepal; Recent temporal coverage (≥2020)
755,63,medium,8776,65e0aa57-d18b-4f14-8e93-f204bab3696d,Daily Mean Sunshine Duration October 2001 Nepal,real-time weather / forecast,weather_climate,Vector,200000,2026-05-08t18:14:59.000z,2026-05-08t18:14:59.000z,As needed,"The content of this website can be accessed, printed and downloaded in an unaltered form (altered including being stretc",ICIMOD,2011-08-30T14:42:00,2229,Sunshine; October; Daily mean sunshine; Nepal; Climatology; meteorology; atmosphere,80.0522,26.36836,88.19456,30.42472,true,https://rds.icimod.org/Home/DataDetail?metadataId=8776,Spatial extent overlaps Nepal; Explicitly mentions Nepal; Recent temporal coverage (≥2020)
756,63,medium,8777,cdb2f0a9-5e11-47fe-9099-f530e576ac0d,Daily Mean Sunshine Duration November 2001 Nepal,real-time weather / forecast,weather_climate,Vector,200000,2026-05-08t18:14:59.000z,2026-05-08t18:14:59.000z,As needed,"The content of this website can be accessed, printed and downloaded in an unaltered form (altered including being stretc",ICIMOD,2011-08-30T14:47:00,1585,Sunshine; November; Daily mean sunshine; Nepal; Climatology; meteorology; atmosphere,80.0522,26.36836,88.19456,30.42472,true,https://rds.icimod.org/Home/DataDetail?metadataId=8777,Spatial extent overlaps Nepal; Explicitly mentions Nepal; Recent temporal coverage (≥2020)
757,63,medium,2583,757d103d-f182-4d68-bd3b-6b73ee2e94b5,Monthly Mean Precipitation of June of Afghanistan,real-time weather / forecast,weather_climate,Grid,1000000,2026-05-08t18:14:59.000z,2026-05-08t18:14:59.000z,As needed,"The content of this website can be accessed, printed and downloaded in an unaltered form (altered including being stretc",ICIMOD,2008-05-20T18:09:00,1295,Monthly Mean Precipitation; Weather; Afghanistan; Climatology; meteorology; atmosphere,60.5042,29.4061,74.9157,38.472,false,https://rds.icimod.org/Home/DataDetail?metadataId=2583,Spatial extent overlaps HKH region; Recent temporal coverage (≥2020)
758,63,medium,178,930348a4-ca9a-41de-9fbc-b25e6a13f878,"Contour, Central Nepal",terrain / base map,terrain_landcover,Vector,63360,2026-05-08t18:14:59.000z,2026-05-08t18:14:59.000z,As needed,"The content of this website can be accessed, printed and downloaded in an unaltered form (altered including being stretc",ICIMOD,2007-10-19,1906,Contour; Central Nepal; Elevation,80.0522,26.36836,88.19456,30.42472,true,https://rds.icimod.org/Home/DataDetail?metadataId=178,Spatial extent overlaps Nepal; Explicitly mentions Nepal; Recent temporal coverage (≥2020)
759,63,medium,2830,0fe7b449-b554-427e-b9f5-5e7a0549d6b3,Monthly Mean Precipitation of August of Afghanistan,real-time weather / forecast,weather_climate,Grid,1000000,2026-05-08t18:14:59.000z,2026-05-08t18:14:59.000z,As needed,"The content of this website can be accessed, printed and downloaded in an unaltered form (altered including being stretc",ICIMOD,2008-05-21T14:50:00,1304,Monthly Mean Precipitation; Weather; Afghanistan; Climatology; meteorology; atmosphere,60.5042,29.4061,74.9157,38.472,false,https://rds.icimod.org/Home/DataDetail?metadataId=2830,Spatial extent overlaps HKH region; Recent temporal coverage (≥2020)
760,63,medium,2852,04b2ad93-79da-44ac-b326-71f961ad49a2,Annual Mean Precipitation of Afghanistan,real-time weather / forecast,weather_climate,Grid,1000000,2026-05-08t18:14:59.000z,2026-05-08t18:14:59.000z,As needed,"The content of this website can be accessed, printed and downloaded in an unaltered form (altered including being stretc",ICIMOD,2008-05-20T17:47:00,1912,Annual Mean Precipitation; Weather; Afghanistan; Climatology; meteorology; atmosphere,60.5042,29.4061,74.9157,38.472,false,https://rds.icimod.org/Home/DataDetail?metadataId=2852,Spatial extent overlaps HKH region; Recent temporal coverage (≥2020)
761,63,medium,2920,b4fd7b10-1610-40b9-99c2-f939d6e1f3dc,Monthly Mean Precipitation of September of Afghanistan,real-time weather / forecast,weather_climate,Grid,1000000,2026-05-08t18:14:59.000z,2026-05-08t18:14:59.000z,As needed,"The content of this website can be accessed, printed and downloaded in an unaltered form (altered including being stretc",ICIMOD,2008-05-20T18:05:00,1552,Monthly Mean Precipitation; Weather; Afghanistan; Climatology; meteorology; atmosphere,60.5042,29.4061,74.9157,38.472,false,https://rds.icimod.org/Home/DataDetail?metadataId=2920,Spatial extent overlaps HKH region; Recent temporal coverage (≥2020)
762,63,medium,8775,6d8b8dc3-9504-419a-b76a-6e65a3fb63f8,Daily Mean Sunshine Duration September 2001 Nepal,real-time weather / forecast,weather_climate,Vector,200000,2026-05-08t18:14:59.000z,2026-05-08t18:14:59.000z,As needed,"The content of this website can be accessed, printed and downloaded in an unaltered form (altered including being stretc",ICIMOD,2011-08-30T14:36:00,1828,Sunshine; September; Daily mean sunshine; Nepal; Climatology; meteorology; atmosphere,80.0522,26.36836,88.19456,30.42472,true,https://rds.icimod.org/Home/DataDetail?metadataId=8775,Spatial extent overlaps Nepal; Explicitly mentions Nepal; Recent temporal coverage (≥2020)
763,63,medium,2133,900a7408-e6d0-4a15-83d8-607e24f3443c,Monthly Mean Precipitation of November of Afghanistan,real-time weather / forecast,weather_climate,Grid,1000000,2026-05-08t18:14:59.000z,2026-05-08t18:14:59.000z,As needed,"The content of this website can be accessed, printed and downloaded in an unaltered form (altered including being stretc",ICIMOD,2008-05-21T16:16:00,1724,Monthly Mean Precipitation; Weather; Afghanistan; Climatology; meteorology; atmosphere,60.5042,29.4061,74.9157,38.472,false,https://rds.icimod.org/Home/DataDetail?metadataId=2133,Spatial extent overlaps HKH region; Recent temporal coverage (≥2020)
764,63,medium,3070,2bfa4261-f4fc-4061-96e1-d7b9f6a4a702,Monthly Mean Precipitation of July of Afghanistan,real-time weather / forecast,weather_climate,Grid,1000000,2026-05-08t18:14:59.000z,2026-05-08t18:14:59.000z,As needed,"The content of this website can be accessed, printed and downloaded in an unaltered form (altered including being stretc",ICIMOD,2008-05-21T16:25:00,1598,Monthly Mean Precipitation; Weather; Afghanistan; Climatology; meteorology; atmosphere,60.5042,29.4061,74.9157,38.472,false,https://rds.icimod.org/Home/DataDetail?metadataId=3070,Spatial extent overlaps HKH region; Recent temporal coverage (≥2020)
765,63,medium,1117,e3e15267-3c4c-480d-9582-1125104dbb2a,Monthly Mean Precipitation of December of Afghanistan,real-time weather / forecast,weather_climate,Grid,100000,2026-05-08t18:14:59.000z,2026-05-08t18:14:59.000z,As needed,"The content of this website can be accessed, printed and downloaded in an unaltered form (altered including being stretc",ICIMOD,2009-12-26T16:14:00,1446,Monthly Mean Precipitation; Weather; Afghanistan; Climatology; meteorology; atmosphere,60.5042,29.4061,74.9157,38.472,false,https://rds.icimod.org/Home/DataDetail?metadataId=1117,Spatial extent overlaps HKH region; Recent temporal coverage (≥2020)
766,63,medium,451,bf955b5d-dbcf-4985-92e0-a9817e413747,Monthly Mean Precipitation of October of Afghanistan,real-time weather / forecast,weather_climate,Grid,1000000,2026-05-08t18:14:59.000z,2026-05-08t18:14:59.000z,As needed,"The content of this website can be accessed, printed and downloaded in an unaltered form (altered including being stretc",ICIMOD,2008-05-21T14:45:00,1570,Monthly Mean Precipitation; Weather; Afghanistan; Climatology; meteorology; atmosphere,60.5042,29.4061,74.9157,38.472,false,https://rds.icimod.org/Home/DataDetail?metadataId=451,Spatial extent overlaps HKH region; Recent temporal coverage (≥2020)
767,63,medium,8771,5dc41a65-cf46-4b61-b283-eb8862e1717b,Daily Mean Sunshine Duration May 2001 Nepal,real-time weather / forecast,weather_climate,Vector,200000,2026-05-08t18:14:59.000z,2026-05-08t18:14:59.000z,As needed,"The content of this website can be accessed, printed and downloaded in an unaltered form (altered including being stretc",ICIMOD,2011-08-30T14:18:00,1689,Sunshine; May; Daily mean sunshine; Nepal; Climatology; meteorology; atmosphere,80.0522,26.36836,88.19456,30.42472,true,https://rds.icimod.org/Home/DataDetail?metadataId=8771,Spatial extent overlaps Nepal; Explicitly mentions Nepal; Recent temporal coverage (≥2020)
768,63,medium,8769,813d6105-72c0-4e65-bde0-73f715d4507f,Daily Mean Sunshine Duration March 2001 Nepal,real-time weather / forecast,weather_climate,Vector,200000,2026-05-08t18:14:59.000z,2026-05-08t18:14:59.000z,As needed,"The content of this website can be accessed, printed and downloaded in an unaltered form (altered including being stretc",ICIMOD,2011-08-30T14:07:00,1589,Sunshine; March; Daily mean sunshine; Nepal; Climatology; meteorology; atmosphere,80.0522,26.36836,88.19456,30.42472,true,https://rds.icimod.org/Home/DataDetail?metadataId=8769,Spatial extent overlaps Nepal; Explicitly mentions Nepal; Recent temporal coverage (≥2020)
769,63,medium,1973416,959fc4b4-2c52-4439-b908-e0afae147af4,Forest Types of Nepal,satellite validation,remote_sensing,Grid,10 m,,,As needed,Creative Commons Attribution 4.0 International (CC BY 4.0),FRTC,2025-11-20,3040,forest; forest type; biophysical indicator; GEE; Google Earth Engine; Earth Observation; Nepal; FRTC; ICIMOD; Geoscientific information,80.03,26.344,88.169,30.417,true,https://rds.icimod.org/Home/DataDetail?metadataId=1973416,Spatial extent overlaps Nepal; Explicitly mentions Nepal; Open license (CC BY)
770,63,medium,9357,75fe46e8-d1ff-4ece-86f1-05aa00a1446b,Clean-ice and Debris-covered Glaciers of Bhutan 2000,snowline / glacier context,cryosphere; remote_sensing,Vector,50000,1986-11-10t08:47:00.000z,2011-12-31t08:48:00.000z,As needed,Creative Commons Attribution 4.0 International (CC BY 4.0) | Free to use with copyright to ICIMOD. Citation: Bajracharya,ICIMOD,2014-02-04,16101,Glacier; Clean-ice; Debris-covered; Bhutan; Geoscientific information,91.61100000000002,28.244,89.166,27.528000000000002,false,https://rds.icimod.org/Home/DataDetail?metadataId=9357,Spatial extent overlaps HKH region; Long temporal baseline (≥10 years); Open license (CC BY); High portal popularity
771,62,medium,1381,376115d1-c62a-49d3-a4e9-9a94f09652f8,Monthly Mean Temperature of January of Afghanistan,real-time weather / forecast,weather_climate,Grid,1000000,2026-05-08t18:14:59.000z,2026-05-08t18:14:59.000z,As needed,"The content of this website can be accessed, printed and downloaded in an unaltered form (altered including being stretc",ICIMOD,2008-05-21T16:19:00,1650,Monthly Mean Tmperature; Weather; Afghanistan; Climatology; meteorology; atmosphere,60.5042,29.4061,74.9157,38.472,false,https://rds.icimod.org/Home/DataDetail?metadataId=1381,Spatial extent overlaps HKH region; Recent temporal coverage (≥2020)
772,62,medium,9160,f8ab4bfb-aca5-4825-8d94-783fdf0f1a40,"Himalayan Ibex Habitat area of Central Karakoram National Park (CKNP), Pakistan.",terrain / base map,terrain_landcover; route_context,Vector,30 m,2026-05-08t18:14:59.000z,2026-05-08t18:14:59.000z,Not planned,"The content of this website can be accessed, printed and downloaded in an unaltered form (altered including being stretc",ICIMOD,2012-11-12,2097,Biodiversity; Animal Habitat; Himalayan Ibex; Sighting point; Species; Central Karakoram National Park (CKNP); Pakistan; Biota,74.250933,35.035133,76.778271,36.641895,false,https://rds.icimod.org/Home/DataDetail?metadataId=9160,Spatial extent overlaps HKH region; Recent temporal coverage (≥2020)
773,62,medium,2836,9acad470-28c0-4382-892e-9cccf3d4cdd1,Monthly Mean Temperature of April of Afghanistan,real-time weather / forecast,weather_climate,Grid,1000000,2026-05-08t18:14:59.000z,2026-05-08t18:14:59.000z,As needed,"The content of this website can be accessed, printed and downloaded in an unaltered form (altered including being stretc",ICIMOD,2008-05-21T13:49:00,1927,Monthly Mean Temperature; Weather; Afghanistan; Climatology; meteorology; atmosphere,60.5042,29.4061,74.9157,38.472,false,https://rds.icimod.org/Home/DataDetail?metadataId=2836,Spatial extent overlaps HKH region; Recent temporal coverage (≥2020)
774,62,medium,2070,cd413a92-5220-49df-9432-76c15a73722c,Monthly Mean Temperature of February of Afghanistan,real-time weather / forecast,weather_climate,Grid,1000000,2026-05-08t18:14:59.000z,2026-05-08t18:14:59.000z,As needed,"The content of this website can be accessed, printed and downloaded in an unaltered form (altered including being stretc",ICIMOD,2008-05-20T18:16:00,1559,Monthly Mean Temperature; Weather; Afghanistan; Climatology; meteorology; atmosphere,60.5042,29.4061,74.9157,38.472,false,https://rds.icimod.org/Home/DataDetail?metadataId=2070,Spatial extent overlaps HKH region; Recent temporal coverage (≥2020)
775,62,medium,9159,e96966d0-7880-4b15-aecf-b567ad078f57,"Himalayan Wolf Habitat area of Central Karakoram National Park (CKNP), Pakistan.",terrain / base map,terrain_landcover; route_context,Vector,30 m,2026-05-08t18:14:59.000z,2026-05-08t18:14:59.000z,Not planned,"The content of this website can be accessed, printed and downloaded in an unaltered form (altered including being stretc",ICIMOD,2012-11-12,1640,Biodiversity; Animal Habitat; Himalayan Wolf; Sighting point; Species; Central Karakoram National Park; Pakistan; CKNP; Biota,74.250933,35.035133,76.778271,36.641895,false,https://rds.icimod.org/Home/DataDetail?metadataId=9159,Spatial extent overlaps HKH region; Recent temporal coverage (≥2020)
776,62,medium,3316,06cedf82-4261-4419-9228-a61e44652012,Monthly Mean Temperature of March of Afghanistan,real-time weather / forecast,weather_climate,Grid,100000,2026-05-08t18:14:59.000z,2026-05-08t18:14:59.000z,As needed,"The content of this website can be accessed, printed and downloaded in an unaltered form (altered including being stretc",ICIMOD,2009-12-26T16:14:00,1550,Monthly Mean Temperature; Weather; Afghanistan; Climatology; meteorology; atmosphere,60.5042,29.4061,74.9157,38.472,false,https://rds.icimod.org/Home/DataDetail?metadataId=3316,Spatial extent overlaps HKH region; Recent temporal coverage (≥2020)
777,62,medium,3893,b54db952-b5ff-40af-819f-e14e80ffd2d1,Monthly Mean Temperature of July of Afghanistan,real-time weather / forecast,weather_climate,Grid,1000000,2026-05-08t18:14:59.000z,2026-05-08t18:14:59.000z,As needed,"The content of this website can be accessed, printed and downloaded in an unaltered form (altered including being stretc",ICIMOD,2008-05-21T13:31:00,1633,Monthly Mean Temperature; Weather; Afghanistan; Climatology; meteorology; atmosphere,60.5042,29.4061,74.9157,38.472,false,https://rds.icimod.org/Home/DataDetail?metadataId=3893,Spatial extent overlaps HKH region; Recent temporal coverage (≥2020)
778,62,medium,3007,cd4db0fd-99ea-4d44-9422-ad86d6d68c45,Monthly Mean Temperature of May of Afghanistan,real-time weather / forecast,weather_climate,Grid,100000,2026-05-08t18:14:59.000z,2026-05-08t18:14:59.000z,As needed,"The content of this website can be accessed, printed and downloaded in an unaltered form (altered including being stretc",ICIMOD,2009-12-26T16:14:00,1848,Monthly Mean Temperature; Weather; Afghanistan; Climatology; meteorology; atmosphere,60.5042,29.4061,74.9157,38.472,false,https://rds.icimod.org/Home/DataDetail?metadataId=3007,Spatial extent overlaps HKH region; Recent temporal coverage (≥2020)
779,62,medium,1601,892adfc6-d8d8-4d63-89ff-44d72739fd07,NDVI of April for Hindu Kush Himalayan (HKH) Region,none,,Grid,1000000,2026-05-08t18:14:59.000z,2026-05-08t18:14:59.000z,As needed,"The content of this website can be accessed, printed and downloaded in an unaltered form (altered including being stretc",ICIMOD,2008-08-03T15:48:00,1520,NDVI; Vegetation cover; Hindu Kush Himalayan Region; HKH Region; Environment,60.853848,15.9578,105.044632,39.318611,true,https://rds.icimod.org/Home/DataDetail?metadataId=1601,Spatial extent overlaps Nepal; Recent temporal coverage (≥2020)
780,62,medium,9133,30ad1c39-5fdb-47b5-afa2-551817354a8b,"Road Network of Central Karakoram National Park(CKNP), Pakistan",terrain / base map,terrain_landcover; route_context,Vector,20000,2026-05-08t18:14:59.000z,2026-05-08t18:14:59.000z,Not planned,Creative Commons Attribution 4.0 International (CC BY 4.0),ICIMOD,2012-10-30,41905,Roads; Transportation; Central Karakoram National Park; Pakistan; CKNP,73.497649,34.95919,76.498003,36.87771,false,https://rds.icimod.org/Home/DataDetail?metadataId=9133,Spatial extent overlaps HKH region; Recent temporal coverage (≥2020); Open license (CC BY); High portal popularity
781,62,medium,23015,e51b3d5c-4eba-440d-ae55-9e0a0cd496b2,"Forest loss of Paro, Bhutan between 2010 and 2013",satellite validation,remote_sensing,Vector,100000,2026-05-08t18:14:59.000z,2026-05-08t18:14:59.000z,As needed,"Creative Commons Attribution 4.0 International (CC BY 4.0) | Users are permitted to copy, use, adapt, and redistribute S","ICIMOD, SERVIR Himalaya",2014-11-30,42411,Forest loss; forest hotspots; servircat; icimod-servir; geo-biodiversity; Paro; Bhutan; Geoscientific information,89.205,27.1883,89.5519,27.7004,false,https://rds.icimod.org/Home/DataDetail?metadataId=23015,Spatial extent overlaps HKH region; Recent temporal coverage (≥2020); Open license (CC BY); High portal popularity
782,62,medium,23014,9ed4e079-7598-494f-8012-19bfd1a60faa,"Forest cover of Paro, Bhutan for 2013",satellite validation,remote_sensing,Vector,100000,2026-05-08t18:14:59.000z,2026-05-08t18:14:59.000z,As needed,"Creative Commons Attribution 4.0 International (CC BY 4.0) | Users are permitted to copy, use, adapt, and redistribute S","ICIMOD, SERVIR Himalaya",2013-11-30,41591,Forest loss; forest hotspots; servircat; icimod-servir; geo-biodiversity; Paro; Bhutan; Geoscientific information,89.205,27.1883,89.5519,27.7004,false,https://rds.icimod.org/Home/DataDetail?metadataId=23014,Spatial extent overlaps HKH region; Recent temporal coverage (≥2020); Open license (CC BY); High portal popularity
783,62,medium,8740,4b6972c4-3322-4749-b726-b33cd72ea7a4,Population Density Estimates 2005 for Hindu Kush Himalayan (HKH) Region,none,,Grid,1000000,2026-05-08t18:14:59.000z,2026-05-08t18:14:59.000z,As needed,"The content of this website can be accessed, printed and downloaded in an unaltered form (altered including being stretc",ICIMOD,2011-07-21T16:38:00,1659,Population density; Populated place; Population Distribution; Hindu Kush Himalayan Region; HKH Region,59.9583333335253,15.0000000000584,106.041666666895,40.0416666667451,true,https://rds.icimod.org/Home/DataDetail?metadataId=8740,Spatial extent overlaps Nepal; Recent temporal coverage (≥2020)
784,62,medium,23011,fcb1b48d-f0af-49a4-8193-c932912bc8b0,"Forest cover of Bandarban, Bangladesh for 2014",satellite validation,remote_sensing,Vector,100000,2026-05-08t18:14:59.000z,2026-05-08t18:14:59.000z,As needed,"Creative Commons Attribution 4.0 International (CC BY 4.0) | Users are permitted to copy, use, adapt, and redistribute S","ICIMOD, SERVIR Himalaya",2014-11-30,42106,Forest loss; forest hotspots; Landsat; servircat; icimod-servir; geo-biodiversity; Bandarban; Bangladesh; Geoscientific information,92.069522,21.185904,92.682906,22.350844,false,https://rds.icimod.org/Home/DataDetail?metadataId=23011,Spatial extent overlaps HKH region; Recent temporal coverage (≥2020); Open license (CC BY); High portal popularity
785,62,medium,23013,7a65b8ad-09ba-439e-9d22-ba7dba9b5c22,"Forest loss of Bandarban, Bangladesh between 2013 and 2014",satellite validation,remote_sensing,Vector,100000,2026-05-08t18:14:59.000z,2026-05-08t18:14:59.000z,As needed,"Creative Commons Attribution 4.0 International (CC BY 4.0) | Users are permitted to copy, use, adapt, and redistribute S","ICIMOD, SERVIR Himalaya",2014-11-30,41928,Forest loss; forest hotspots; servircat; icimod-servir; geo-biodiversity; Bandarban; Bangladesh; Geoscientific information,92.069522,21.185904,92.682906,22.350844,false,https://rds.icimod.org/Home/DataDetail?metadataId=23013,Spatial extent overlaps HKH region; Recent temporal coverage (≥2020); Open license (CC BY); High portal popularity
786,62,medium,23025,9017fe22-8837-4e8f-8466-7e731748f185,"Forest loss of Swath, Pakistan between 2013 and 2014",satellite validation,remote_sensing,Vector,100000,2026-05-08t18:14:59.000z,2026-05-08t18:14:59.000z,As needed,"Creative Commons Attribution 4.0 International (CC BY 4.0) | Users are permitted to copy, use, adapt, and redistribute S","ICIMOD, SERVIR Himalaya",2014-11-30,42392,Forest loss; forest hotspots; servircat; icimod-servir; geo-biodiversity; Swath; Pakistan; Geoscientific information,72.125275,27.195414,72.807648,34.563839,false,https://rds.icimod.org/Home/DataDetail?metadataId=23025,Spatial extent overlaps HKH region; Recent temporal coverage (≥2020); Open license (CC BY); High portal popularity
787,61,medium,1972696,bb40773f-0c51-4f80-901c-a50045ee2193,"Lichens Flora of Nepal at Central Department of Botany, Tribhuvan University, Nepal",none,,"Text, table",,1995-01-05t18:15:00.000z,2019-07-19t18:15:00.000z,Unknown,Creative Commons Attribution-NonCommercial 4.0 International (CC BY-NC 4.0) (https://creativecommons.org/licenses/by-nc/,Global Institute for Interdisciplinary Studies (GIIS),2021-07-06,3370,Occurrence; Biodiversity; Flora; Lichens; Specimen; Nepal; HKH-BIF; Biota,79.958,26.274,88.264,30.487,true,https://rds.icimod.org/Home/DataDetail?metadataId=1972696,Spatial extent overlaps Nepal; Explicitly mentions Nepal; Long temporal baseline (≥10 years); Open license (CC BY)
788,61,medium,1973241,8f523524-3632-4712-9495-5b4c04dd06a3,Degraded Land in Nepal 2015,terrain / base map,terrain_landcover,Grid,30 m,,,As needed,Creative Commons Attribution 4.0 International (CC BY 4.0),ICIMOD,2025-09-25,2887,land degradation; degradation; Nepal; Geoscientific information,80.03,26.344,88.169,30.417,true,https://rds.icimod.org/Home/DataDetail?metadataId=1973241,Spatial extent overlaps Nepal; Explicitly mentions Nepal; Open license (CC BY)
789,61,medium,1972697,8b28b921-d46b-4881-8e40-4fdc54afbfd2,"Mushrooms Flora of Nepal at Central Department of Botany, Tribhuvan University, Nepal",none,,"Text, table",,2000-07-13t18:15:00.000z,2019-09-09t18:15:00.000z,Unknown,Creative Commons Attribution-NonCommercial 4.0 International (CC BY-NC 4.0) (https://creativecommons.org/licenses/by-nc/,Global Institute for Interdisciplinary Studies (GIIS),2021-04-08,4577,Occurrence; Biodiversity; Flora; Mushrooms; Specimen; Nepal; HKH-BIF; Biota,79.958,26.274,88.264,30.487,true,https://rds.icimod.org/Home/DataDetail?metadataId=1972697,Spatial extent overlaps Nepal; Explicitly mentions Nepal; Long temporal baseline (≥10 years); Open license (CC BY)
790,61,medium,9233,34a94b5f-8c5d-4f65-bb0b-73fd8eea0d9d,"Landuse, Irrigation and Crop Intensity of Koshi Basin",flood / water context,hydrology,,,2001-01-02t18:15:00.000z,2012-12-30t18:15:00.000z,As needed,Creative Commons Attribution 4.0 International (CC BY 4.0),ICIMOD,2014-04-24,5831,Arable Land; Irrigated land; Forest cover; Crop Intensity; Fertilizer consumption; Agriculture; Koshi Basin; Nepal; India; China; Farming,85.0238,25.3334,88.9502,29.1382,true,https://rds.icimod.org/Home/DataDetail?metadataId=9233,Spatial extent overlaps Nepal; Explicitly mentions Nepal; Long temporal baseline (≥10 years); Open license (CC BY)
791,61,medium,9153,03144371-06b4-4755-8159-26e49649dbcf,"Land Cover Change between 1990-2010 in Central Karakoram National Park(CKNP), Pakistan.",terrain / base map,terrain_landcover; route_context; remote_sensing,,30 m,2026-05-08t18:14:59.000z,2026-05-08t18:14:59.000z,Not planned,Creative Commons Attribution 4.0 International (CC BY 4.0),ICIMOD,2012-10-31,4971,Land cover; Change Analysis; Land use; geo-agriculture; Central Karakoram National Park; Pakistan; CKNP; Geoscientific information,74.250933,35.035133,76.778271,36.641895,false,https://rds.icimod.org/Home/DataDetail?metadataId=9153,Spatial extent overlaps HKH region; Recent temporal coverage (≥2020); Open license (CC BY)
792,61,medium,2289,8e96afc3-1880-4179-be01-cf2fac8cf503,Landuse of Lamjung District Nepal,terrain / base map,terrain_landcover,Vector,50000,2026-05-08t18:14:59.000z,2026-05-08t18:14:59.000z,As needed,"The content of this website can be accessed, printed and downloaded in an unaltered form (altered including being stretc",ICIMOD,2008-08-16T20:09:00,5387,Landuse; Land cover; Lamjung; Nepal; Environment,84.1,28,84.696205,28.509871,true,https://rds.icimod.org/Home/DataDetail?metadataId=2289,Spatial extent overlaps Nepal; Explicitly mentions Nepal; Recent temporal coverage (≥2020)
793,61,medium,1501,fcf3a6e5-3b41-4306-ab24-ab98cf1c38f8,Land use of Dhading District Nepal,terrain / base map,terrain_landcover,Vector,50000,2026-05-08t18:14:59.000z,2026-05-08t18:14:59.000z,As needed,"The content of this website can be accessed, printed and downloaded in an unaltered form (altered including being stretc",ICIMOD,2008-08-16T20:04:00,5626,Landuse; Land cover; Dhading; Nepal; Environment,84.37,27.4,85.27227,28.346201,true,https://rds.icimod.org/Home/DataDetail?metadataId=1501,Spatial extent overlaps Nepal; Explicitly mentions Nepal; Recent temporal coverage (≥2020)
794,61,medium,2682,83dad262-eaf2-49cf-a114-228037acfb60,River Network of Lamjung District Nepal,flood / water context,hydrology,Vector,50000,2026-05-08t18:14:59.000z,2026-05-08t18:14:59.000z,As needed,"The content of this website can be accessed, printed and downloaded in an unaltered form (altered including being stretc",ICIMOD,2008-08-16T10:20:00,2517,River network; Hydrography; Lamjung; Nepal; Inland waters,84.1,28,84.696205,28.51013,true,https://rds.icimod.org/Home/DataDetail?metadataId=2682,Spatial extent overlaps Nepal; Explicitly mentions Nepal; Recent temporal coverage (≥2020)
795,61,medium,9236,46eeef22-db13-4908-a02e-5645f88104e9,Socio-economic Characteristics of Koshi Basin,flood / water context,hydrology,,,2001-01-01t10:08:00.000z,2011-01-01t10:08:00.000z,As needed,Creative Commons Attribution 4.0 International (CC BY 4.0),ICIMOD,2014-04-24,2064,Percapita GDP; Poverty incidence; Literacy; Electricity access; Energy; Drinking water access; Household facility; Socio-economic; Koshi Basin; Nepal; India; China; Society,85.0238,25.3334,88.9502,29.1382,true,https://rds.icimod.org/Home/DataDetail?metadataId=9236,Spatial extent overlaps Nepal; Explicitly mentions Nepal; Long temporal baseline (≥10 years); Open license (CC BY)
796,60,medium,1972575,08604d47-ff56-4e4d-99f2-da08630ee5a8,Habitat suitability data for the Myanmar snubnosed monkey,satellite validation,remote_sensing,,100000,2015-08-31t18:15:00.000z,2021-02-27t18:15:00.000z,As needed,Creative Commons Attribution 4.0 International (CC BY 4.0),ICIMOD,2021-03-30,47275,Habitat Suitability; HILIFE; Transboundary Landscape; Myanmar snubnosed monkey; Protected Areas; Far Eastern Himalayan Landscape; Myanmar; China; India; Biota,95.4534,24.6279,99.1376,28.5432,false,https://rds.icimod.org/Home/DataDetail?metadataId=1972575,Spatial extent overlaps HKH region; Recent temporal coverage (≥2020); Open license (CC BY); High portal popularity
797,60,medium,1972573,13d41f25-efa0-419f-bc04-c155f0fb15ee,Habitat suitability data for the Western hoolock gibbon,satellite validation,remote_sensing,,100000,2015-08-31t18:15:00.000z,2021-02-27t18:15:00.000z,As needed,Creative Commons Attribution 4.0 International (CC BY 4.0),ICIMOD,2021-03-30,93287,Habitat Suitability; HILIFE; Transboundary Landscape; Western hoolock gibbon; Protected Areas; Far Eastern Himalayan Landscape; Myanmar; China; India; Biota,95.4534,24.6279,99.1376,28.5432,false,https://rds.icimod.org/Home/DataDetail?metadataId=1972573,Spatial extent overlaps HKH region; Recent temporal coverage (≥2020); Open license (CC BY); High portal popularity
798,60,medium,23024,686eacc3-2501-40d1-ae2a-dc1fb29b0b77,"Forest cover of Swath, Pakistan for 2014",satellite validation,remote_sensing,Grid,100000,2026-05-08t18:14:59.000z,2026-05-08t18:14:59.000z,As needed,"Creative Commons Attribution 4.0 International (CC BY 4.0) | Users are permitted to copy, use, adapt, and redistribute S","ICIMOD, SERVIR Himalaya",2014-11-30,2661,Forest loss; forest hotspots; servircat; icimod-servir; geo-biodiversity; Swath; Pakistan; Geoscientific information,72.125275,27.195414,72.807648,34.563839,false,https://rds.icimod.org/Home/DataDetail?metadataId=23024,Spatial extent overlaps HKH region; Recent temporal coverage (≥2020); Open license (CC BY)
799,60,medium,23023,0e503f4b-0ea7-4765-b7ed-e55d22d59bbf,"Forest cover of Swath, Pakistan for 2013",satellite validation,remote_sensing,Grid,100000,2026-05-08t18:14:59.000z,2026-05-08t18:14:59.000z,As needed,"Creative Commons Attribution 4.0 International (CC BY 4.0) | Users are permitted to copy, use, adapt, and redistribute S","ICIMOD, SERVIR Himalaya",2013-11-30,2913,Forest loss; forest hotspots; servircat; icimod-servir; geo-biodiversity; Swath; Pakistan; Geoscientific information,72.125275,27.195414,72.807648,34.563839,false,https://rds.icimod.org/Home/DataDetail?metadataId=23023,Spatial extent overlaps HKH region; Recent temporal coverage (≥2020); Open license (CC BY)
800,60,medium,1267,6dab2ad5-577b-4fa3-9659-22014da3c3ed,Monthly Mean Precipitation of February of Afghanistan,real-time weather / forecast,weather_climate,Vector,1000000,2026-05-08t18:14:59.000z,2026-05-08t18:14:59.000z,As needed,"The content of this website can be accessed, printed and downloaded in an unaltered form (altered including being stretc",ICIMOD,2008-05-20T17:57:00,1934,Mean Monthly Precipitation; Weather; Afghanistan; Climatology; meteorology; atmosphere,60.5042,29.4061,74.9157,38.472,false,https://rds.icimod.org/Home/DataDetail?metadataId=1267,Spatial extent overlaps HKH region; Recent temporal coverage (≥2020)
801,60,medium,22989,e4c4c310-a939-4bb9-ab0b-b58a95911c49,"Forest cover of Bandarban, Bangladesh for 2013",satellite validation,remote_sensing,Grid,100000,2026-05-08t18:14:59.000z,2026-05-08t18:14:59.000z,As needed,"Creative Commons Attribution 4.0 International (CC BY 4.0) | The SERVIR Project, NASA, USAID and ICIMOD make no express ","ICIMOD, SERVIR Himalaya",2013-11-30,3386,Forest loss; forest hotspots; Landsat; servircat; icimod-servir; geo-biodiversity; Bandarban; Bangladesh; Geoscientific information,92.069522,21.185904,92.682906,22.350844,false,https://rds.icimod.org/Home/DataDetail?metadataId=22989,Spatial extent overlaps HKH region; Recent temporal coverage (≥2020); Open license (CC BY)
802,60,medium,1972570,39e4a7d8-433f-41e0-8623-f7d601fcab5e,Habitat suitability data for the Clouded Leopard,satellite validation,remote_sensing,,100000,2015-08-31t18:15:00.000z,2021-02-27t18:15:00.000z,As needed,Creative Commons Attribution 4.0 International (CC BY 4.0),ICIMOD,2021-03-30,94405,Habitat Suitability; HILIFE; Transboundary Landscape; Clouded Leopard; Protected Areas; Far Eastern Himalayan Landscape; Myanmar; China; India; Biota,95.4534,24.6279,99.137,28.5432,false,https://rds.icimod.org/Home/DataDetail?metadataId=1972570,Spatial extent overlaps HKH region; Recent temporal coverage (≥2020); Open license (CC BY); High portal popularity
803,60,medium,1972574,8967aa15-067e-4be9-b86c-caaa10c0b829,Habitat suitability data for the Sambar deer,satellite validation,remote_sensing,,100000,2015-08-31t18:15:00.000z,2021-02-27t18:15:00.000z,As needed,Creative Commons Attribution 4.0 International (CC BY 4.0),ICIMOD,2021-03-30,64595,Habitat Suitability; HILIFE; Transboundary Landscape; Sambar deer; Protected Areas; Far Eastern Himalayan Landscape; Myanmar; China; India; Biota,95.4534,24.6279,99.1376,28.5432,false,https://rds.icimod.org/Home/DataDetail?metadataId=1972574,Spatial extent overlaps HKH region; Recent temporal coverage (≥2020); Open license (CC BY); High portal popularity
804,60,medium,1972571,6204ab17-8af1-4ce3-80bb-063641c6714e,Habitat suitability data for the Badger,satellite validation,remote_sensing,,100000,2015-08-31t18:15:00.000z,2021-02-27t18:15:00.000z,As needed,Creative Commons Attribution 4.0 International (CC BY 4.0),ICIMOD,2021-03-30,93647,Habitat Suitability; HILIFE; Transboundary Landscape; Transboundary Landscape; Badger; Protected Areas; Far Eastern Himalayan Landscape; Myanmar; China; India; Biota,95.4534,24.6279,99.1376,28.5432,false,https://rds.icimod.org/Home/DataDetail?metadataId=1972571,Spatial extent overlaps HKH region; Recent temporal coverage (≥2020); Open license (CC BY); High portal popularity
805,59,medium,36023,e35329db-5bca-4545-93a6-cf455b0414a6,"Brick Kilns location data of Afghanistan, Bangladesh, India, Nepal and Pakistan",none,,,,2026-05-07t18:14:59.000z,2026-05-07t18:14:59.000z,As needed,,ICIMOD,2019-06-03,4808,Brick Kilns; Afghanistan; Bangladesh; India; Nepal; Pakistan; HKH; Geoscientific information,62.16349000000001,20.938725,92.50582000000001,35.81392,true,https://rds.icimod.org/Home/DataDetail?metadataId=36023,Spatial extent overlaps Nepal; Explicitly mentions Nepal; Recent temporal coverage (≥2020)
806,59,medium,3081,c9e773aa-d983-41d2-9680-705cab0148d2,Dominant Honey Bee Zones of Hindu Kush Himalayan (HKH) Region,none,,Vector,1000000,2026-05-08t18:14:59.000z,2026-05-08t18:14:59.000z,As needed,"The content of this website can be accessed, printed and downloaded in an unaltered form (altered including being stretc",ICIMOD,2007-09-19,1384,Honey Bee; Habitat; HKH; Hindu Kush Himalayan Region; Biota,60.853848,15.9578,105.044632,39.318611,true,https://rds.icimod.org/Home/DataDetail?metadataId=3081,Spatial extent overlaps Nepal; Recent temporal coverage (≥2020)
807,59,medium,8034,4f0cdf90-f1ca-4e46-b104-93dc889fd0f6,"Tree Clusters of Ludhi Khola Watershed, Gorkha, Nepal",flood / water context,hydrology,Vector,25000,2026-05-08t18:14:59.000z,2026-05-08t18:14:59.000z,As needed,"The content of this website can be accessed, printed and downloaded in an unaltered form (altered including being stretc",ICIMOD,2010-07-31T00:00:00,1912,REDD; Forest; Ludhi khola Watershed; Gorkha; Nepal; Environment,84.554311,27.920334,84.679236,27.994388,true,https://rds.icimod.org/Home/DataDetail?metadataId=8034,Spatial extent overlaps Nepal; Explicitly mentions Nepal; Recent temporal coverage (≥2020)
808,59,medium,8042,775e0e46-7bef-4fc6-979d-de815e7b6a5a,"Village Development Committee Boundary of Ludhi Khola Watershed, Gorkha, Nepal",flood / water context,hydrology,Vector,25000,2026-05-08t18:14:59.000z,2026-05-08t18:14:59.000z,As needed,"The content of this website can be accessed, printed and downloaded in an unaltered form (altered including being stretc",ICIMOD,2010-07-31T00:00:00,2092,REDD; Administrative Boundary; Ludhi Khola Watershed; Gorkha; Nepal; Boundaries,84.530634,27.905367,84.705186,27.999477,true,https://rds.icimod.org/Home/DataDetail?metadataId=8042,Spatial extent overlaps Nepal; Explicitly mentions Nepal; Recent temporal coverage (≥2020)
809,59,medium,8044,4845e463-d0a8-4635-8f3a-210e0f772268,"Water Bodies of Ludhi Khola Watershed, Gorkha, Nepal",flood / water context,hydrology,Vector,25000,2026-05-08t18:14:59.000z,2026-05-08t18:14:59.000z,As needed,"The content of this website can be accessed, printed and downloaded in an unaltered form (altered including being stretc",ICIMOD,2010-07-18T11:00:00,1860,REDD; Drainage Network; Hydrography; Ludhi Khola Watershed; Gorkha; Nepal; Inland waters,84.554311,27.920334,84.679236,27.994388,true,https://rds.icimod.org/Home/DataDetail?metadataId=8044,Spatial extent overlaps Nepal; Explicitly mentions Nepal; Recent temporal coverage (≥2020)
810,59,medium,8035,6672c5e7-eb77-4a60-ba9d-87999be32226,"Land Use of Ludhi Khola Watershed, Gorkha, Nepal",flood / water context,hydrology,Vector,25000,2026-05-08t18:14:59.000z,2026-05-08t18:14:59.000z,As needed,"The content of this website can be accessed, printed and downloaded in an unaltered form (altered including being stretc",ICIMOD,2010-07-18T11:00:00,1598,REDD; Land use; Ludhi Khola Watershed; Gorkha; Nepal; Environment,84.530634,27.905367,84.705186,27.999477,true,https://rds.icimod.org/Home/DataDetail?metadataId=8035,Spatial extent overlaps Nepal; Explicitly mentions Nepal; Recent temporal coverage (≥2020)
811,59,medium,745,66328c83-51a2-4061-9660-4b03ce69cf79,Meteorological Stations of Afghanistan,real-time weather / forecast,weather_climate,Vector,100000,2026-05-08t18:14:59.000z,2026-05-08t18:14:59.000z,As needed,"The content of this website can be accessed, printed and downloaded in an unaltered form (altered including being stretc",ICIMOD,2009-12-26T16:14:00,2646,Meteorological; Weather; Afghanistan; Climatology; meteorology; atmosphere,60.5042,29.4061,74.9157,38.472,false,https://rds.icimod.org/Home/DataDetail?metadataId=745,Spatial extent overlaps HKH region; Recent temporal coverage (≥2020)
812,59,medium,253,045b944b-15b1-40f7-b161-1c922e2e1cf3,NDVI of September for Hindu Kush Himalayan (HKH) Region,none,,Vector,1000000,2026-05-08t18:14:59.000z,2026-05-08t18:14:59.000z,As needed,"The content of this website can be accessed, printed and downloaded in an unaltered form (altered including being stretc",ICIMOD,2007-09-27,1860,NDVI; HKH Region; Hindu Kush Himalayan Region; Environment,60.853848,15.9578,105.044632,39.318611,true,https://rds.icimod.org/Home/DataDetail?metadataId=253,Spatial extent overlaps Nepal; Recent temporal coverage (≥2020)
813,59,medium,23173,cf2e79e9-5244-46f5-a9e5-25a70dcc416c,Above ground carbon stock data in Nepal,none,,Grid,5000,2026-05-08t18:14:59.000z,2026-05-08t18:14:59.000z,As needed,"Creative Commons Attribution 4.0 International (CC BY 4.0) | Users are permitted to copy, use, adapt, and redistribute S","ICIMOD, SERVIR Himalaya",2015-09-22,3407,Carbon Stock; Forest; icimod-servir; geo-ecosystems; servircat; Nepal; Geoscientific information,79.8862,26.2307,88.3904,30.5175,true,https://rds.icimod.org/Home/DataDetail?metadataId=23173,Spatial extent overlaps Nepal; Explicitly mentions Nepal; Recent temporal coverage (≥2020); Open license (CC BY)
814,59,medium,2845,e249c42b-55ab-4ba0-a25a-5598b54a4e87,Geographic Regions of Hindu Kush Himalayan (HKH) Region,none,,Vector,1000000,2026-05-08t18:14:59.000z,2026-05-08t18:14:59.000z,As needed,"The content of this website can be accessed, printed and downloaded in an unaltered form (altered including being stretc",ICIMOD,2007-09-25,1968,Geographic region; Hindu Kush Himalayan Region; HKH; Environment,60.853848,15.9578,105.044632,39.318611,true,https://rds.icimod.org/Home/DataDetail?metadataId=2845,Spatial extent overlaps Nepal; Recent temporal coverage (≥2020)
815,59,medium,973,a0aca43d-acf5-498a-9817-3c3ea70a5803,Night Time view of Urban areas of Hindu Kush Himalayan (HKH) Region,none,,Vector,1000000,2026-05-08t18:14:59.000z,2026-05-08t18:14:59.000z,As needed,"The content of this website can be accessed, printed and downloaded in an unaltered form (altered including being stretc",ICIMOD,,1480,Night lights; Urban; Hindu Kush Himalayan Region; HKH Region; Society,60.853848,15.9578,105.044632,39.318611,true,https://rds.icimod.org/Home/DataDetail?metadataId=973,Spatial extent overlaps Nepal; Recent temporal coverage (≥2020)
816,59,medium,8741,6356264a-aecc-422e-a4ed-9a18d7054b23,Population Density Estimates 2010 for Hindu Kush Himalayan (HKH) Region,none,,Vector,1000000,2026-05-08t18:14:59.000z,2026-05-08t18:14:59.000z,As needed,"The content of this website can be accessed, printed and downloaded in an unaltered form (altered including being stretc",ICIMOD,2011-07-21T16:43:00,2673,Population density; Populated place; population distribution; Hindu Kush Himalayan Region; HKH Region,59.9583333335253,15.0000000000584,106.041666666895,40.0416666667451,true,https://rds.icimod.org/Home/DataDetail?metadataId=8741,Spatial extent overlaps Nepal; Recent temporal coverage (≥2020)
817,59,medium,22757,d837a665-ba0a-41ac-925a-0ef3f4a9dc1c,Ecological Health Index (EHI) of  Nepal and Bihar part of Koshi Basin,route hazard / safety,hazard; hydrology,"Text, table",,2011-12-30t18:15:00.000z,2013-12-30t18:15:00.000z,As needed,,ICIMOD,2013-12-31,1834,Ecological Health Index (EHI); Fertilizer use; crop intensity; forest cover; slope; erosion; Nepal; India; Bihar; Koshi Basin; Geoscientific information,85.0238,25.334,88.9502,29.1382,true,https://rds.icimod.org/Home/DataDetail?metadataId=22757,Spatial extent overlaps Nepal; Explicitly mentions Nepal
818,59,medium,1218,e328813e-20f7-43db-a625-98eeaa62906e,Administrative Zones of Hindu Kush Himalayan (HKH) Region,none,,Vector,1000000,2026-05-08t18:14:59.000z,2026-05-08t18:14:59.000z,As needed,"The content of this website can be accessed, printed and downloaded in an unaltered form (altered including being stretc",ICIMOD,2007-09-28,2412,Zones; Administrative Boundary; Hindu Kush Himalayan Region; HK; Boundaries,60.853848,15.9578,105.044632,39.318611,true,https://rds.icimod.org/Home/DataDetail?metadataId=1218,Spatial extent overlaps Nepal; Recent temporal coverage (≥2020)
819,59,medium,9122,3f7547df-19ca-4c0d-a0de-a048786eb977,"Mountain Pass Location in Central Karakoram National Park(CKNP), Pakistan",terrain / base map,terrain_landcover; route_context,Vector,20000,2026-05-08t18:14:59.000z,2026-05-08t18:14:59.000z,Not planned,Creative Commons Attribution 4.0 International (CC BY 4.0),ICIMOD,2012-10-29,1671,Pass; Terrain; Central Karakoram National Park; Pakistan; CKNP,74.197357,35.312463,76.825233,36.480034,false,https://rds.icimod.org/Home/DataDetail?metadataId=9122,Spatial extent overlaps HKH region; Recent temporal coverage (≥2020); Open license (CC BY)
820,59,medium,8026,77f73559-5ea9-4b7f-9b45-87bf16b13edf,"Builtup Area of Ludhi Khola Watershed, Gorkha, Nepal",flood / water context,hydrology,Vector,25000,2026-05-08t18:14:59.000z,2026-05-08t18:14:59.000z,As needed,"The content of this website can be accessed, printed and downloaded in an unaltered form (altered including being stretc",ICIMOD,2010-07-31T00:00:00,1407,REDD; Builtup; Populated place; Ludhi khola Watershed; Gorkha; Nepal; Location,84.554311,27.920334,84.679236,27.994388,true,https://rds.icimod.org/Home/DataDetail?metadataId=8026,Spatial extent overlaps Nepal; Explicitly mentions Nepal; Recent temporal coverage (≥2020)
821,59,medium,410,4126f8d4-939a-45bb-9265-47b635977340,Wilderness Area of Hindu Kush Himalayan (HKH) Region,none,,Vector,1000000,2026-05-08t18:14:59.000z,2026-05-08t18:14:59.000z,As needed,"The content of this website can be accessed, printed and downloaded in an unaltered form (altered including being stretc",ICIMOD,2007-09-25,1850,Wilderness; Uninhabited; Hindu Kush Himalayan Region; HKH; Environment,60.853848,15.9578,105.044632,39.318611,true,https://rds.icimod.org/Home/DataDetail?metadataId=410,Spatial extent overlaps Nepal; Recent temporal coverage (≥2020)
822,59,medium,8742,75438664-0828-417f-b1ac-7df98dcf8c83,Population Density Estimates 2015 for Hindu Kush Himalayan (HKH) Region,none,,Vector,1000000,2026-05-08t18:14:59.000z,2026-05-08t18:14:59.000z,As needed,"The content of this website can be accessed, printed and downloaded in an unaltered form (altered including being stretc",ICIMOD,2011-07-21T16:50:00,1906,Population density; Populated place; Population Distribution; Hindu Kush Himalayan Region; HKH Region; Location,59.9583333335253,15.0000000000584,106.041666666895,40.0416666667451,true,https://rds.icimod.org/Home/DataDetail?metadataId=8742,Spatial extent overlaps Nepal; Recent temporal coverage (≥2020)
823,59,medium,8039,54619177-f20a-4942-bcab-75ea3f4fb5d7,"Sample Plots of Ludhi Khola Watershed, Gorkha, Nepal",flood / water context,hydrology,Vector,25000,2026-05-08t18:14:59.000z,2026-05-08t18:14:59.000z,As needed,"The content of this website can be accessed, printed and downloaded in an unaltered form (altered including being stretc",ICIMOD,2010-07-31T00:00:00,1357,REDD; Sample plots; Ludhi khola Watershed; Gorkha; Nepal; Location,84.554311,27.920334,84.679236,27.994388,true,https://rds.icimod.org/Home/DataDetail?metadataId=8039,Spatial extent overlaps Nepal; Explicitly mentions Nepal; Recent temporal coverage (≥2020)
824,59,medium,8738,b3e1c762-ab0a-434d-8ec1-3638a478256a,Population Density Estimates 1995 for Hindu Kush Himalayan (HKH) Region,none,,Vector,1000000,2026-05-08t18:14:59.000z,2026-05-08t18:14:59.000z,As needed,"The content of this website can be accessed, printed and downloaded in an unaltered form (altered including being stretc",ICIMOD,2011-07-21T16:28:00,2489,Population density; Populated place; Population Distribution; Hindu Kush Himalayan Region; HKH Region,59.9583333335253,15.0000000000584,106.041666666895,40.0416666667451,true,https://rds.icimod.org/Home/DataDetail?metadataId=8738,Spatial extent overlaps Nepal; Recent temporal coverage (≥2020)
825,59,medium,8739,d142f557-4a1d-4810-9c61-40dd2386bbbd,Population Density Estimates 2000 for Hindu Kush Himalayan (HKH) Region,none,,Vector,1000000,2026-05-08t18:14:59.000z,2026-05-08t18:14:59.000z,As needed,"The content of this website can be accessed, printed and downloaded in an unaltered form (altered including being stretc",ICIMOD,2011-07-21T16:34:00,1786,Population density; Populated place; population Distribution; Hindu Kush Himalayan Region; HKH Region,59.9583333335253,15.0000000000584,106.041666666895,40.0416666667451,true,https://rds.icimod.org/Home/DataDetail?metadataId=8739,Spatial extent overlaps Nepal; Recent temporal coverage (≥2020)
826,59,medium,23573,96004a07-fb6d-40f1-9de7-412fb7583343,Slope of the Kangchenjunga Landscape,none,,Grid,100000,2026-05-08t18:14:59.000z,2026-05-08t18:14:59.000z,As needed,Creative Commons Attribution 4.0 International (CC BY 4.0),ICIMOD,2015-10-12,4423,Slope; Ecosystems; Landscape; Biodiversity; Kangchenjunga Landscape; Bhutan; India; Nepal; Economy,87.503157,26.333527,90.040662,28.139525,true,https://rds.icimod.org/Home/DataDetail?metadataId=23573,Spatial extent overlaps Nepal; Explicitly mentions Nepal; Recent temporal coverage (≥2020); Open license (CC BY)
827,59,medium,9195,f920e235-e41c-48a5-b469-c120ca713cf9,Cover Management Factor of Koshi Basin,flood / water context,hydrology,Vector,50000,2026-05-08t18:14:59.000z,2026-05-08t18:14:59.000z,As needed,"The content of this website can be accessed, printed and downloaded in an unaltered form (altered including being stretc",ICIMOD,2013-06-14T09:17:00,3117,Cover Management; Soil Loss; Basin; Koshi Basin; Nepal; India; China; Environment,85.0238,25.3334,88.9502,29.1382,true,https://rds.icimod.org/Home/DataDetail?metadataId=9195,Spatial extent overlaps Nepal; Explicitly mentions Nepal; Recent temporal coverage (≥2020)
828,59,medium,8043,b4f2bf6e-192a-4488-828f-8484d33ffda7,"Ward Boundary of Ludhi Khola Watershed, Gorkha, Nepal",flood / water context,hydrology,Vector,25000,2026-05-08t18:14:59.000z,2026-05-08t18:14:59.000z,As needed,"The content of this website can be accessed, printed and downloaded in an unaltered form (altered including being stretc",ICIMOD,2010-07-31T00:00:00,2237,REDD; Administrative Boundary; Ludhi Khola Watershed; Gorkha; Nepal; Boundaries,84.530634,27.905367,84.705186,27.999477,true,https://rds.icimod.org/Home/DataDetail?metadataId=8043,Spatial extent overlaps Nepal; Explicitly mentions Nepal; Recent temporal coverage (≥2020)
829,59,medium,8025,34ded3ed-2ada-4e56-b45b-cfc843a8ff09,"Building Clusters of Ludhi Khola Watershed, Gorkha, Nepal",flood / water context,hydrology,Vector,25000,2026-05-08t18:14:59.000z,2026-05-08t18:14:59.000z,As needed,"The content of this website can be accessed, printed and downloaded in an unaltered form (altered including being stretc",ICIMOD,2010-07-31T00:00:00,1792,REDD; Building cluster; House Cluster; Ludhi khola Watershed; Gorkha; Nepal; Location,84.55431,27.92033,84.67924,27.99439,true,https://rds.icimod.org/Home/DataDetail?metadataId=8025,Spatial extent overlaps Nepal; Explicitly mentions Nepal; Recent temporal coverage (≥2020)
830,59,medium,1385,eb3943b1-ecce-403a-b8e3-5343c50c9e47,Major Languages of the Hindu Kush Himalayan (HKH) Region,none,,Vector,1000000,2026-05-08t18:14:59.000z,2026-05-08t18:14:59.000z,As needed,"The content of this website can be accessed, printed and downloaded in an unaltered form (altered including being stretc",ICIMOD,2008-08-03T14:30:00,1837,Language; Hindu Kush Himalayan Region; HKH; Society,60.853848,15.9578,105.044632,39.318611,true,https://rds.icimod.org/Home/DataDetail?metadataId=1385,Spatial extent overlaps Nepal; Recent temporal coverage (≥2020)
831,59,medium,36029,58d642f3-8bb6-48e5-9ec6-278c1a6f3d8e,"Crop data of Barisal, Dinajpur and Rangpur districts of Bangladesh - 2019",snowline / glacier context,cryosphere; remote_sensing,Grid,,2018-01-10t18:15:00.000z,2019-04-29t18:15:00.000z,As needed,"Creative Commons Attribution 4.0 International (CC BY 4.0) | The SERVIR Project, NASA, USAID and ICIMOD make no express ",ICIMOD,2019-12-16,43453,Crop Type; Sentinel; Google Earth Engine; Agriculture; Bangladesh; Barisal; Dinajpur; Rangpur; SERVIR Himalaya; servircat; icimod-servir; Geoscientific information,93.04,21.4,87.75,26.8,false,https://rds.icimod.org/Home/DataDetail?metadataId=36029,Spatial extent overlaps HKH region; Open license (CC BY); High portal popularity
832,59,medium,3181,827058db-5d25-46a7-806a-26a99f7c0fd9,Population Density of Hindu Kush Himalayan (HKH) Region,none,,Vector,1000000,2026-05-08t18:14:59.000z,2026-05-08t18:14:59.000z,As needed,"The content of this website can be accessed, printed and downloaded in an unaltered form (altered including being stretc",ICIMOD,2007-09-25,2027,Population; Population distribution; Hindu Kush Himalayan Region; HKH; Society,60.853848,15.9578,105.044632,39.318611,true,https://rds.icimod.org/Home/DataDetail?metadataId=3181,Spatial extent overlaps Nepal; Recent temporal coverage (≥2020)
833,59,medium,28646,7f505f87-e01d-41cc-9624-5bdca9de46de,"Land Cover of Greater Chittagong, Bangladesh 1989",terrain / base map,terrain_landcover; remote_sensing,Grid,30 m,2026-05-08t18:14:59.000z,2026-05-08t18:14:59.000z,As needed,"Creative Commons Attribution 4.0 International (CC BY 4.0) | Users are permitted to copy, use, adapt, and redistribute S",ICIMOD,2011-12-27T11:31:00,44602,Land Cover Classification; Land cover; servircat; icimod-servir; Bangladesh; Greater Chittagong; Geoscientific information,91.44064,20.549,92.7129,23.7428,false,https://rds.icimod.org/Home/DataDetail?metadataId=28646,Spatial extent overlaps HKH region; Recent temporal coverage (≥2020); Open license (CC BY); High portal popularity
834,59,medium,28638,c0583180-8952-4aff-a750-83bfe036fc50,"Land Cover of Greater Chittagong, Bangladesh 2010",terrain / base map,terrain_landcover; remote_sensing,Grid,30 m,2026-05-08t18:14:59.000z,2026-05-08t18:14:59.000z,As needed,"Creative Commons Attribution 4.0 International (CC BY 4.0) | Users are permitted to copy, use, adapt, and redistribute S",ICIMOD,2011-12-27T11:31:00,46619,Land Cover Classification; Land use; Land cover; servircat; icimod-servir; Bangladesh; Greater Chittagong; Geoscientific information,91.4406,20.549,92.7129,23.7428,false,https://rds.icimod.org/Home/DataDetail?metadataId=28638,Spatial extent overlaps HKH region; Recent temporal coverage (≥2020); Open license (CC BY); High portal popularity
835,59,medium,28639,91d6e67d-6d3f-4e26-afd4-5962e2310e58,"Land Cover of Greater Chittagong, Bangladesh 2000",terrain / base map,terrain_landcover; remote_sensing,Grid,30 m,2026-05-08t18:14:59.000z,2026-05-08t18:14:59.000z,As needed,"Creative Commons Attribution 4.0 International (CC BY 4.0) | Users are permitted to copy, use, adapt, and redistribute S",ICIMOD,2011-12-27T11:31:00,43133,Land Cover Classification; Land cover; servircat; icimod-servir; Bangladesh; Greater Chittagong; Geoscientific information,91.4406,20.549,92.7129,23.7428,false,https://rds.icimod.org/Home/DataDetail?metadataId=28639,Spatial extent overlaps HKH region; Recent temporal coverage (≥2020); Open license (CC BY); High portal popularity
836,58,medium,9356,e1ceb654-c94a-4243-a97b-cc7eb784e979,Clean-ice and Debris-covered Glaciers of Bhutan 1990,snowline / glacier context,cryosphere; remote_sensing,Vector,50000,1986-11-10t08:47:00.000z,2011-12-31t08:48:00.000z,As needed,Creative Commons Attribution 4.0 International (CC BY 4.0) | Free to use with copyright to ICIMOD. Citation: Bajracharya,ICIMOD,2014-02-04,7284,Glacier; Clean-ice; Debris-covered; Bhutan; Geoscientific information,91.61100000000002,28.244,89.166,27.528000000000002,false,https://rds.icimod.org/Home/DataDetail?metadataId=9356,Spatial extent overlaps HKH region; Long temporal baseline (≥10 years); Open license (CC BY)
837,58,medium,9358,7bc0b0d1-c9a3-4ae9-8fe8-fb8e1fe30d4a,Clean-ice and Debris-covered Glaciers of Bhutan 2010,snowline / glacier context,cryosphere; remote_sensing,Vector,50000,1986-11-10t08:47:00.000z,2011-12-31t08:48:00.000z,As needed,Creative Commons Attribution 4.0 International (CC BY 4.0) | Free to use with copyright to ICIMOD. Citation: Bajracharya,ICIMOD,2014-02-04,7299,Glacier; Clean-ice; Debris-covered; Bhutan; Geoscientific information,91.61100000000002,28.244,89.166,27.528000000000002,false,https://rds.icimod.org/Home/DataDetail?metadataId=9358,Spatial extent overlaps HKH region; Long temporal baseline (≥10 years); Open license (CC BY)
838,58,medium,9309,62df2cca-dce3-494d-be2f-91ba4d76a4e6,"Precipitation for Laguwa Ghat station, Nepal",real-time weather / forecast,weather_climate; hydrology,,,1946-12-31t18:30:00.000z,2010-12-30t18:15:00.000z,As needed,All copyrights reserved to Department of Hydrology and Meteorology.,ICIMOD,2014-04-22,1861,Precipitation; Weather; Basin; Laguwa Ghat; Dhankuta; Nepal; Koshi Basin; Climatology; meteorology; atmosphere,27.13333,87.28333,27.13333,87.28333,false,https://rds.icimod.org/Home/DataDetail?metadataId=9309,Outside Nepal/HKH region; Explicitly mentions Nepal; Long temporal baseline (≥10 years)
839,58,medium,27224,230f96e6-f6da-45fd-a8e8-0a9f4889aab3,"Lirung UAV-derived elevation model, May 2013",snowline / glacier context,cryosphere; terrain_landcover,,m,2013-05-17t18:15:00.000z,2013-05-17t18:15:00.000z,Unknown,Creative Commons Attribution 4.0 International (CC BY 4.0) | Free to use with attribution to ICIMOD.,Utrecht University,2016-06-02,6373,Debris cover; UAV; Unmanned Aerial Vehicle; Glacier; Lirung; Environment,85.562,28.232,85.562,28.232,true,https://rds.icimod.org/Home/DataDetail?metadataId=27224,Spatial extent overlaps Nepal; Open license (CC BY)
840,57,medium,23012,486cd340-de6e-4ab5-86f2-05b70c4e9f6b,"Forest loss of Bandarban, Bangladesh between 2010 and 2013",satellite validation,remote_sensing,Vector,100000,2026-05-08t18:14:59.000z,2026-05-08t18:14:59.000z,As needed,"Creative Commons Attribution 4.0 International (CC BY 4.0) | Users are permitted to copy, use, adapt, and redistribute S","ICIMOD, SERVIR Himalaya",2013-11-30,2599,Forest loss; forest hotspots; servircat; icimod-servir; geo-biodiversity; Bandarban; Bangladesh; Geoscientific information,92.069522,21.185904,92.682906,22.350844,false,https://rds.icimod.org/Home/DataDetail?metadataId=23012,Spatial extent overlaps HKH region; Recent temporal coverage (≥2020); Open license (CC BY)
841,57,medium,23022,5254f32f-7485-4e74-8308-d2d0fb1455c7,"Forest loss of Swath, Pakistan between 2010 and 2013",satellite validation,remote_sensing,Vector,100000,2026-05-08t18:14:59.000z,2026-05-08t18:14:59.000z,As needed,"Creative Commons Attribution 4.0 International (CC BY 4.0) | Users are permitted to copy, use, adapt, and redistribute S","ICIMOD, SERVIR Himalaya",2013-11-30,2872,Forest loss; forest hotspots; servircat; icimod-servir; geo-biodiversity; Swath; Pakistan; Geoscientific information,72.125275,27.195414,72.807648,34.563839,false,https://rds.icimod.org/Home/DataDetail?metadataId=23022,Spatial extent overlaps HKH region; Recent temporal coverage (≥2020); Open license (CC BY)
842,57,medium,9039,1d66c57e-53ba-4ced-9421-3286ad464bd1,"Spot Height of Central Karakoram National Park (CKNP), Pakistan.",terrain / base map,terrain_landcover; route_context,Vector,20000,2026-05-08t18:14:59.000z,2026-05-08t18:14:59.000z,As needed,Creative Commons Attribution 4.0 International (CC BY 4.0),ICIMOD,2007-08-28T14:28:00,5781,Spot Height; Elevation; Topography; Central Karakoram National Park; Pakistan; CKNP,74.381915,35.260958,76.714025,36.401338,false,https://rds.icimod.org/Home/DataDetail?metadataId=9039,Spatial extent overlaps HKH region; Recent temporal coverage (≥2020); Open license (CC BY)
843,57,medium,23016,08ab4476-e0cc-4bdc-bc6b-65cc20a40571,"Forest loss of Paro, Bhutan between 2013 and 2014",satellite validation,remote_sensing,Vector,100000,2026-05-08t18:14:59.000z,2026-05-08t18:14:59.000z,As needed,"Creative Commons Attribution 4.0 International (CC BY 4.0) | Users are permitted to copy, use, adapt, and redistribute S","ICIMOD, SERVIR Himalaya",2014-11-30,2791,Forest loss; forest hotspots; servircat; icimod-servir; geo-biodiversity; Paro; Bhutan; Geoscientific information,89.205,27.1883,89.5519,27.7004,false,https://rds.icimod.org/Home/DataDetail?metadataId=23016,Spatial extent overlaps HKH region; Recent temporal coverage (≥2020); Open license (CC BY)
844,57,medium,23017,7346abbe-b915-417f-8216-5460aa969b35,"Forest cover of Paro, Bhutan for 2014",satellite validation,remote_sensing,Vector,100000,2026-05-08t18:14:59.000z,2026-05-08t18:14:59.000z,As needed,"Creative Commons Attribution 4.0 International (CC BY 4.0) | Users are permitted to copy, use, adapt, and redistribute S","ICIMOD, SERVIR Himalaya",2014-11-30,2385,Forest loss; forest hotspots; servircat; icimod-servir; geo-biodiversity; Paro; Bhutan; Geoscientific information,89.205,27.1883,89.5519,27.7004,false,https://rds.icimod.org/Home/DataDetail?metadataId=23017,Spatial extent overlaps HKH region; Recent temporal coverage (≥2020); Open license (CC BY)
845,56,medium,35992,c660980a-809d-44fa-8e1b-0f89825bd1b0,Angiosperms of the Kangchenjunga Landscape,none,,"Text, table",,2017-01-01t00:00:00.000z,2017-01-01t00:00:00.000z,Unknown,Creative Commons Attribution 4.0 International (CC BY 4.0) | GBPNIHESD. (2014). Feasibility Assessment Report KL-India. ,ICIMOD,2019-02-04,2283,Angiosperm; Biodiversity; Flora; Kangchenjunga Landscape; Eastern Nepal; Sikkim and West Bengal; India; Western Bhutan; HKH-BIF; Biota,87.508,26.361,90.408,28.13,true,https://rds.icimod.org/Home/DataDetail?metadataId=35992,Spatial extent overlaps Nepal; Explicitly mentions Nepal; Open license (CC BY)
846,56,medium,1972694,d11bd1f2-8897-4331-a1f1-c24498bca058,A checklist of Mistletoes of Nepal,none,,"Text, table",,1981-12-31t18:30:00.000z,2007-12-31t18:15:00.000z,Unknown,,"Amrit Science Campus, Tribhuvan University",2021-02-10,2554,Mistletoes; Biodiversity; Flora; Parasitic plants; Nepal; HKH-BIF; Biota,79.958,26.274,88.264,30.487,true,https://rds.icimod.org/Home/DataDetail?metadataId=1972694,Spatial extent overlaps Nepal; Explicitly mentions Nepal; Long temporal baseline (≥10 years)
847,56,medium,22052,00d508db-ff08-4607-b7fb-570c5826e6e1,Pass Location of Kailash Sacred Landscape in Nepal,none,,Vector,,2026-05-08t18:14:59.000z,2026-05-08t18:14:59.000z,As needed,Creative Commons Attribution 4.0 International (CC BY 4.0),ICIMOD,2015-07-06,1420,Kailash; Pass; Landscape; India; Nepal; China,81.04999,29.95586,82.48935,30.44923,true,https://rds.icimod.org/Home/DataDetail?metadataId=22052,Spatial extent overlaps Nepal; Explicitly mentions Nepal; Recent temporal coverage (≥2020); Open license (CC BY)
848,56,medium,35996,b155fce0-321f-4ccd-b21f-de2697a7b062,Gymnosperms of the Kangchenjunga Landscape,none,,"Text, table",,2017-01-01t00:00:00.000z,2017-01-01t00:00:00.000z,Unknown,Creative Commons Attribution 4.0 International (CC BY 4.0) | GBPNIHESD. (2014). Feasibility Assessment Report KL-India. ,ICIMOD,2019-02-04,4622,Gymnosperm; Biodiversity; Kangchenjunga Landscape; Eastern Nepal; Sikkim and West Bengal; India; Western Bhutan; HKH-BIF; Biota,87.508,26.361,90.408,28.13,true,https://rds.icimod.org/Home/DataDetail?metadataId=35996,Spatial extent overlaps Nepal; Explicitly mentions Nepal; Open license (CC BY)
849,56,medium,36001,b6ff724e-e1e3-49f0-8240-4065fc98b719,Amphibians of the Kangchenjunga Landscape,none,,"Text, table",,2017-01-01t00:00:00.000z,2017-01-01t00:00:00.000z,Unknown,Creative Commons Attribution 4.0 International (CC BY 4.0) | GBPNIHESD. (2014). Feasibility Assessment Report KL-India. ,ICIMOD,2019-02-04,3852,Herpetofauna; Amphibians; Biodiversity; Kangchenjunga Landscape; Eastern Nepal; Sikkim and West Bengal; India; Western Bhutan; HKH-BIF; Biota,87.508,26.361,90.408,28.13,true,https://rds.icimod.org/Home/DataDetail?metadataId=36001,Spatial extent overlaps Nepal; Explicitly mentions Nepal; Open license (CC BY)
850,56,medium,31154,13e51162-3941-46d2-9d79-eade1447e0e5,1000 meters interval of Contour profile of Kailash Sacred Landscape,none,,,m,2026-05-08t18:14:59.000z,2026-05-08t18:14:59.000z,As needed,Creative Commons Attribution 4.0 International (CC BY 4.0),ICIMOD,2016-11-29,2329,Contours; meters; India; Nepal; China; Kailash Sacred Landscape; Geoscientific information,79.852669,29.324506,82.48908,31.211838,true,https://rds.icimod.org/Home/DataDetail?metadataId=31154,Spatial extent overlaps Nepal; Explicitly mentions Nepal; Recent temporal coverage (≥2020); Open license (CC BY)
851,56,medium,9234,bf8d8993-f2d2-42e4-bba9-4f4fcae51b16,Livestock Population of Koshi Basin,flood / water context,hydrology,,,2011-01-02t23:15:00.000z,2011-12-30t23:15:00.000z,As needed,Creative Commons Attribution 4.0 International (CC BY 4.0),ICIMOD,2014-04-24,2204,Livestock; Agriculture; Koshi Basin; Nepal; India; China; Farming,85.0238,25.3334,88.9502,29.1382,true,https://rds.icimod.org/Home/DataDetail?metadataId=9234,Spatial extent overlaps Nepal; Explicitly mentions Nepal; Open license (CC BY)
852,56,medium,9231,715bc08a-eccc-4c1b-bf8c-783c0b3c8d27,Agriculture Production of Koshi Basin,flood / water context,hydrology,,,2011-01-02t23:15:00.000z,2011-12-30t23:15:00.000z,As needed,Creative Commons Attribution 4.0 International (CC BY 4.0),ICIMOD,2014-04-24,4607,Cereals; Vegetables; Cash crops; Agriculture; Basin; Koshi Basin; Nepal; India; China; Farming,85.0238,25.3334,88.9502,29.1382,true,https://rds.icimod.org/Home/DataDetail?metadataId=9231,Spatial extent overlaps Nepal; Explicitly mentions Nepal; Open license (CC BY)
853,56,medium,30719,c61e9d80-33f2-43a8-9910-2c0072ffc64d,The checklist of birds of the Kailash Sacred Landscape(KSL) - Nepal,none,,,,2026-05-08t18:14:59.000z,2026-05-08t18:14:59.000z,As needed,Creative Commons Attribution 4.0 International (CC BY 4.0),ICIMOD,2016-11-14,1900,Birds; Biodiversity; Avifauna; Kailash Sacred Landscape; Nepal; Baitadi; Bhajhang; Darchula; Humla; Biota,80.241555,29.308555,82.241555,30.44739,true,https://rds.icimod.org/Home/DataDetail?metadataId=30719,Spatial extent overlaps Nepal; Explicitly mentions Nepal; Recent temporal coverage (≥2020); Open license (CC BY)
854,56,medium,30727,d94a677f-d0d1-4e97-a4a8-9196cf0e87c8,The checklist of medicinal plants of the Kailash Sacred Landscape(KSL) - Nepal,none,,,m,2026-05-08t18:14:59.000z,2026-05-08t18:14:59.000z,As needed,Creative Commons Attribution 4.0 International (CC BY 4.0),ICIMOD,2016-11-14,4403,Medicinal plants; Biodiversity; Flora; NTFP; Kailash Sacred Landscape; Nepal; Baitadi; Bhajhang; Darchula; Humla; Biota,80.241555,29.308555,82.241555,30.44739,true,https://rds.icimod.org/Home/DataDetail?metadataId=30727,Spatial extent overlaps Nepal; Explicitly mentions Nepal; Recent temporal coverage (≥2020); Open license (CC BY)
855,56,medium,22051,44c150c9-6aae-4700-b667-bfe690760bce,Sacred Natural Sites of Kailash Sacred Landscape in India,none,,Vector,,2026-05-08t18:14:59.000z,2026-05-08t18:14:59.000z,As needed,Creative Commons Attribution 4.0 International (CC BY 4.0),ICIMOD,2014-04-25,1604,Kailash; Sacred; Landscape; Natural Sites; India; Nepal; China; Geoscientific information,80.03098,29.44483,80.87583,30.52883,true,https://rds.icimod.org/Home/DataDetail?metadataId=22051,Spatial extent overlaps Nepal; Explicitly mentions Nepal; Recent temporal coverage (≥2020); Open license (CC BY)
856,56,medium,22053,12f464be-1009-433b-b4d9-749ee837412f,Peak of Kailash Sacred Landscape.,none,,Vector,,2026-05-08t18:14:59.000z,2026-05-08t18:14:59.000z,As needed,Creative Commons Attribution 4.0 International (CC BY 4.0),ICIMOD,2015-07-06,3155,Kailash; Peak; Landscape; India; Nepal; China; Geoscientific information,79.71822,29.82427,82.29751,31.06766,true,https://rds.icimod.org/Home/DataDetail?metadataId=22053,Spatial extent overlaps Nepal; Explicitly mentions Nepal; Recent temporal coverage (≥2020); Open license (CC BY)
857,56,medium,23572,9179a247-4f43-419a-88e3-e222b9b45607,Protected Areas of the Kangchenjunga Landscape,none,,Vector,100000,2026-05-08t18:14:59.000z,2026-05-08t18:14:59.000z,As needed,Creative Commons Attribution 4.0 International (CC BY 4.0),ICIMOD,2015-10-12,2067,Ecosystems; Landscape; Biodiversity; Kangchenjunga Landscape; Bhutan; India; Nepal; Protected Areas; Economy,87.503157,26.333527,90.040662,28.139525,true,https://rds.icimod.org/Home/DataDetail?metadataId=23572,Spatial extent overlaps Nepal; Explicitly mentions Nepal; Recent temporal coverage (≥2020); Open license (CC BY)
858,56,medium,23555,5406daea-be76-40b2-8614-092b625064f6,Proposed conservation corridors of the Kangchenjunga Landscape,none,,Vector,100000,2026-05-08t18:14:59.000z,2026-05-08t18:14:59.000z,As needed,Creative Commons Attribution 4.0 International (CC BY 4.0),ICIMOD,2015-10-12,1721,Ecosystems; Landscape; Biodiversity; Kangchenjunga Landscape; Bhutan; India; Nepal; Conservation Corridors; Economy,87.503157,26.333527,90.040662,28.139525,true,https://rds.icimod.org/Home/DataDetail?metadataId=23555,Spatial extent overlaps Nepal; Explicitly mentions Nepal; Recent temporal coverage (≥2020); Open license (CC BY)
859,56,medium,23571,aff16574-d82d-42f7-98c4-56477bf73c55,Boundary of the Kangchenjunga Landscape,none,,Vector,100000,2026-05-08t18:14:59.000z,2026-05-08t18:14:59.000z,As needed,Creative Commons Attribution 4.0 International (CC BY 4.0),ICIMOD,2015-10-12,2715,Ecosystems; Landscape; Biodiversity; Boundaries; Kangchenjunga Landscape; Bhutan; India; Nepal; Boundaries,87.50316,26.33353,90.04066,28.13953,true,https://rds.icimod.org/Home/DataDetail?metadataId=23571,Spatial extent overlaps Nepal; Explicitly mentions Nepal; Recent temporal coverage (≥2020); Open license (CC BY)
860,56,medium,31159,6ea8f0e2-8fb8-4d78-8b2e-fe1c1639dd6b,Major cultural and historical sites in Kaiash Sacred Landscape,none,,,m,2026-05-08t18:14:59.000z,2026-05-08t18:14:59.000z,As needed,Creative Commons Attribution 4.0 International (CC BY 4.0),ICIMOD,2016-11-23,2869,Monastry; Temple; Dharmashala; Mount Kailash; Lake Mansarovar; Lake Rakshastal; Kailash Sacred Landscape; Nepal; Baitadi; Humla; Darchula; Pithoragarh; Pulan County; China; India; Bajhang; Geoscientific information,80.05,29.522683,81.874867,31.066667,true,https://rds.icimod.org/Home/DataDetail?metadataId=31159,Spatial extent overlaps Nepal; Explicitly mentions Nepal; Recent temporal coverage (≥2020); Open license (CC BY)
861,56,medium,30722,b099c001-83c9-49ef-a5b7-a01025eb0e2e,The checklist of mammals of the Kailash Sacred Landscape(KSL) - Nepal,none,,,m,2026-05-08t18:14:59.000z,2026-05-08t18:14:59.000z,As needed,Creative Commons Attribution 4.0 International (CC BY 4.0),ICIMOD,2016-11-14,3565,Mammal; Biodiversity; Fauna; Kailash Sacred Landscape; Nepal; Baitadi; Bhajhang; Darchula; Humla; Biota,80.241555,29.308555,82.241555,30.44739,true,https://rds.icimod.org/Home/DataDetail?metadataId=30722,Spatial extent overlaps Nepal; Explicitly mentions Nepal; Recent temporal coverage (≥2020); Open license (CC BY)
862,56,medium,35998,b17f022e-7a7b-484c-b529-342a19f8366b,Mammals of the Kangchenjunga Landscape,none,,"Text, table",,2017-01-01t00:00:00.000z,2017-01-01t00:00:00.000z,Unknown,Creative Commons Attribution 4.0 International (CC BY 4.0) | GBPNIHESD. (2014). Feasibility Assessment Report KL-India. ,ICIMOD,2019-02-04,6200,Mammals; Biodiversity; Kangchenjunga Landscape; Eastern Nepal; Sikkim and West Bengal; India; Western Bhutan; HKH-BIF; Biota,87.508,26.361,90.408,28.13,true,https://rds.icimod.org/Home/DataDetail?metadataId=35998,Spatial extent overlaps Nepal; Explicitly mentions Nepal; Open license (CC BY)
863,56,medium,36000,53bbae08-1a8b-4776-92c8-389ac7819dd3,Reptiles of the Kangchenjunga Landscape,none,,"Text, table",,2017-01-01t00:00:00.000z,2017-01-01t00:00:00.000z,Unknown,Creative Commons Attribution 4.0 International (CC BY 4.0) | GBPNIHESD. (2014). Feasibility Assessment Report KL-India. ,ICIMOD,2019-02-04,3652,Fishes; Biodiversity; Ichthyofauna; Kangchenjunga Landscape; Eastern Nepal; Sikkim and West Bengal; India; Western Bhutan; HKH-BIF; Biota,87.508,26.361,90.408,28.13,true,https://rds.icimod.org/Home/DataDetail?metadataId=36000,Spatial extent overlaps Nepal; Explicitly mentions Nepal; Open license (CC BY)
864,56,medium,35991,907efd96-944d-44de-ae92-b1aee588682c,Rhododendrons of the Kangchenjunga Landscape,none,,"Text, table",,2017-01-01t00:00:00.000z,2017-01-01t00:00:00.000z,Unknown,Creative Commons Attribution 4.0 International (CC BY 4.0) | GBPNIHESD. (2014). Feasibility Assessment Report KL-India. ,ICIMOD,2019-02-04,4680,Rhododendron; Ericaceae; Biodiversity; Flora; Kangchenjunga Landscape; Eastern Nepal; Sikkim and West Bengal; India; Western Bhutan; HKH-BIF; Biota,87.508,26.361,90.408,28.13,true,https://rds.icimod.org/Home/DataDetail?metadataId=35991,Spatial extent overlaps Nepal; Explicitly mentions Nepal; Open license (CC BY)
865,56,medium,30937,d4de2092-4b47-4796-8c3f-e9d6c9b80728,"Biophysical (Forest carbon) data of community forest in Charnawati for the year 2010, 2011, 2012 and 2013",flood / water context,hydrology,"Text, table",,2009-12-31t23:15:00.000z,2013-12-30t23:15:00.000z,As needed,Creative Commons Attribution 4.0 International (CC BY 4.0),"ICIMOD, ANSAB and FECOFUN",2013-12-31,4379,Carbon Stock; Dense and Sparse; Watershed; Sample plot; Community Forest; Dolakha; Charnawati; Nepal; Geoscientific information,85.93327,27.58945,86.075213,27.74575,true,https://rds.icimod.org/Home/DataDetail?metadataId=30937,Spatial extent overlaps Nepal; Explicitly mentions Nepal; Open license (CC BY)
866,56,medium,30939,4af2f8a2-e1ca-4066-a8b3-4a01389ee7ca,"Biophysical (Forest carbon) data of community forest in Ludi Khola for the year 2010, 2011, 2012 and 2013",flood / water context,hydrology,"Text, table",,2009-12-31t23:15:00.000z,2013-12-30t23:15:00.000z,As needed,Creative Commons Attribution 4.0 International (CC BY 4.0),"ICIMOD, ANSAB and FECOFUN",2013-12-31,4346,Carbon Stock; Dense and Sparse; Watershed; Sample plot; Community Forest; Gorkha; Ludi Khola; Nepal; Geoscientific information,84.55431,27.92033,84.55431,27.99439,true,https://rds.icimod.org/Home/DataDetail?metadataId=30939,Spatial extent overlaps Nepal; Explicitly mentions Nepal; Open license (CC BY)
867,56,medium,35993,072cefe5-3c2e-493e-bd87-88736dfa41ef,Birds of the Kangchenjunga Landscape,none,,"Text, table",,2017-01-01t00:00:00.000z,2017-01-01t00:00:00.000z,Unknown,Creative Commons Attribution 4.0 International (CC BY 4.0) | GBPNIHESD. (2014). Feasibility Assessment Report KL-India. ,ICIMOD,2019-02-04,4739,Birds; Biodiversity; Avifauna; Kangchenjunga Landscape; Eastern Nepal; Sikkim and West Bengal; India; Western Bhutan; HKH-BIF; Biota,87.508,26.361,90.408,28.13,true,https://rds.icimod.org/Home/DataDetail?metadataId=35993,Spatial extent overlaps Nepal; Explicitly mentions Nepal; Open license (CC BY)
868,56,medium,31153,1c7d9ca5-f0c8-44b4-afdf-10a9715f6ca5,500 meters interval of Contour profile of Kailash Sacred Landscape,none,,,m,2026-05-08t18:14:59.000z,2026-05-08t18:14:59.000z,As needed,Creative Commons Attribution 4.0 International (CC BY 4.0),ICIMOD,2016-11-29,2503,Contours; India; Nepal; China; Kailash Sacred Landscape; Geoscientific information,79.852669,29.310326,82.4966,31.211838,true,https://rds.icimod.org/Home/DataDetail?metadataId=31153,Spatial extent overlaps Nepal; Explicitly mentions Nepal; Recent temporal coverage (≥2020); Open license (CC BY)
869,56,medium,22054,57cceaf5-8e16-4a6c-b030-9119ea87957d,Touristic Place of Kailash Sacred Landscape,none,,Vector,,2026-05-08t18:14:59.000z,2026-05-08t18:14:59.000z,As needed,Creative Commons Attribution 4.0 International (CC BY 4.0),ICIMOD,2015-07-06,1458,Kailash; Touristic; Landscape; India; Nepal; China,80.29536,29.41077,82.07182,30.82879,true,https://rds.icimod.org/Home/DataDetail?metadataId=22054,Spatial extent overlaps Nepal; Explicitly mentions Nepal; Recent temporal coverage (≥2020); Open license (CC BY)
870,56,medium,35995,7d38e8e7-8ed5-4ddd-87a2-0144a05937c6,Fishes of the Kangchenjunga Landscape,none,,"Text, table",,2017-01-17t18:15:00.000z,2017-12-17t18:15:00.000z,Unknown,Creative Commons Attribution 4.0 International (CC BY 4.0),ICIMOD,2019-02-04,5036,Ichthyofauna; Fishes; Biodiversity; Kangchenjunga Landscape; Eastern Nepal; India; Western Bhutan; Sikkim and West Bengal; HKH-BIF; Biota,87.508,26.361,90.408,28.13,true,https://rds.icimod.org/Home/DataDetail?metadataId=35995,Spatial extent overlaps Nepal; Explicitly mentions Nepal; Open license (CC BY)
871,56,medium,1973237,27a85c69-fc9d-4ebe-b9c1-ef4a8356b778,Mountain Regions in Bhutan,terrain / base map,terrain_landcover,Grid,30 m,,,As needed,Creative Commons Attribution 4.0 International (CC BY 4.0),ICIMOD,2025-09-25,1816,mountain classification; mountain; Bhutan; Geoscientific information,88.7519,26.7036,92.1142,28.325,false,https://rds.icimod.org/Home/DataDetail?metadataId=1973237,Spatial extent overlaps HKH region; Open license (CC BY)
872,56,medium,35994,c191fe77-15d7-427f-bbdf-3d60c383f22e,Butterflies of the Kangchenjunga Landscape,none,,"Text, table",,2017-01-01t00:00:00.000z,2017-01-01t00:00:00.000z,Unknown,Creative Commons Attribution 4.0 International (CC BY 4.0) | GBPNIHESD. (2014). Feasibility Assessment Report KL-India. ,ICIMOD,2019-02-04,5103,Butterflies; Biodiversity; Kangchenjunga Landscape; Eastern Nepal; Sikkim and West Bengal; India; Western Bhutan; HKH-BIF; Biota,87.508,26.361,90.408,28.13,true,https://rds.icimod.org/Home/DataDetail?metadataId=35994,Spatial extent overlaps Nepal; Explicitly mentions Nepal; Open license (CC BY)
873,56,medium,9238,84fa373e-7711-46a4-a38c-7f5f4bd9934d,Population Growth Estimates of Koshi Basin,flood / water context,hydrology,,,2001-01-01t10:08:00.000z,2011-01-01t10:08:00.000z,As needed,Only access to partners,ICIMOD,2014-04-29,4224,Population Growth; Population estimates; Basin; Koshi Basin; Nepal; India; China; Society,85.0238,25.3334,88.9502,29.1382,true,https://rds.icimod.org/Home/DataDetail?metadataId=9238,Spatial extent overlaps Nepal; Explicitly mentions Nepal; Long temporal baseline (≥10 years)
874,56,medium,1972699,664c00ff-60b4-4f3c-ab7d-379052436e1e,Alien Flora of Nepal at KATH,none,,"Text, table",,1926-03-05t18:30:00.000z,2018-06-13t18:15:00.000z,Unknown,KATH (National Herbarium and Plant Laboratories) (2020): Alien Flora of Nepal at KATH. v1.2. Department of Plant Resourc,KATH (National Herbarium and Plant Laboratories),2019-07-30,2733,Occurrence; Biodiversity; Flora; Alien Flora; Specimen; Nepal; HKH-BIF; Biota,79.958,26.274,88.264,30.487,true,https://rds.icimod.org/Home/DataDetail?metadataId=1972699,Spatial extent overlaps Nepal; Explicitly mentions Nepal; Long temporal baseline (≥10 years)
875,56,medium,31123,cd6262ec-b0b0-44af-aa47-991096986d71,100 meters interval of Contour profile of Kailash Sacred Landscape,none,,,m,2026-05-08t18:14:59.000z,2026-05-08t18:14:59.000z,As needed,Creative Commons Attribution 4.0 International (CC BY 4.0),ICIMOD,2016-11-29,2477,Contours; India; Nepal; China; Kailash Sacred Landscape; Geoscientific information,79.850535,29.308469,82.497087,31.211744,true,https://rds.icimod.org/Home/DataDetail?metadataId=31123,Spatial extent overlaps Nepal; Explicitly mentions Nepal; Recent temporal coverage (≥2020); Open license (CC BY)
876,56,medium,2660,399e9d7d-b1c7-46af-a48c-bf088421ae21,Land System of Nepal 1984,none,,Vector,50000,2026-05-08t18:14:59.000z,2026-05-08t18:14:59.000z,As needed,Creative Commons Attribution 4.0 International (CC BY 4.0),ICIMOD,2007-08-29,2501,Land system; Land Resource Mapping; LRMP; Nepal; Environment,80.0522,26.36836,88.19456,30.42472,true,https://rds.icimod.org/Home/DataDetail?metadataId=2660,Spatial extent overlaps Nepal; Explicitly mentions Nepal; Recent temporal coverage (≥2020); Open license (CC BY)
877,56,medium,31036,1bf5197c-22fd-40c2-8776-50a4f8fbf918,"Village boundary of Kailash Sacred Landscape, Nepal",none,,,m,2026-05-08t18:14:59.000z,2026-05-08t18:14:59.000z,As needed,Creative Commons Attribution 4.0 International (CC BY 4.0),ICIMOD,2016-11-29,4286,Village Development Committee (VDC); Boundaries; Village Development Committee (VDC); Boundaries; Baitadi; Bajhang; Darchula; Humla; Nepal; Boundaries,80.241555,29.308555,82.497496,30.44739,true,https://rds.icimod.org/Home/DataDetail?metadataId=31036,Spatial extent overlaps Nepal; Explicitly mentions Nepal; Recent temporal coverage (≥2020); Open license (CC BY)
878,56,medium,9235,9b2aa95f-9c42-4b42-a840-669403459afa,Livestock Production of Koshi Basin,flood / water context,hydrology,,,2010-12-31t23:15:00.000z,2011-12-30t23:15:00.000z,As needed,Creative Commons Attribution 4.0 International (CC BY 4.0),ICIMOD,2014-04-24,2373,Livestock Farming; Animal products; Basin; Agriculture; Koshi Basin; Nepal; India; China; Farming,85.0238,25.3334,88.9502,29.1382,true,https://rds.icimod.org/Home/DataDetail?metadataId=9235,Spatial extent overlaps Nepal; Explicitly mentions Nepal; Open license (CC BY)
879,56,medium,9873,276e5dfe-42a3-4ad6-a08d-bbf982c8311c,Land Cover of Bhutan 1990,terrain / base map,terrain_landcover; remote_sensing,,50000,2026-05-08t18:14:59.000z,2026-05-08t18:14:59.000z,As needed,Creative Commons Attribution 4.0 International (CC BY 4.0),ICIMOD,2011-12-27T11:31:00,44291,Land cover; Land use; servircat; icimod-servir; Bhutan; Geoscientific information,88.75194,26.70361,92.11422,28.325,false,https://rds.icimod.org/Home/DataDetail?metadataId=9873,Spatial extent overlaps HKH region; Recent temporal coverage (≥2020); Open license (CC BY); High portal popularity
880,56,medium,31156,26e5bffa-1d32-4454-95b4-6703c75803e8,Aspect of Kailash Sacred Landscape,none,,,m,2026-05-08t18:14:59.000z,2026-05-08t18:14:59.000z,As needed,Creative Commons Attribution 4.0 International (CC BY 4.0),ICIMOD,2016-11-29,1732,Aspect; India; Nepal; Bajhang; Darchula; Humla; China; Kailash Sacred Landscape; Pulan; Pithoragarh; Baitadi; Geoscientific information,79.84997,29.30828,82.49747,31.21162,true,https://rds.icimod.org/Home/DataDetail?metadataId=31156,Spatial extent overlaps Nepal; Explicitly mentions Nepal; Recent temporal coverage (≥2020); Open license (CC BY)
881,56,medium,22037,7e225f66-26bf-4fce-bf83-161a70fdef40,Boundary of Kailash Sacred Landscape,none,,Vector,,2026-05-08t18:14:59.000z,2026-05-08t18:14:59.000z,As needed,Creative Commons Attribution 4.0 International (CC BY 4.0),ICIMOD,2015-07-06,3517,Kailash; Boundaries; Landscape; India; Nepal; China; Boundaries,79.8217,29.30855,82.4974,31.2118,true,https://rds.icimod.org/Home/DataDetail?metadataId=22037,Spatial extent overlaps Nepal; Explicitly mentions Nepal; Recent temporal coverage (≥2020); Open license (CC BY)
882,56,medium,2521,e0e362b7-0da2-46b3-9323-f301d3b281b5,Geology of Nepal,none,,Vector,1000000,2026-05-08t18:14:59.000z,2026-05-08t18:14:59.000z,As needed,Creative Commons Attribution 4.0 International (CC BY 4.0),ICIMOD,2007-10-17,7063,Geology; Geological structure; Nepal; Environment,80.0522,26.36836,88.19456,30.42472,true,https://rds.icimod.org/Home/DataDetail?metadataId=2521,Spatial extent overlaps Nepal; Explicitly mentions Nepal; Recent temporal coverage (≥2020); Open license (CC BY)
883,56,medium,35999,ea625829-4008-4507-82cf-2ed191db0435,Non Timber Forest Products (NTFPs) of the Kangchenjunga Landscape,none,,"Text, table",,2017-01-01t00:00:00.000z,2017-01-01t00:00:00.000z,Unknown,Creative Commons Attribution 4.0 International (CC BY 4.0) | GBPNIHESD. (2014). Feasibility Assessment Report KL-India. ,ICIMOD,2019-02-04,5677,Non Timber Forest Products (NTFPs); Biodiversity; Kangchenjunga Landscape; Eastern Nepal; Sikkim and West Bengal; India; Western Bhutan; HKH-BIF; Biota,87.508,26.361,90.408,28.13,true,https://rds.icimod.org/Home/DataDetail?metadataId=35999,Spatial extent overlaps Nepal; Explicitly mentions Nepal; Open license (CC BY)
884,56,medium,9872,ba1e2feb-bf9f-4ee7-b8b9-3606d32d88ce,Land Cover of Bhutan 2000,terrain / base map,terrain_landcover; remote_sensing,,50000,2026-05-08t18:14:59.000z,2026-05-08t18:14:59.000z,As needed,Creative Commons Attribution 4.0 International (CC BY 4.0),ICIMOD,2011-12-27T11:31:00,47608,Land cover; Land use; servircat; icimod-servir; Bhutan; Geoscientific information,88.75194,26.70361,92.11422,28.325,false,https://rds.icimod.org/Home/DataDetail?metadataId=9872,Spatial extent overlaps HKH region; Recent temporal coverage (≥2020); Open license (CC BY); High portal popularity
885,56,medium,22038,f9d9df97-825b-4499-96c4-13536695ed3b,Gloria site of Kailash Sacred Landscape,none,,Vector,,2026-05-08t18:14:59.000z,2026-05-08t18:14:59.000z,As needed,Creative Commons Attribution 4.0 International (CC BY 4.0),ICIMOD,2015-07-06,2670,Kailash; Gloria Site; Landscape; India; Nepal; China,80.652,29.950499999999998,81.7247,30.1666,true,https://rds.icimod.org/Home/DataDetail?metadataId=22038,Spatial extent overlaps Nepal; Explicitly mentions Nepal; Recent temporal coverage (≥2020); Open license (CC BY)
886,56,medium,23566,0e742adb-3167-4ed8-beae-2d2cd6f24af9,Ecoregions of the Kangchenjunga Landscape,none,,Vector,100000,2026-05-08t18:14:59.000z,2026-05-08t18:14:59.000z,As needed,Creative Commons Attribution 4.0 International (CC BY 4.0),ICIMOD,2015-10-12,4642,Ecosystems; Landscape; Biodiversity; Ecoregions; Kangchenjunga Landscape; Bhutan; India; Nepal; Economy,87.503157,26.333527,90.040662,28.139525,true,https://rds.icimod.org/Home/DataDetail?metadataId=23566,Spatial extent overlaps Nepal; Explicitly mentions Nepal; Recent temporal coverage (≥2020); Open license (CC BY)
887,56,medium,35997,7406779b-ee85-4863-a948-580076e2f104,Insects of the Kangchenjunga Landscape,none,,"Text, table",,2017-01-01t00:00:00.000z,2017-01-01t00:00:00.000z,Unknown,Creative Commons Attribution 4.0 International (CC BY 4.0) | GBPNIHESD. (2014). Feasibility Assessment Report KL-India. ,ICIMOD,2019-02-04,5265,Insects; Biodiversity; Kangchenjunga Landscape; Eastern Nepal; Sikkim and West Bengal; India; Western Bhutan; HKH-BIF; Biota,87.508,26.361,90.408,28.13,true,https://rds.icimod.org/Home/DataDetail?metadataId=35997,Spatial extent overlaps Nepal; Explicitly mentions Nepal; Open license (CC BY)
888,55,medium,36032,fa73ac75-af14-498d-b214-886730df572e,Habitat suitability data for the takin,satellite validation,remote_sensing,,100000,2026-05-08t18:14:59.000z,2026-05-08t18:14:59.000z,As needed,Creative Commons Attribution 4.0 International (CC BY 4.0),ICIMOD,2019-04-30,4702,Habitat Suitability; HILIFE; Transboundary Landscape; Threatened Species; Takin; Protected Areas; Far Eastern Himalayan Landscape; Myanmar; China; India; Biota,95.453438,24.62791,99.13769,28.543260000000004,false,https://rds.icimod.org/Home/DataDetail?metadataId=36032,Spatial extent overlaps HKH region; Recent temporal coverage (≥2020); Open license (CC BY)
889,55,medium,36033,4d0e4363-2065-4686-a6d5-7f94b7aa99c6,Habitat suitability data for the Himalayan black bear,satellite validation,remote_sensing,,100000,2026-05-08t18:14:59.000z,2026-05-08t18:14:59.000z,As needed,Creative Commons Attribution 4.0 International (CC BY 4.0),ICIMOD,2019-04-30,4405,Habitat Suitability; HILIFE; Transboundary Landscape; Threatened Species; Himalayan Black Bear; Far Eastern Himalayan Landscape; Myanmar; China; India; Protected Areas; Biota,95.453438,24.62791,99.13769,28.543260000000004,false,https://rds.icimod.org/Home/DataDetail?metadataId=36033,Spatial extent overlaps HKH region; Recent temporal coverage (≥2020); Open license (CC BY)
890,55,medium,36035,83cc3053-15b4-4eea-a786-17fa979733d0,Habitat suitability data for the red panda,satellite validation,remote_sensing,,100000,2026-05-08t18:14:59.000z,2026-05-08t18:14:59.000z,As needed,Creative Commons Attribution 4.0 International (CC BY 4.0),ICIMOD,2019-04-30,9777,Habitat Suitability; HILIFE; Transboundary Landscape; Threatened Species; Red Panda; Far Eastern Himalayan Landscape; Myanmar; China; India; Protected Areas; Biota,95.453438,24.62791,99.13769,28.543260000000004,false,https://rds.icimod.org/Home/DataDetail?metadataId=36035,Spatial extent overlaps HKH region; Recent temporal coverage (≥2020); Open license (CC BY)
891,55,medium,22501,80fb8523-0d9b-4505-8b2c-2315e2ad285f,Surface Ozone data of SUSKAT campaign of different stations,route / travel UX,route_context,"Text, table",,2013-01-31t18:15:00.000z,2014-06-30t18:15:00.000z,,,ICIMOD,2015-08-06,1916,Ozone; SUSKAT; Bode; Pakanajol; Nepal; Environment,85.2,27.6,85.55,27.7,true,https://rds.icimod.org/Home/DataDetail?metadataId=22501,Spatial extent overlaps Nepal; Explicitly mentions Nepal
892,55,medium,22497,545c673a-f928-40c7-969d-09520ba82c11,Aerosol absortion data of SUSKAT campaign of Bode stations,route / travel UX,route_context,"Text, table",,2012-12-20t18:15:00.000z,2013-01-26t18:15:00.000z,,,ICIMOD,2015-08-06,4622,Aerosol; Absortion; Bode; Bhaktapur; Nepal; Environment,85.59,27.68,85.59,27.68,true,https://rds.icimod.org/Home/DataDetail?metadataId=22497,Spatial extent overlaps Nepal; Explicitly mentions Nepal
893,55,medium,22498,fd075235-a75d-48b1-bd29-bbd4134c241b,Black Carbon data of SUSKAT campaign of different stations,route / travel UX,route_context,"Text, table",,2012-11-30t18:15:00.000z,2013-06-29t18:15:00.000z,,,ICIMOD,2015-08-06,4786,Aerosol; Black Carbon; Bode; Bhimdhunga; Nepal; Nagarkot; Naikhandi; Pakanajol; Lumbini; Environment,83.27,27.48,85.55,27.7,true,https://rds.icimod.org/Home/DataDetail?metadataId=22498,Spatial extent overlaps Nepal; Explicitly mentions Nepal
894,55,medium,22500,8c53b892-0e83-4d4a-ab56-c1eb77b7e38e,Aerosol scatter and backscatter data of SUSKAT campaign of Bode stations,route / travel UX,route_context,"Text, table",,2012-12-20t18:15:00.000z,2013-01-26t18:15:00.000z,,,ICIMOD,2015-08-06,4517,Aerosol; Scatter; Backscatter; Bode; Bhaktapur; Nepal; Environment,85.39,27.68,85.39,27.68,true,https://rds.icimod.org/Home/DataDetail?metadataId=22500,Spatial extent overlaps Nepal; Explicitly mentions Nepal
895,55,medium,1972576,d5851335-3f7f-4b13-b9e5-e7e2e6b0c2d4,Habitat suitability data for the Eastern hoolock gibbon,satellite validation,remote_sensing,,100000,2015-08-31t18:15:00.000z,2021-02-27t18:15:00.000z,As needed,Creative Commons Attribution 4.0 International (CC BY 4.0),ICIMOD,2021-03-30,5094,Habitat Suitability; HILIFE; Transboundary Landscape; Eastern hoolock gibbon; Protected Areas; Far Eastern Himalayan Landscape; Myanmar; China; India; Biota,95.4534,24.6279,99.1376,28.5432,false,https://rds.icimod.org/Home/DataDetail?metadataId=1972576,Spatial extent overlaps HKH region; Recent temporal coverage (≥2020); Open license (CC BY)
896,55,medium,22502,b65b46c3-1c7a-4f03-a0b4-1d95f3dfb302,Volatile Organic Compounds data of SUSKAT campaign of Bode stations,route / travel UX,route_context,"Text, table",,2012-12-18t18:15:00.000z,2013-01-29t18:15:00.000z,,,ICIMOD,2015-08-06,4527,Volatile Organic Compounds; VOC; Bode; Bhaktapur; Nepal; Environment,85.39,27.68,85.39,27.68,true,https://rds.icimod.org/Home/DataDetail?metadataId=22502,Spatial extent overlaps Nepal; Explicitly mentions Nepal
897,55,medium,36034,25a93076-64e0-4e96-b9f0-799c6c86bee1,Habitat suitability data for the leaf deer,satellite validation,remote_sensing,,100000,2026-05-08t18:14:59.000z,2026-05-08t18:14:59.000z,As needed,Creative Commons Attribution 4.0 International (CC BY 4.0),ICIMOD,2019-04-30,7206,Habitat Suitability; HILIFE; Transboundary Landscape; Threatened Species; Leaf Deer; Far Eastern Himalayan Landscape; Myanmar; China; India; Protected Areas; Biota,95.453438,24.62791,99.13769,28.543260000000004,false,https://rds.icimod.org/Home/DataDetail?metadataId=36034,Spatial extent overlaps HKH region; Recent temporal coverage (≥2020); Open license (CC BY)
898,54,medium,9145,0b4493fc-6cb9-473f-b9a8-6e0b3354f4c9,"Camping site locations in Central Karakoram National Park(CKNP), Pakistan.",route / travel UX,route_context,Vector,20000 m,2026-05-08t18:14:59.000z,2026-05-08t18:14:59.000z,Not planned,"The content of this website can be accessed, printed and downloaded in an unaltered form (altered including being stretc",ICIMOD,2012-10-31,1570,Camping Sites; Tourism; Central Karakoram National Park (CKNP); Pakistan,74.557274,35.320937,76.703098,36.476494,false,https://rds.icimod.org/Home/DataDetail?metadataId=9145,Spatial extent overlaps HKH region; Recent temporal coverage (≥2020)
899,54,medium,261,80e1c9aa-dc94-4d30-b67a-a1c92ddb5f04,River Basins of China,flood / water context,hydrology,Grid,1000000,2026-05-08t18:14:59.000z,2026-05-08t18:14:59.000z,As needed,"The content of this website can be accessed, printed and downloaded in an unaltered form (altered including being stretc",ICIMOD,2008-06-30T07:27:00,2747,River Basin; Water resource management; China; Boundaries,73.62,18.1689,134.768,53.5537,true,https://rds.icimod.org/Home/DataDetail?metadataId=261,Spatial extent overlaps Nepal; Recent temporal coverage (≥2020)
900,54,medium,28607,23686841-882f-4317-8d07-7c01226a99ca,Active Fire Incidents in Bhutan,route hazard / safety,hazard; terrain_landcover; remote_sensing,Vector,25000,2012-01-31t18:15:00.000z,2016-02-28t18:15:00.000z,As needed,"Creative Commons Attribution 4.0 International (CC BY 4.0) | Users are permitted to copy, use, adapt, and redistribute S",ICIMOD,2012-03-01T00:00:00,46853,MODIS; Active fire; Forest fire; Disaster; servircat; icimod-servir; Bhutan; Location,88.7519,26.7036,92.11422,28.325,false,https://rds.icimod.org/Home/DataDetail?metadataId=28607,Spatial extent overlaps HKH region; Open license (CC BY); High portal popularity
901,54,medium,8732,0f32e7ce-2aa2-491c-973d-55746db7d749,Soil of Gokyo Nepal,none,,Grid,100000,2026-05-08t18:14:59.000z,2026-05-08t18:14:59.000z,As needed,"The content of this website can be accessed, printed and downloaded in an unaltered form (altered including being stretc",ICIMOD,2011-07-18T00:00:00,2402,Soil; Geology; Gokyo; Nepal; Environment,86.36,27.56,86.44,28.04,true,https://rds.icimod.org/Home/DataDetail?metadataId=8732,Spatial extent overlaps Nepal; Explicitly mentions Nepal; Recent temporal coverage (≥2020)
902,53,medium,1973179,0e39f693-fbfe-4b4a-aebc-55aec7de7657,Debris cover glacier melt in the Karakoram during 2021,snowline / glacier context,cryosphere,"Text, table",,2021-07-06t18:15:00.000z,2021-07-25t18:15:00.000z,As needed,Creative Commons Attribution 4.0 International (CC BY 4.0),ICIMOD,2022-07-12,1907,Debris cover; melt rates; Glaciers; Karakoram; UIB; Pakistan; Geoscientific information,74.56,35.32,74.93,36.1,false,https://rds.icimod.org/Home/DataDetail?metadataId=1973179,Spatial extent overlaps HKH region; Recent temporal coverage (≥2020); Open license (CC BY)
903,53,medium,23221,21abc7ae-bfcd-4822-a301-6f500cf64c7d,Bioclimate data of the upper Indus basin,real-time weather / forecast,weather_climate; hydrology; route_context,Grid,30 m,2012-10-13t18:15:00.000z,2013-12-30t18:15:00.000z,As needed,"Creative Commons Attribution 4.0 International (CC BY 4.0) | Users are permitted to copy, use, adapt, and redistribute S","ICIMOD, SERVIR Himalaya",2013-11-16,43079,Rangeland; Phenology; Bioclimate; servircat; icimod-servir; geo-biodiversity; Pakistan; Upper Indus Basin; Geoscientific information,69.2371,31.0536,77.8319,37.095,false,https://rds.icimod.org/Home/DataDetail?metadataId=23221,Spatial extent overlaps HKH region; Open license (CC BY); High portal popularity
904,52,medium,17416,7db03604-a3b7-4014-be51-f23b27adec00,Whole Indus average data for year 1951 to 1960 for the month of October(Aphrodite),real-time weather / forecast,weather_climate,,,,,As needed,,ICIMOD,2011-12-09T09:36:00,1339,Aphrodite; Precipitation; Climatology; meteorology; atmosphere,66.1602,23.7048,81.8552,37.0638,true,https://rds.icimod.org/Home/DataDetail?metadataId=17416,Spatial extent overlaps Nepal
905,52,medium,17261,9e3ede6b-22d0-4b91-8b8f-efd2f21e5a83,Whole Indus average data for year 1991 to 2000 for the month of November(Aphrodite),real-time weather / forecast,weather_climate,,,,,As needed,,ICIMOD,2011-12-09T11:34:00,1264,Aphrodite; Precipitation; Climatology; meteorology; atmosphere,66.1602,23.7048,81.8552,37.0638,true,https://rds.icimod.org/Home/DataDetail?metadataId=17261,Spatial extent overlaps Nepal
906,52,medium,17394,a2abf9cf-acf1-4e42-9091-7866e23b66cb,Whole Indus average data for year 1991 to 2000 for the month of October(Aphrodite),real-time weather / forecast,weather_climate,,,,,As needed,,ICIMOD,2011-12-09T11:33:00,1154,Aphrodite; Precipitation; Climatology; meteorology; atmosphere,66.1602,23.7048,81.8552,37.0638,true,https://rds.icimod.org/Home/DataDetail?metadataId=17394,Spatial extent overlaps Nepal
907,52,medium,17283,75312526-cafa-4878-b7a4-11613cf65247,Whole Indus average data for year 1951 to 1960 for the month of September(Aphrodite),real-time weather / forecast,weather_climate,,,,,As needed,,ICIMOD,2011-12-09T09:34:00,1189,Aphrodite; Precipitation; Climatology; meteorology; atmosphere,66.1602,23.7048,81.8552,37.0638,true,https://rds.icimod.org/Home/DataDetail?metadataId=17283,Spatial extent overlaps Nepal
908,52,medium,17210,85a65237-e1f7-4dd3-96c8-5ee7d82e7eaf,Whole Indus average data for year 1961 to 1970 for the month of February(Aphrodite),real-time weather / forecast,weather_climate,,,,,As needed,,ICIMOD,2011-12-09T09:52:00,992,Aphrodite; Precipitation; Climatology; meteorology; atmosphere,66.1602,23.7048,81.8552,37.0638,true,https://rds.icimod.org/Home/DataDetail?metadataId=17210,Spatial extent overlaps Nepal
909,52,medium,17363,c61bd4c1-c94f-401b-94fc-b9cc58117c1b,Whole Indus average data for year 1981 to 1990 for the month of December(Aphrodite),real-time weather / forecast,weather_climate,,,,,As needed,,ICIMOD,2011-12-09T11:19:00,1032,Aphrodite; Precipitation; Climatology; meteorology; atmosphere,66.1602,23.7048,81.8552,37.0638,true,https://rds.icimod.org/Home/DataDetail?metadataId=17363,Spatial extent overlaps Nepal
910,52,medium,17342,63d1a337-91dd-4d39-964b-9e1a74eaf5c5,Whole Indus average data for year 1971 to 1980 for the month of April(Aphrodite),real-time weather / forecast,weather_climate,,,,,As needed,,ICIMOD,2011-12-09T10:30:00,1488,Aphrodite; Precipitation; Climatology; meteorology; atmosphere,66.1602,23.7048,81.8552,37.0638,true,https://rds.icimod.org/Home/DataDetail?metadataId=17342,Spatial extent overlaps Nepal
911,52,medium,17222,b45fd27d-9268-48dc-9b25-cfcc2a02085d,Whole Indus average data for year 1981 to 1990 for the month of June(Aphrodite),real-time weather / forecast,weather_climate,,,,,As needed,,ICIMOD,2011-12-09T10:56:00,992,Aphrodite; Precipitation; Climatology; meteorology; atmosphere,66.1602,23.7048,81.8552,37.0638,true,https://rds.icimod.org/Home/DataDetail?metadataId=17222,Spatial extent overlaps Nepal
912,52,medium,17277,242c391e-7b9d-4b78-bb33-473f4d999b82,Whole Indus average data for year 1971 to 1980 for the month of November(Aphrodite),real-time weather / forecast,weather_climate,,,,,As needed,,ICIMOD,2011-12-09T10:43:00,1196,Aphrodite; Precipitation; Climatology; meteorology; atmosphere,66.1602,23.7048,81.8552,37.0638,true,https://rds.icimod.org/Home/DataDetail?metadataId=17277,Spatial extent overlaps Nepal
913,52,medium,17380,7112a79d-4bf2-4714-a721-642bb5aee30a,Whole Indus average data for year 1971 to 1980 for the month of March(Aphrodite),real-time weather / forecast,weather_climate,,,,,As needed,,ICIMOD,,1466,Aphrodite; Precipitation; Climatology; meteorology; atmosphere,66.1602,23.7048,81.8552,37.0638,true,https://rds.icimod.org/Home/DataDetail?metadataId=17380,Spatial extent overlaps Nepal
914,52,medium,17305,e968ef7a-311b-4092-bc77-1560735fb6aa,Whole Indus average data for year 1951 to 1960 for the month of December(Aphrodite),real-time weather / forecast,weather_climate,,,,,As needed,,ICIMOD,2011-12-09T09:48:00,1419,Aphrodite; Precipitation; Climatology; meteorology; atmosphere,66.1602,23.7048,81.8552,37.0638,true,https://rds.icimod.org/Home/DataDetail?metadataId=17305,Spatial extent overlaps Nepal
915,52,medium,17289,2dc98860-3abb-4b20-9e55-807426a86659,Whole Indus average data for year 1961 to 1970 for the month of October(Aphrodite),real-time weather / forecast,weather_climate,,,,,As needed,,ICIMOD,2011-12-09T10:17:00,1429,Aphrodite; Precipitation; Climatology; meteorology; atmosphere,66.1602,23.7048,81.8552,37.0638,true,https://rds.icimod.org/Home/DataDetail?metadataId=17289,Spatial extent overlaps Nepal
916,52,medium,17375,b672200a-8fcb-469a-bdbd-7c36a87851ff,Whole Indus average data for year 1961 to 1970 for the month of June(Aphrodite),real-time weather / forecast,weather_climate,,,,,As needed,,ICIMOD,2011-12-09T10:04:00,1062,Aphrodite; Precipitation; Climatology; meteorology; atmosphere,66.1602,23.7048,81.8552,37.0638,true,https://rds.icimod.org/Home/DataDetail?metadataId=17375,Spatial extent overlaps Nepal
917,52,medium,17278,0062bd50-8626-4d70-a2e7-4ad21678e911,Whole Indus average data for year 1961 to 1970 for the month of August(Aphrodite),real-time weather / forecast,weather_climate,,,,,As needed,,ICIMOD,2011-12-09T10:07:00,1181,Aphrodite; Precipitation; Climatology; meteorology; atmosphere,66.1602,23.7048,81.8552,37.0638,true,https://rds.icimod.org/Home/DataDetail?metadataId=17278,Spatial extent overlaps Nepal
918,52,medium,17303,1e62ee6e-d634-4357-9147-c096242af98c,Whole Indus average data for year 1951 to 1960 for the month of July(Aphrodite),real-time weather / forecast,weather_climate,,,,,As needed,,ICIMOD,2011-12-09T09:24:00,1196,Aphrodite; Precipitation; Climatology; meteorology; atmosphere,66.1602,23.7048,81.8552,37.0638,true,https://rds.icimod.org/Home/DataDetail?metadataId=17303,Spatial extent overlaps Nepal
919,52,medium,17244,b80739da-942c-46a3-a5b4-3ef01f80bb7f,Whole Indus average data for year 2001 to 2007 for the month of April (Aphrodite),real-time weather / forecast,weather_climate,,,,,As needed,,ICIMOD,2011-12-09T12:12:00,1041,Aphrodite; Precipitation; Climatology; meteorology; atmosphere,66.1602,23.7048,81.8552,37.0638,true,https://rds.icimod.org/Home/DataDetail?metadataId=17244,Spatial extent overlaps Nepal
920,52,medium,17409,7d18ffb2-43f2-43a5-a78e-a2fc25455926,Whole Indus average data for year 1981 to 1990 for the month of May(Aphrodite),real-time weather / forecast,weather_climate,,,,,As needed,,ICIMOD,2011-12-09T10:55:00,1046,Aphrodite; Precipitation; Climatology; meteorology; atmosphere,66.1602,23.7048,81.8552,37.0638,true,https://rds.icimod.org/Home/DataDetail?metadataId=17409,Spatial extent overlaps Nepal
921,52,medium,18399,7ad21566-40dc-4b03-b797-de039c3d299d,"Hydrological Data of HYCOS Water Level and Rainfall Station at Gunitsawa, Bhutan",real-time weather / forecast,weather_climate; hazard,,,2011-01-22t07:00:00.000z,2013-12-31t06:00:00.000z,As needed,,ICIMOD,2014-11-11,4233,HYCOS; Flood; Rainfall; Hydrological Station; Water Level; Bhutan; Thimpu; Gunitsawa; Climatology; meteorology; atmosphere,89.286,27.601,89.286,27.601,false,https://rds.icimod.org/Home/DataDetail?metadataId=18399,Spatial extent overlaps HKH region
922,52,medium,17974,66677837-1844-49da-a011-cfd6c1670128,"Hydrological Data of HYCOS Water Level and Rainfall Station at Uzorong, Bhutan",real-time weather / forecast,weather_climate; hazard,,,2011-01-18t21:30:00.000z,2013-12-31t06:00:00.000z,As needed,,ICIMOD,2014-11-11,4398,HYCOS; Flood; Rainfall; Hydrological Station; Bhutan; Uzorong; Climatology; meteorology; atmosphere,91.41231,27.25622,91.412305555556,27.25622,false,https://rds.icimod.org/Home/DataDetail?metadataId=17974,Spatial extent overlaps HKH region
923,52,medium,17235,70a290d0-8878-4026-808c-6ccfe9c6298a,Whole Indus average data for year 1991 to 2000 for the month of August(Aphrodite),real-time weather / forecast,weather_climate,,,,,As needed,,ICIMOD,,1101,Aphrodite; Precipitation; Climatology; meteorology; atmosphere,66.1602,23.7048,81.8552,37.0638,true,https://rds.icimod.org/Home/DataDetail?metadataId=17235,Spatial extent overlaps Nepal
924,52,medium,17302,8b27ac2a-8634-4b22-b974-0a0b496f1f20,Whole Indus average data for year 1971 to 1980 for the month of October(Aphrodite),real-time weather / forecast,weather_climate,,,,,As needed,,ICIMOD,2011-12-09T10:41:00,1029,Aphrodite; Precipitation; Climatology; meteorology; atmosphere,66.1602,23.7048,81.8552,37.0638,true,https://rds.icimod.org/Home/DataDetail?metadataId=17302,Spatial extent overlaps Nepal
925,52,medium,17241,6c459d8d-dd76-4178-8733-a4d7f73604cc,Whole Indus average data for year 1991 to 2000 for the month of April(Aphrodite),real-time weather / forecast,weather_climate,,,,,As needed,,ICIMOD,2011-12-09T11:25:00,973,Aphrodite; Precipitation; Climatology; meteorology; atmosphere,66.1602,23.7048,81.8552,37.0638,true,https://rds.icimod.org/Home/DataDetail?metadataId=17241,Spatial extent overlaps Nepal
926,52,medium,17310,861eb1fd-31e8-4f5e-9b9b-d510ce4cc6e3,Whole Indus average data for year 1961 to 1970 for the month of December(Aphrodite),real-time weather / forecast,weather_climate,,,,,As needed,,ICIMOD,2011-12-09T10:22:00,1395,Aphrodite; Precipitation; Climatology; meteorology; atmosphere,66.1602,23.7048,81.8552,37.0638,true,https://rds.icimod.org/Home/DataDetail?metadataId=17310,Spatial extent overlaps Nepal
927,52,medium,17378,df72674e-1ec0-40d4-b511-2823c562508f,Whole Indus average data for year 1991 to 2000 for the month of July(Aphrodite),real-time weather / forecast,weather_climate,,,,,As needed,,ICIMOD,,1015,Aphrodite; Precipitation; Climatology; meteorology; atmosphere,66.1602,23.7048,81.8552,37.0638,true,https://rds.icimod.org/Home/DataDetail?metadataId=17378,Spatial extent overlaps Nepal
928,52,medium,9158,307671e2-0302-45b8-b295-da9f0031c305,"Ladakh Urial Habitat area of Central Karakoram National Park (CKNP), Pakistan.",terrain / base map,terrain_landcover; route_context,Vector,30 m,2026-05-08t18:14:59.000z,2026-05-08t18:14:59.000z,Not planned,"The content of this website can be accessed, printed and downloaded in an unaltered form (altered including being stretc",ICIMOD,2012-11-12,1692,Biodiversity; Animal Habitat; Ladakh Urial; Sighting point; Species; Central Karakoram National Park; Pakistan; CKNP; Biota,74.250933,35.035133,76.778271,36.641895,false,https://rds.icimod.org/Home/DataDetail?metadataId=9158,Spatial extent overlaps HKH region; Recent temporal coverage (≥2020)
929,52,medium,9161,d3c3c007-d951-41e5-814f-116b2d465db2,"Astore Markhore Habitat area of Central Karakoram National Park (CKNP), Pakistan.",terrain / base map,terrain_landcover; route_context,,30 m,2026-05-08t18:14:59.000z,2026-05-08t18:14:59.000z,Not planned,"The content of this website can be accessed, printed and downloaded in an unaltered form (altered including being stretc",ICIMOD,2012-11-12,2002,Biodiversity; Animal Habitat; Astore Markhore; Sighting point; Species; Central Karakoram National Park (CKNP); Pakistan; Biota,74.250933,35.035133,76.778271,36.641895,false,https://rds.icimod.org/Home/DataDetail?metadataId=9161,Spatial extent overlaps HKH region; Recent temporal coverage (≥2020)
930,52,medium,17995,a0f4908c-2bae-430f-8ae1-146addfbec95,"Hydrological Data of HYCOS Water Level and Rainfall Station at Trashi Yantshe, Bhutan",real-time weather / forecast,weather_climate; hazard,,,2011-01-20t07:00:00.000z,2013-12-31t06:00:00.000z,As needed,,ICIMOD,2014-11-11,1699,HYCOS; Flood; Rainfall; Hydrological Station; Water Level; Bhutan; Trashi Yantshe; Thimpu; Climatology; meteorology; atmosphere,91.49203,27.58892,91.492027777778,27.58892,false,https://rds.icimod.org/Home/DataDetail?metadataId=17995,Spatial extent overlaps HKH region
931,52,medium,17293,47f203f1-888f-4c51-8468-190f12c6baae,Whole Indus average data for year 2001 to 2007 for the month of August(Aphrodite),real-time weather / forecast,weather_climate,,,,,As needed,,ICIMOD,2011-12-09T13:27:00,1068,Aphrodite; Precipitation; Climatology; meteorology; atmosphere,66.1602,23.7048,81.8552,37.0638,true,https://rds.icimod.org/Home/DataDetail?metadataId=17293,Spatial extent overlaps Nepal
932,52,medium,17693,ab70f180-f2f8-4c4c-bea0-1e472250defb,"Hydrological Data of HYCOS Water Level and Rainfall Station at Sumpa, Bhutan",real-time weather / forecast,weather_climate; hazard,,,2011-01-20t07:00:00.000z,2013-12-31t06:00:00.000z,As needed,,ICIMOD,2014-10-29,1669,HYCOS; Flood; Rainfall; Hydrological Station; AWS; Bhutan; Sumpa; Climatology; meteorology; atmosphere,91.20575,27.66619,91.20575,27.66619,false,https://rds.icimod.org/Home/DataDetail?metadataId=17693,Spatial extent overlaps HKH region
933,52,medium,17290,9f026506-efcf-42fd-b1f5-b19eb9e03baa,Whole Indus average data for year 1991 to 2000 for the month of September(Aphrodite),real-time weather / forecast,weather_climate,,,,,As needed,,ICIMOD,,1030,Aphrodite; Precipitation; Climatology; meteorology; atmosphere,66.1602,23.7048,81.8552,37.0638,true,https://rds.icimod.org/Home/DataDetail?metadataId=17290,Spatial extent overlaps Nepal
934,52,medium,17444,e367912b-04da-4187-a9b2-dd9a94b46b4b,Whole Indus average data for year 1961 to 1970 for the month of September(Aphrodite),real-time weather / forecast,weather_climate,,,,,As needed,,ICIMOD,2011-12-09T10:13:00,984,Aphrodite; Precipitation; Climatology; meteorology; atmosphere,66.1602,23.7048,81.8552,37.0638,true,https://rds.icimod.org/Home/DataDetail?metadataId=17444,Spatial extent overlaps Nepal
935,52,medium,17269,630eb242-b64c-43d8-aa74-1d6457ffc6c2,Whole Indus average data for year 1971 to 1980 for the month of January(Aphrodite),real-time weather / forecast,weather_climate,,,,,As needed,,ICIMOD,,926,Aphrodite; Precipitation; Climatology; meteorology; atmosphere,66.1602,23.7048,81.8552,37.0638,true,https://rds.icimod.org/Home/DataDetail?metadataId=17269,Spatial extent overlaps Nepal
936,52,medium,17403,ed725c6c-672e-47cd-bdc8-2e39027e36c1,Whole Indus average data for year 2001 to 2007 for the month of October(Aphrodite),real-time weather / forecast,weather_climate,,,,,As needed,,ICIMOD,,1329,Aphrodite; Precipitation; Climatology; meteorology; atmosphere,66.1602,23.7048,81.8552,37.0638,true,https://rds.icimod.org/Home/DataDetail?metadataId=17403,Spatial extent overlaps Nepal
937,52,medium,1973069,e960b246-7863-44e2-b656-229a63e77d29,Bimonthly rainfall and spring discharge data of Godavari Landscape,real-time weather / forecast,weather_climate; hydrology,,,2017-06-30t18:15:00.000z,2019-12-30t18:15:00.000z,Not planned,Creative Commons Attribution 4.0 International (CC BY 4.0),ICIMOD,2022-03-24,1520,spring discharge; rainfall; bimonthly; Godavari; Godavari Landscape; Environment,85.3833,27.5667,85.4333,27.6167,true,https://rds.icimod.org/Home/DataDetail?metadataId=1973069,Spatial extent overlaps Nepal; Open license (CC BY)
938,52,medium,17253,cc96ac22-c3b6-4144-8a50-ee1ae80f46e3,Whole Indus average data for year 2001 to 2007 for the month of July(Aphrodite),real-time weather / forecast,weather_climate,,,,,As needed,,ICIMOD,2011-12-09T13:25:00,1433,Aphrodite; Precipitation; Climatology; meteorology; atmosphere,66.1602,23.7048,81.8552,37.0638,true,https://rds.icimod.org/Home/DataDetail?metadataId=17253,Spatial extent overlaps Nepal
939,52,medium,17411,504b3d81-a7bc-42d2-9c3b-68e970378acd,Whole Indus average data for year 1981 to 1990 for the month of March(Aphrodite),real-time weather / forecast,weather_climate,,,,,As needed,,ICIMOD,2011-12-09T10:50:00,1075,Aphrodite; Precipitation; Climatology; meteorology; atmosphere,66.1602,23.7048,81.8552,37.0638,true,https://rds.icimod.org/Home/DataDetail?metadataId=17411,Spatial extent overlaps Nepal
940,52,medium,17291,51faade3-07b8-4ec5-bc6d-c3817bd913ef,Whole Indus average data for year 1981 to 1990 for the month of February(Aphrodite),real-time weather / forecast,weather_climate,,,,,As needed,,ICIMOD,2011-12-09T10:48:00,1109,Aphrodite; Precipitation; Climatology; meteorology; atmosphere,66.1602,23.7048,81.8552,37.0638,true,https://rds.icimod.org/Home/DataDetail?metadataId=17291,Spatial extent overlaps Nepal
941,52,medium,17422,fde4f2e4-c3de-40ef-b564-b16d364f850a,Whole Indus average data for year 2001 to 2007 for the month of June(Aphrodite),real-time weather / forecast,weather_climate,,,,,As needed,,ICIMOD,2011-12-09T13:22:00,1190,Aphrodite; Precipitation; Climatology; meteorology; atmosphere,66.1602,23.7048,81.8552,37.0638,true,https://rds.icimod.org/Home/DataDetail?metadataId=17422,Spatial extent overlaps Nepal
942,52,medium,17243,7b140b76-40f7-4838-a82d-b0ce67516262,Whole Indus average data for year 1961 to 1970 for the month of May(Aphrodite),real-time weather / forecast,weather_climate,,,,,As needed,,ICIMOD,2011-12-09T10:01:00,991,Aphrodite; Precipitation; Climatology; meteorology; atmosphere,66.1602,23.7048,81.8552,37.0638,true,https://rds.icimod.org/Home/DataDetail?metadataId=17243,Spatial extent overlaps Nepal
943,52,medium,17441,92b3508e-af6a-4620-a452-00a4ee661d6a,Whole Indus average data for year 1981 to 1990 for the month of October(Aphrodite),real-time weather / forecast,weather_climate,,,,,As needed,,ICIMOD,2011-12-09T11:14:00,1036,Aphrodite; Precipitation; Climatology; meteorology; atmosphere,66.1602,23.7048,81.8552,37.0638,true,https://rds.icimod.org/Home/DataDetail?metadataId=17441,Spatial extent overlaps Nepal
944,52,medium,17266,0a8f2882-c5fc-4087-a6d1-7750db6f21ec,Whole Indus average data for year 1951 to 1960 for the month of May(Aphrodite),real-time weather / forecast,weather_climate,,,,,As needed,,ICIMOD,2011-12-09T09:16:00,909,Aphrodite; Precipitation; Climatology; meteorology; atmosphere,66.1602,23.7048,81.8552,37.0638,true,https://rds.icimod.org/Home/DataDetail?metadataId=17266,Spatial extent overlaps Nepal
945,52,medium,17248,9dbbff02-8b09-400e-9f70-0d1bed0e21f1,Whole Indus average data for year 1961 to 1970 for the month of January(Aphrodite),real-time weather / forecast,weather_climate,,,,,As needed,,ICIMOD,2011-12-09T09:50:00,1177,Aphrodite; Precipitation; Climatology; meteorology; atmosphere,66.1602,23.7048,81.8552,37.0638,true,https://rds.icimod.org/Home/DataDetail?metadataId=17248,Spatial extent overlaps Nepal
946,52,medium,17280,38544ed2-c43e-4008-a5a3-8449b3c916f2,Whole Indus average data for year 1981 to 1990 for the month of January(Aphrodite),real-time weather / forecast,weather_climate,,,,,As needed,,ICIMOD,2011-12-09T10:47:00,1054,Aphrodite; Precipitation; Climatology; meteorology; atmosphere,66.1602,23.7048,81.8552,37.0638,true,https://rds.icimod.org/Home/DataDetail?metadataId=17280,Spatial extent overlaps Nepal
947,52,medium,17440,bb223bac-78d9-49be-80d6-188e97d3c552,Whole Indus average data for year 1991 to 2000 for the month of May(Aphrodite),real-time weather / forecast,weather_climate,,,,,As needed,,ICIMOD,,1487,Aphrodite; Precipitation; Climatology; meteorology; atmosphere,66.1602,23.7048,81.8552,37.0638,true,https://rds.icimod.org/Home/DataDetail?metadataId=17440,Spatial extent overlaps Nepal
948,52,medium,17219,e928df56-fcb7-4b11-b9a4-0311d6837bb7,Whole Indus average data for year 1961 to 1970 for the month of March(Aphrodite),real-time weather / forecast,weather_climate,,,,,As needed,,ICIMOD,2011-12-09T09:55:00,1219,Aphrodite; Precipitation; Climatology; meteorology; atmosphere,66.1602,23.7048,81.8552,37.0638,true,https://rds.icimod.org/Home/DataDetail?metadataId=17219,Spatial extent overlaps Nepal
949,52,medium,17288,3a8533c2-77ad-497a-80fd-6aab17875e1d,Whole Indus average data for year 1951 to 1960 for the month of March(Aphrodite),real-time weather / forecast,weather_climate,,,,,As needed,,ICIMOD,2011-12-09T09:13:00,1156,Aphrodite; Precipitation; Climatology; meteorology; atmosphere,66.1602,23.7048,81.8552,37.0638,true,https://rds.icimod.org/Home/DataDetail?metadataId=17288,Spatial extent overlaps Nepal
950,52,medium,17389,d1a2f2c5-20c0-4be1-a144-90455c92989a,Whole Indus average data for year 2001 to 2007 for the month of December(Aphrodite),real-time weather / forecast,weather_climate,,,,,As needed,,ICIMOD,2011-12-09T13:33:00,1196,Aphrodite; Precipitation; Climatology; meteorology; atmosphere,66.1602,23.7048,81.8552,37.0638,true,https://rds.icimod.org/Home/DataDetail?metadataId=17389,Spatial extent overlaps Nepal
951,52,medium,17239,cd810913-6c4d-442d-b82a-18e051b9750d,Whole Indus average data for year 2001 to 2007 for the month of February(Aphrodite),real-time weather / forecast,weather_climate,,,,,As needed,,ICIMOD,,1316,Aphrodite; Precipitation; Climatology; meteorology; atmosphere,66.1602,23.7048,81.8552,37.0638,true,https://rds.icimod.org/Home/DataDetail?metadataId=17239,Spatial extent overlaps Nepal
952,52,medium,17242,8bf43481-76d0-4966-967b-33c6bb29ca31,Whole Indus average data for year 1971 to 1980 for the month of August(Aphrodite),real-time weather / forecast,weather_climate,,,,,As needed,,ICIMOD,2011-12-09T10:36:00,969,Aphrodite; Precipitation; Climatology; meteorology; atmosphere,66.1602,23.7048,81.8552,37.0638,true,https://rds.icimod.org/Home/DataDetail?metadataId=17242,Spatial extent overlaps Nepal
953,52,medium,17331,8609005c-bdbd-482a-92e5-b5bee32c1868,Whole Indus average data for year 1971 to 1980 for the month of February(Aphrodite),real-time weather / forecast,weather_climate,,,,,As needed,,ICIMOD,2011-12-09T10:26:00,1169,Aphrodite; Precipitation; Climatology; meteorology; atmosphere,66.1602,23.7048,81.8552,37.0638,true,https://rds.icimod.org/Home/DataDetail?metadataId=17331,Spatial extent overlaps Nepal
954,52,medium,17336,48f8032b-2797-4547-901d-2f482a99d7c8,Whole Indus average data for year 1981 to 1990 for the month of July(Aphrodite),real-time weather / forecast,weather_climate,,,,,As needed,,ICIMOD,2011-12-09T11:06:00,1012,Aphrodite; Precipitation; Climatology; meteorology; atmosphere,66.1602,23.7048,81.8552,37.0638,true,https://rds.icimod.org/Home/DataDetail?metadataId=17336,Spatial extent overlaps Nepal
955,52,medium,17338,b687b988-112a-4adf-9383-72de28c7d7b4,Whole Indus average data for year 1971 to 1980 for the month of December(Aphrodite),real-time weather / forecast,weather_climate,,,,,As needed,,ICIMOD,2011-12-09T10:44:00,985,Aphrodite; Precipitation; Climatology; meteorology; atmosphere,66.1602,23.7048,81.8552,37.0638,true,https://rds.icimod.org/Home/DataDetail?metadataId=17338,Spatial extent overlaps Nepal
956,52,medium,17404,bfbee46d-ff74-49d0-b7a3-24b805ec7614,Whole Indus average data for year 1951 to 1960 for the month of January(Aphrodite),real-time weather / forecast,weather_climate,,,,,As needed,,ICIMOD,2011-12-09T09:10:00,1225,Aphrodite; Precipitation; Climatology; meteorology; atmosphere,66.1602,23.7048,81.8552,37.0638,true,https://rds.icimod.org/Home/DataDetail?metadataId=17404,Spatial extent overlaps Nepal
957,52,medium,17356,a09de078-7841-4399-9deb-4eacba61342c,Whole Indus average data for year 2001 to 2007 for the month of May(Aphrodite),real-time weather / forecast,weather_climate,,,,,As needed,,ICIMOD,2011-12-09T12:16:00,1216,Aphrodite; Precipitation; Climatology; meteorology; atmosphere,66.1602,23.7048,81.8552,37.0638,true,https://rds.icimod.org/Home/DataDetail?metadataId=17356,Spatial extent overlaps Nepal
958,52,medium,17383,72a6dd82-bfeb-4d0e-b562-1122e7c3f6f5,Whole Indus average data for year 1961 to 1970 for the month of April(Aphrodite),real-time weather / forecast,weather_climate,,,,,As needed,,ICIMOD,2011-12-09T10:03:00,941,Aphrodite; Precipitation; Climatology; meteorology; atmosphere,66.1602,23.7048,81.8552,37.0638,true,https://rds.icimod.org/Home/DataDetail?metadataId=17383,Spatial extent overlaps Nepal
959,52,medium,17446,ad4d1f3a-c785-4c27-bf35-da8f71dafffd,Whole Indus average data for year 1991 to 2000 for the month of December(Aphrodite),real-time weather / forecast,weather_climate,,,,,As needed,,ICIMOD,2011-12-09T11:36:00,1321,Aphrodite; Precipitation; Climatology; meteorology; atmosphere,66.1602,23.7048,81.8552,37.0638,true,https://rds.icimod.org/Home/DataDetail?metadataId=17446,Spatial extent overlaps Nepal
960,52,medium,17326,d25a819a-354b-48b3-8d4c-c1e81645ace7,Whole Indus average data for year 1971 to 1980 for the month of July(Aphrodite),real-time weather / forecast,weather_climate,,,,,As needed,,ICIMOD,2011-12-09T10:35:00,1033,Aphrodite; Precipitation; Climatology; meteorology; atmosphere,66.1602,23.7048,81.8552,37.0638,true,https://rds.icimod.org/Home/DataDetail?metadataId=17326,Spatial extent overlaps Nepal
961,52,medium,17262,9ef76e6a-c5ef-49e7-96f9-dc87bd8e8e82,Whole Indus average data for year 1971 to 1980 for the month of September(Aphrodite),real-time weather / forecast,weather_climate,,,,,As needed,,ICIMOD,,1268,Aphrodite; Precipitation; Climatology; meteorology; atmosphere,66.1602,23.7048,81.8552,37.0638,true,https://rds.icimod.org/Home/DataDetail?metadataId=17262,Spatial extent overlaps Nepal
962,52,medium,17287,6814efa7-2111-48b6-ba07-e4d883394881,Whole Indus average data for year 1951 to 1960 for the month of February(Aphrodite),real-time weather / forecast,weather_climate,,,,,As needed,,ICIMOD,2011-12-09T09:11:00,1466,Aphrodite; Precipitation; Climatology; meteorology; atmosphere,66.1602,23.7048,81.8552,37.0638,true,https://rds.icimod.org/Home/DataDetail?metadataId=17287,Spatial extent overlaps Nepal
963,52,medium,17252,7d9dbb46-4f70-48b5-b65b-ee0244c7c024,Whole Indus average data for year 1951 to 1960 for the month of August(Aphrodite),real-time weather / forecast,weather_climate,,,,,As needed,,ICIMOD,2011-12-09T09:25:00,1140,Aphrodite; Precipitation; Climatology; meteorology; atmosphere,66.1602,23.7048,81.8552,37.0638,true,https://rds.icimod.org/Home/DataDetail?metadataId=17252,Spatial extent overlaps Nepal
964,52,medium,17306,b7a74a6f-bf1b-4eea-b761-fd7b71b09bed,Whole Indus average data for year 1981 to 1990 for the month of November(Aphrodite),real-time weather / forecast,weather_climate,,,,,As needed,,ICIMOD,2011-12-09T11:17:00,1291,Aphrodite; Precipitation; Climatology; meteorology; atmosphere,66.1602,23.7048,81.8552,37.0638,true,https://rds.icimod.org/Home/DataDetail?metadataId=17306,Spatial extent overlaps Nepal
965,52,medium,17343,a84353fe-413b-4ab0-84a2-d6b6c1c6843a,Whole Indus average data for year 1951 to 1960 for the month of June(Aphrodite),real-time weather / forecast,weather_climate,,,,,As needed,,ICIMOD,2011-12-09T09:18:00,1174,Aphrodite; Precipitation; Climatology; meteorology; atmosphere,66.1602,23.7048,81.8552,37.0638,true,https://rds.icimod.org/Home/DataDetail?metadataId=17343,Spatial extent overlaps Nepal
966,52,medium,17390,8e69ae37-06f0-4fc4-85bd-3b8ba0913018,Whole Indus average data for year 1991 to 2000 for the month of March(Aphrodite),real-time weather / forecast,weather_climate,,,,,As needed,,ICIMOD,2011-12-09T11:23:00,1370,Aphrodite; Precipitation; Climatology; meteorology; atmosphere,66.1602,23.7048,81.8552,37.0638,true,https://rds.icimod.org/Home/DataDetail?metadataId=17390,Spatial extent overlaps Nepal
967,52,medium,17414,45a75908-be6d-4c67-9690-bfaa7835260e,Whole Indus average data for year 1991 to 2000 for the month of June(Aphrodite),real-time weather / forecast,weather_climate,,,,,As needed,,ICIMOD,,1192,Aphrodite; Precipitation; Climatology; meteorology; atmosphere,66.1602,23.7048,81.8552,37.0638,true,https://rds.icimod.org/Home/DataDetail?metadataId=17414,Spatial extent overlaps Nepal
968,52,medium,17337,f6787ca5-290e-4435-b5e5-888e05b5bbac,Whole Indus average data for year 1971 to 1980 for the month of May(Aphrodite),real-time weather / forecast,weather_climate,,,,,As needed,,ICIMOD,2011-12-09T10:31:00,1238,Aphrodite; Precipitation; Climatology; meteorology; atmosphere,66.1602,23.7048,81.8552,37.0638,true,https://rds.icimod.org/Home/DataDetail?metadataId=17337,Spatial extent overlaps Nepal
969,52,medium,17216,047d8b34-3279-4011-83ba-4da307c3a0d8,Whole Indus average data for year 1981 to 1990 for the month of April (Aphrodite),real-time weather / forecast,weather_climate,,,,,As needed,,ICIMOD,2011-12-09T10:53:00,997,Aphrodite; Precipitation; Climatology; meteorology; atmosphere,66.1602,23.7048,81.8552,37.0638,true,https://rds.icimod.org/Home/DataDetail?metadataId=17216,Spatial extent overlaps Nepal
970,52,medium,17230,a999daeb-61dc-4b4c-98f3-065614f3e5aa,Whole Indus average data for year 1951 to 1960 for the month of November(Aphrodite),real-time weather / forecast,weather_climate,,,,,As needed,,ICIMOD,2011-12-09T09:46:00,1157,Aphrodite; Precipitation; Climatology; meteorology; atmosphere,66.1602,23.7048,81.8552,37.0638,true,https://rds.icimod.org/Home/DataDetail?metadataId=17230,Spatial extent overlaps Nepal
971,52,medium,17401,1aec3c98-4f4d-4f0a-8e54-16ab8158dc02,Whole Indus average data for year 1991 to 2000 for the month of January(Aphrodite),real-time weather / forecast,weather_climate,,,,,As needed,,ICIMOD,2011-12-09T20:00:00,1212,Aphrodite; Precipitation; Climatology; meteorology; atmosphere,66.1602,23.7048,81.8552,37.0638,true,https://rds.icimod.org/Home/DataDetail?metadataId=17401,Spatial extent overlaps Nepal
972,52,medium,17313,10b8443e-b456-4152-8165-2dfb7d7dacdb,Whole Indus average data for year 1961 to 1970 for the month of July(Aphrodite),real-time weather / forecast,weather_climate,,,,,As needed,,ICIMOD,2011-12-09T10:06:00,1324,Aphrodite; Precipitation; Climatology; meteorology; atmosphere,66.1602,23.7048,81.8552,37.0638,true,https://rds.icimod.org/Home/DataDetail?metadataId=17313,Spatial extent overlaps Nepal
973,52,medium,17271,00508759-858d-4fcc-8ce3-8c44a5c0271b,Whole Indus average data for year 1971 to 1980 for the month of June(Aphrodite),real-time weather / forecast,weather_climate,,,,,As needed,,ICIMOD,2011-12-09T10:32:00,1300,Aphrodite; Precipitation; Climatology; meteorology; atmosphere,66.1602,23.7048,81.8552,37.0638,true,https://rds.icimod.org/Home/DataDetail?metadataId=17271,Spatial extent overlaps Nepal
974,52,medium,17413,9bbe1d61-e86c-42e9-a3ff-ec6ac572ab91,Whole Indus average data for year 1981 to 1990 for the month of August(Aphrodite),real-time weather / forecast,weather_climate,,,,,As needed,,ICIMOD,2011-12-09T11:08:00,1347,Aphrodite; Precipitation; Climatology; meteorology; atmosphere,66.1602,23.7048,81.8552,37.0638,true,https://rds.icimod.org/Home/DataDetail?metadataId=17413,Spatial extent overlaps Nepal
975,52,medium,9157,4d07d596-aeab-45b7-9cf4-5f96a123b9aa,"Musk Deer Habitat area of Central Karakoram National Park (CKNP), Pakistan.",terrain / base map,terrain_landcover; route_context,Vector,30 m,2026-05-08t18:14:59.000z,2026-05-08t18:14:59.000z,Not planned,"The content of this website can be accessed, printed and downloaded in an unaltered form (altered including being stretc",ICIMOD,2012-11-12,1749,Biodiversity; Animal Habitat; Musk Deer; Sighting point; Species; Central Karakoram National Park; Pakistan; CKNP; Biota,74.250933,35.035133,76.778271,36.641895,false,https://rds.icimod.org/Home/DataDetail?metadataId=9157,Spatial extent overlaps HKH region; Recent temporal coverage (≥2020)
976,52,medium,17320,5daf126f-13d6-457a-a234-c3ee03b27eef,Whole Indus average data for year 1951 to 1960 for the month of April(Aphrodite),real-time weather / forecast,weather_climate,,,,,As needed,,ICIMOD,2011-12-09T09:15:00,1119,Aphrodite; Precipitation; Climatology; meteorology; atmosphere,66.1602,23.7048,81.8552,37.0638,true,https://rds.icimod.org/Home/DataDetail?metadataId=17320,Spatial extent overlaps Nepal
977,52,medium,17258,3d57fd48-f190-49d4-9d75-659ed647581e,Whole Indus average data for year 2001 to 2007 for the month of November(Aphrodite),real-time weather / forecast,weather_climate,,,,,As needed,,ICIMOD,2011-12-09T13:31:00,971,Aphrodite; Precipitation; Climatology; meteorology; atmosphere,66.1602,23.7048,81.8552,37.0638,true,https://rds.icimod.org/Home/DataDetail?metadataId=17258,Spatial extent overlaps Nepal
978,51,medium,27284,f3b7490d-4093-4941-8bd4-11da7deaa634,"Lirung UAV-derived orthomosaic, May 2013",snowline / glacier context,cryosphere,,1 m,2013-05-17t18:15:00.000z,2013-05-17t18:15:00.000z,Unknown,Creative Commons Attribution 4.0 International (CC BY 4.0),Utrecht University,2016-06-02,14026,Debris cover; Unmanned Aerial Vehicle; UAV; Glacier; Lirung; Environment,85.562,28.232,85.562,28.232,true,https://rds.icimod.org/Home/DataDetail?metadataId=27284,Spatial extent overlaps Nepal; Open license (CC BY); High portal popularity
979,51,medium,23568,ab8f3b83-a910-4f52-b4a3-020d643c423e,Important Bird Areas of the Kangchenjunga Landscape,none,,Vector,100000,2026-05-08t18:14:59.000z,2026-05-08t18:14:59.000z,As needed,,ICIMOD,2015-10-12,1847,Ecosystems; Landscape; Biodiversity; Kangchenjunga Landscape; Bhutan; India; Nepal; Important Bird Areas; Economy,87.503157,26.333527,90.040662,28.139525,true,https://rds.icimod.org/Home/DataDetail?metadataId=23568,Spatial extent overlaps Nepal; Explicitly mentions Nepal; Recent temporal coverage (≥2020)
980,51,medium,646,0811b489-9235-458f-865a-4d7808944963,Major River Basins of China,flood / water context,hydrology,Vector,1000000,2026-05-08t18:14:59.000z,2026-05-08t18:14:59.000z,As needed,"The content of this website can be accessed, printed and downloaded in an unaltered form (altered including being stretc",ICIMOD,2008-06-30T07:35:00,2581,River Basin; Water resource management; China; Boundaries,73.62,18.1689,134.768,53.5537,true,https://rds.icimod.org/Home/DataDetail?metadataId=646,Spatial extent overlaps Nepal; Recent temporal coverage (≥2020)
981,51,medium,1866,f4e79b84-30ca-4895-a544-32250b1becc2,VDC Boundary of Lamjung District Nepal,none,,Vector,50000,2026-05-08t18:14:59.000z,2026-05-08t18:14:59.000z,As needed,"The content of this website can be accessed, printed and downloaded in an unaltered form (altered including being stretc",ICIMOD,2008-08-16T20:45:00,2715,Village Development Committee; VDC; Administrative boundary; Lamjung; Nepal; Boundaries,84.1,28,84.696205,28.509871,true,https://rds.icimod.org/Home/DataDetail?metadataId=1866,Spatial extent overlaps Nepal; Explicitly mentions Nepal; Recent temporal coverage (≥2020)
982,51,medium,2295,177b8cec-12f2-49f9-bef4-b9ff628d4afd,VDC Boundary of Dang and Salyan District Nepal,none,,Vector,50000,2026-05-08t18:14:59.000z,2026-05-08t18:14:59.000z,As needed,"The content of this website can be accessed, printed and downloaded in an unaltered form (altered including being stretc",ICIMOD,2008-08-16T10:05:00,2745,VDC; Administrative boundary; Dang; Salyan; Nepal; Boundaries,81.45,27.41,82.882355,28.644873,true,https://rds.icimod.org/Home/DataDetail?metadataId=2295,Spatial extent overlaps Nepal; Explicitly mentions Nepal; Recent temporal coverage (≥2020)
983,51,medium,23567,c6bd833e-5035-4f03-853b-540d7dab046c,Forest Fire Incident Location in the Kangchenjunga Landscape for 2010 and 2013,none,,Vector,100000,2026-05-08t18:14:59.000z,2026-05-08t18:14:59.000z,As needed,,ICIMOD,2015-10-12,2422,Forest fire; Ecosystems; Landscape; Biodiversity; Kangchenjunga Landscape; Bhutan; India; Nepal; Geoscientific information,87.503157,26.333527,90.040662,28.139525,true,https://rds.icimod.org/Home/DataDetail?metadataId=23567,Spatial extent overlaps Nepal; Explicitly mentions Nepal; Recent temporal coverage (≥2020)
984,51,medium,2195,b33961b5-ac38-438b-a154-c8adf718c9d9,Land Capability of Lamjung District Nepal,none,,Vector,50000,2026-05-08t18:14:59.000z,2026-05-08t18:14:59.000z,As needed,"The content of this website can be accessed, printed and downloaded in an unaltered form (altered including being stretc",ICIMOD,2008-08-16T10:39:00,2626,Land Capability; Land use; Lamjung; Nepal; Environment,84.1,28,84.696205,28.509871,true,https://rds.icimod.org/Home/DataDetail?metadataId=2195,Spatial extent overlaps Nepal; Explicitly mentions Nepal; Recent temporal coverage (≥2020)
985,51,medium,2248,6d4a23fd-aa1b-4c5b-943e-f08299e95afd,"Bridge Locations of Kirtipur, Nepal",none,,Vector,25000,2026-05-08t18:14:59.000z,2026-05-08t18:14:59.000z,As needed,"The content of this website can be accessed, printed and downloaded in an unaltered form (altered including being stretc",ICIMOD,2008-07-13T17:53:00,2145,Bridge; Infrastructure; Transportation; Nepal; Transportation,85.234298,27.64671,85.298854,27.694437,true,https://rds.icimod.org/Home/DataDetail?metadataId=2248,Spatial extent overlaps Nepal; Explicitly mentions Nepal; Recent temporal coverage (≥2020)
986,51,medium,70,b4a9415e-e59f-481c-add5-c40f52d28da0,VDC Boundary of Dhading District Nepal,none,,Vector,100000,2026-05-08t18:14:59.000z,2026-05-08t18:14:59.000z,As needed,"The content of this website can be accessed, printed and downloaded in an unaltered form (altered including being stretc",ICIMOD,2008-08-16T21:12:00,3073,VDC; Administrative boundary; Dhading; Nepal; Boundaries,84.37,27.4,85.346201,28.27227,true,https://rds.icimod.org/Home/DataDetail?metadataId=70,Spatial extent overlaps Nepal; Explicitly mentions Nepal; Recent temporal coverage (≥2020)
987,51,medium,22758,bbdcc93c-2933-49a0-b7dd-bb617fa46709,Management Capacity Index (MCI) of Nepal and Bihar part of Koshi Basin,flood / water context,hydrology,"Text, table",,2003-12-30t18:15:00.000z,2012-12-30t18:15:00.000z,As needed,,ICIMOD,2013-12-31,1417,Management Capacity Index (MCI); literacy rate; economically active population; crop yield; access to bank; Socio-economic; Nepal; India; Bihar; Koshi Basin; Geoscientific information,85.0238,25.334,88.9502,29.1382,true,https://rds.icimod.org/Home/DataDetail?metadataId=22758,Spatial extent overlaps Nepal; Explicitly mentions Nepal
988,51,medium,1197,0d9f71f6-6a25-4d24-a766-1c066a7ec479,"Land Capability - I , Western Nepal Data of Nepal",none,,Vector,50000,2026-05-08t18:14:59.000z,2026-05-08t18:14:59.000z,As needed,"The content of this website can be accessed, printed and downloaded in an unaltered form (altered including being stretc",ICIMOD,2008-07-15T07:38:00,1477,Topographical Basic Data; Western Nepal,80.0522,26.3684,88.1946,30.4247,true,https://rds.icimod.org/Home/DataDetail?metadataId=1197,Spatial extent overlaps Nepal; Explicitly mentions Nepal; Recent temporal coverage (≥2020)
989,51,medium,337,aebcfe8f-3123-45e1-9610-7d725691c908,Land Capability of Western Nepal,none,,Vector,50000,2026-05-08t18:14:59.000z,2026-05-08t18:14:59.000z,As needed,"The content of this website can be accessed, printed and downloaded in an unaltered form (altered including being stretc",ICIMOD,2007-08-29,2593,Land Capability; Nepal; Environment,79.957448,27.217748,84.058082,30.512097,true,https://rds.icimod.org/Home/DataDetail?metadataId=337,Spatial extent overlaps Nepal; Explicitly mentions Nepal; Recent temporal coverage (≥2020)
990,51,medium,27309,595186e3-10b6-43ff-8b42-86eb8f395edc,"Lirung UAV-derived orthomosaic, October 2013",snowline / glacier context,cryosphere,,1 m,2013-10-21t18:15:00.000z,2013-10-21t18:15:00.000z,Unknown,Creative Commons Attribution 4.0 International (CC BY 4.0),Utrecht University,2016-06-02,14466,Debris cover; Unmanned Aerial Vehicle; UAV; Glacier; Lirung; Environment,85.562,28.232,85.562,28.232,true,https://rds.icimod.org/Home/DataDetail?metadataId=27309,Spatial extent overlaps Nepal; Open license (CC BY); High portal popularity
991,51,medium,2358,036bbd29-1d4d-4e93-b8a2-8f5d1a27725f,Land Capability Easten Part Data of Nepal,none,,Vector,50000,2026-05-08t18:14:59.000z,2026-05-08t18:14:59.000z,As needed,"The content of this website can be accessed, printed and downloaded in an unaltered form (altered including being stretc",ICIMOD,2008-08-16T10:26:00,1129,Land Capability; Eastern Nepal,84,26.35,88.19456,29.3,true,https://rds.icimod.org/Home/DataDetail?metadataId=2358,Spatial extent overlaps Nepal; Explicitly mentions Nepal; Recent temporal coverage (≥2020)
992,51,medium,8880,be85f96a-3b55-4241-ae2c-4aa1326c0f44,Land Cover of Bhutan 2010,terrain / base map,terrain_landcover; remote_sensing,,50000,2026-05-08t18:14:59.000z,2026-05-08t18:14:59.000z,As needed,"Creative Commons Attribution 4.0 International (CC BY 4.0) | Users are permitted to copy, use, adapt, and redistribute S",ICIMOD,2011-12-27T11:31:00,7036,Land Cover Classification; Land use; Land cover; servircat; icimod-servir; Bhutan; Geoscientific information,88.75194,26.70361,92.11422,28.325,false,https://rds.icimod.org/Home/DataDetail?metadataId=8880,Spatial extent overlaps HKH region; Recent temporal coverage (≥2020); Open license (CC BY)
993,51,medium,9151,18b8f17e-25f2-4acc-9cf3-e3e8132cdba2,"Agriculture Land Cover in 2010 in Central Karakoram National Park(CKNP), Pakistan.",terrain / base map,terrain_landcover; route_context; remote_sensing,Vector,30 m,2026-05-08t18:14:59.000z,2026-05-08t18:14:59.000z,Not planned,Creative Commons Attribution 4.0 International (CC BY 4.0),ICIMOD,2012-10-31,1746,Agriculture; Land use; Central Karakoram National Park; Pakistan; CKNP; Geoscientific information,74.250933,35.035133,76.778271,36.641895,false,https://rds.icimod.org/Home/DataDetail?metadataId=9151,Spatial extent overlaps HKH region; Recent temporal coverage (≥2020); Open license (CC BY)
994,51,medium,1560,c7760272-3c9f-4440-b08a-4ac9a3730132,"Village Development Committee Boundaries of Gorkha District, Nepal",none,,Vector,50000,2026-05-08t18:14:59.000z,2026-05-08t18:14:59.000z,As needed,"The content of this website can be accessed, printed and downloaded in an unaltered form (altered including being stretc",ICIMOD,2007-10-17,2812,VDC; Administrative boundary; Gorkha; Nepal; Boundaries,84.24,27.47,85.20031,28.752161,true,https://rds.icimod.org/Home/DataDetail?metadataId=1560,Spatial extent overlaps Nepal; Explicitly mentions Nepal; Recent temporal coverage (≥2020)
995,51,medium,1421,b82d4d91-4416-496b-b3f2-fb1c5cfdf6f9,Ecological and Vegetation zones of Nepal,none,,Vector,1000000,2026-05-08t18:14:59.000z,2026-05-08t18:14:59.000z,As needed,"The content of this website can be accessed, printed and downloaded in an unaltered form (altered including being stretc",ICIMOD,,4411,Ecology; Vegetation; Nepal; Boundaries,80.0522,26.36836,88.19456,30.42472,true,https://rds.icimod.org/Home/DataDetail?metadataId=1421,Spatial extent overlaps Nepal; Explicitly mentions Nepal; Recent temporal coverage (≥2020)
996,50,medium,1972940,0d7e1b07-81e7-426f-89c9-fe9a32aecff1,Debris cover glacier melt in the Karakoram during 2018-2019,snowline / glacier context,cryosphere,"Text, table",,2018-09-17t18:15:00.000z,2019-08-19t18:15:00.000z,As needed,Creative Commons Attribution 4.0 International (CC BY 4.0),ICIMOD,2021-04-15,20056,Debris cover; melt rates; Glaciers; Karakoram; UIB; Pakistan; Geoscientific information,74.69,36.04,74.786,36.43,false,https://rds.icimod.org/Home/DataDetail?metadataId=1972940,Spatial extent overlaps HKH region; Open license (CC BY); High portal popularity
997,50,medium,9135,b26c2383-1798-4fe0-8e55-aa0d6f6e0be5,"Watershed Boundary of Central Karakoram National Park(CKNP), Pakistan.",flood / water context,hydrology; terrain_landcover; route_context,Vector,20000 m,2026-05-08t18:14:59.000z,2026-05-08t18:14:59.000z,Not planned,"The content of this website can be accessed, printed and downloaded in an unaltered form (altered including being stretc",ICIMOD,2012-10-30,1781,Valley Watershed; Central Karakoram National Park (CKNP); Pakistan; Inland waters,74.25105,35.035257,76.778169,36.641799,false,https://rds.icimod.org/Home/DataDetail?metadataId=9135,Spatial extent overlaps HKH region; Recent temporal coverage (≥2020)
998,50,medium,31032,a6ad4817-f49e-4d7c-b9f5-15c2cf680621,Major settlements of Kailash Sacred Landscape,route / travel UX,route_context,,,2026-05-08t18:14:59.000z,2026-05-08t18:14:59.000z,As needed,Creative Commons Attribution 4.0 International (CC BY 4.0),ICIMOD,2016-11-29,1890,Major Settlements; Settlements; Pithoragarh; Khalanga; Chainpur; Simikot; Burang; Baitadi; Bajhang; Darchula; Humla; Pulan; Taklakot; Darchen; Kailash Sacred Landscape; Geoscientific information,80.21495,29.554821,81.82248,30.312555,true,https://rds.icimod.org/Home/DataDetail?metadataId=31032,Spatial extent overlaps Nepal; Recent temporal coverage (≥2020); Open license (CC BY)
999,49,low,15525,40da205a-1830-4508-adcd-b7136d6d717e,Seed Plants of Senchal Wildlife Sanctuary,none,,"Text, table",,2026-05-08t18:14:59.000z,2026-05-08t18:14:59.000z,Unknown,Creative Commons Attribution 4.0 International (CC BY 4.0) | ICIMOD (2008) Kangchenjunga Landscape Biodiversity Database,ICIMOD,2012-03-01,1540,Species; Plants; Seed Plants; Angiosperms; Gymnosperms; Biodiversity; Protected Area; Senchal Wildlife Sanctuary; Kangchenjunga Corridor; Khangchendzonga Biosphere Reserve; Kangchenjunga Conservation Area; Kangchenjunga Landscape; Taplejung; Panchthar; Ilam; Eastern Nepal; India; HKH-BIF; Biota,88.24,26.94,88.354,27.073,false,https://rds.icimod.org/Home/DataDetail?metadataId=15525,Spatial extent overlaps HKH region; Explicitly mentions Nepal; Recent temporal coverage (≥2020); Open license (CC BY)
1000,49,low,9048,a2a53fae-1598-4ac8-9d3b-4e0f00ae6e73,"Drainage Basin of Qomolangma Natural Preserve (QNP), China.",flood / water context,hydrology,Vector,1000000,2026-05-08t18:14:59.000z,2026-05-08t18:14:59.000z,As needed,"The content of this website can be accessed, printed and downloaded in an unaltered form (altered including being stretc",ICIMOD,2008-02-08T10:40:00,1564,Qomolangma Nature Preserve (QNP); Drainage Basin; Watershed; Water resource; Tibet; China; Location,84.455467,27.806721,88.384445,29.312178,true,https://rds.icimod.org/Home/DataDetail?metadataId=9048,Spatial extent overlaps Nepal; Recent temporal coverage (≥2020)
1001,49,low,15522,d96b27cf-7ce8-4914-8e2f-d01df2b9dfab,Seed Plants of Neora Valley Toorsa Corridor,none,,"Text, table",,2026-05-08t18:14:59.000z,2026-05-08t18:14:59.000z,Unknown,Creative Commons Attribution 4.0 International (CC BY 4.0) | ICIMOD (2008) Kangchenjunga Landscape Biodiversity Database,ICIMOD,2012-02-29,1453,Species; Plants; Seed Plants; Angiosperms; Gymnosperms; Biodiversity; Neora Valley Toorsa Corridor; Kangchenjunga Landscape; Taplejung; Panchthar; Ilam; Eastern Nepal; India; HKH-BIF; Biota,88.73,27.089,88.984,27.257,false,https://rds.icimod.org/Home/DataDetail?metadataId=15522,Spatial extent overlaps HKH region; Explicitly mentions Nepal; Recent temporal coverage (≥2020); Open license (CC BY)
1002,49,low,15514,34f1dfb7-e083-4d3a-83a5-a25088fda250,Seed Plants of Mahananda Wildlife Sanctuary,none,,"Text, table",,2026-05-08t18:14:59.000z,2026-05-08t18:14:59.000z,Unknown,Creative Commons Attribution 4.0 International (CC BY 4.0) | ICIMOD (2008) Kangchenjunga Landscape Biodiversity Database,ICIMOD,2012-03-01,1710,Species; Plants; Seed Plants; Angiosperms; Gymnosperms; Biodiversity; Kangchenjunga Corridor; Mahananda Wildlife Sanctuary; Khangchendzonga Biosphere Reserve; Kangchenjunga Conservation Area; Kangchenjunga Landscape; Taplejung; Panchthar; Ilam; Eastern Nepal; India; HKH-BIF; Biota,88.318,26.765,88.485,26.969,false,https://rds.icimod.org/Home/DataDetail?metadataId=15514,Spatial extent overlaps HKH region; Explicitly mentions Nepal; Recent temporal coverage (≥2020); Open license (CC BY)
1003,49,low,15515,434ca8ee-7e92-42a5-ae8b-18b5cdb31740,Seed Plants of Senchal Mahananda Corridor,none,,"Text, table",,2026-05-08t18:14:59.000z,2026-05-08t18:14:59.000z,Unknown,Creative Commons Attribution 4.0 International (CC BY 4.0) | ICIMOD (2008) Kangchenjunga Landscape Biodiversity Database,ICIMOD,2012-02-29,1569,Species; Plants; Seed Plants; Angiosperms; Gymnosperms; Biodiversity; Senchal Wildlife Sanctuary; Senchal Mahananda Corridor; Kangchenjunga Corridor; Khangchendzonga Biosphere Reserve; Kangchenjunga Conservation Area; Kangchenjunga Landscape; Taplejung; Panchthar; Ilam; Eastern Nepal; India; HKH-BIF; Biota,88.309,26.904,88.425,26.964,false,https://rds.icimod.org/Home/DataDetail?metadataId=15515,Spatial extent overlaps HKH region; Explicitly mentions Nepal; Recent temporal coverage (≥2020); Open license (CC BY)
1004,49,low,2270,b2556c70-94a0-4206-b175-1af693ed44db,Watershed Digital Data of the HKH Region,flood / water context,hydrology,Vector,1000000,2026-05-08t18:14:59.000z,2026-05-08t18:14:59.000z,As needed,"The content of this website can be accessed, printed and downloaded in an unaltered form (altered including being stretc",ICIMOD,2008-08-03T14:58:00,2116,Watershed; Boundary; HKH; Inland waters,60.853848,15.9578,105.044632,39.318611,true,https://rds.icimod.org/Home/DataDetail?metadataId=2270,Spatial extent overlaps Nepal; Recent temporal coverage (≥2020)
1005,48,low,1973251,386f3173-af8a-4742-b964-9f7ed7459447,Degraded Land in Bangladesh 2020,terrain / base map,terrain_landcover,Grid,30 m,,,As needed,Creative Commons Attribution 4.0 International (CC BY 4.0),ICIMOD,2025-09-25,32894,land degradation; degradation; Bangladesh; Geoscientific information,88.0106,20.6933,92.6737,26.6344,true,https://rds.icimod.org/Home/DataDetail?metadataId=1973251,Spatial extent overlaps Nepal; Open license (CC BY); High portal popularity
1006,48,low,1973249,ac92b3f6-733b-44da-b631-508da837b9e8,Degraded Land in Bangladesh 2015,terrain / base map,terrain_landcover,Grid,30 m,,,As needed,Creative Commons Attribution 4.0 International (CC BY 4.0),ICIMOD,2025-09-25,32741,land degradation; degradation; Bangladesh; Geoscientific information,88.0106,20.6933,92.6737,26.6344,true,https://rds.icimod.org/Home/DataDetail?metadataId=1973249,Spatial extent overlaps Nepal; Open license (CC BY); High portal popularity
1007,48,low,31105,6d6a21c6-06d6-4482-a4d0-2c7ab593de4c,Vegetation of Kailash Sacred Landscape (KSL),route / travel UX,route_context,,m,2026-05-08t18:14:59.000z,2026-05-08t18:14:59.000z,As needed,Creative Commons Attribution 4.0 International (CC BY 4.0),ICIMOD,2016-11-23,3791,Tropical forest; Sub tropical forest; Broadleaved forest; Needleleaved forest; Scrub; Alpine; Waterbody; Kailash Sacred Landscape; Geoscientific information,79.8323286747,29.3013853817,82.5169648971,31.2127191747,true,https://rds.icimod.org/Home/DataDetail?metadataId=31105,Spatial extent overlaps Nepal; Recent temporal coverage (≥2020); Open license (CC BY)
1008,47,low,9128,b69af948-2846-4012-87c5-b67390804f7a,"Police Station Location in Central Karakoram National Park(CKNP), Pakistan.",snowline / glacier context,cryosphere; route_context,Vector,20000,2026-05-08t18:14:59.000z,2026-05-08t18:14:59.000z,Not planned,Creative Commons Attribution 4.0 International (CC BY 4.0),ICIMOD,2012-10-29,1590,Police Station; Central Karakoram National Park (CKNP); Pakistan; CKNP; Geoscientific information,74.377348,35.231546,75.967359,36.312489,false,https://rds.icimod.org/Home/DataDetail?metadataId=9128,Spatial extent overlaps HKH region; Recent temporal coverage (≥2020); Open license (CC BY)
1009,46,low,9480,5fab4823-259a-4c18-8da7-e0d598fd644f,"Wind Speed at Dhankuta Station, Nepal",real-time weather / forecast,weather_climate,,,1990-12-31t18:15:00.000z,2009-12-30t18:15:00.000z,As needed,All copyrights reserved to Department of Hydrology and Meteorology.,ICIMOD,2014-04-22,1728,Wind speed; SYNOPTIC; Water and Air; Dhankuta; Nepal; Climatology; meteorology; atmosphere,26.98333,87.35,26.98333,87.35,false,https://rds.icimod.org/Home/DataDetail?metadataId=9480,Outside Nepal/HKH region; Explicitly mentions Nepal; Long temporal baseline (≥10 years)
1010,45,low,9047,3ea32e1e-0bf0-4b38-a190-630bd57262e3,"Villages of Qomolangma Natural Preserve (QNP), China.",route / travel UX,route_context,Vector,100000,2026-05-08t18:14:59.000z,2026-05-08t18:14:59.000z,As needed,"The content of this website can be accessed, printed and downloaded in an unaltered form (altered including being stretc",ICIMOD,2008-02-08T10:22:00,1510,Qomolangma Nature Preserve (QNP); Villages; Settlement; Tibet; China; Location,84.455467,27.806721,88.384445,29.312178,true,https://rds.icimod.org/Home/DataDetail?metadataId=9047,Spatial extent overlaps Nepal; Recent temporal coverage (≥2020)
1011,45,low,9032,b4af0676-d12f-4ead-8b79-4ddf0b00d20f,"Settlements of Central Karakoram National Park (CKNP), Pakistan.",route / travel UX,route_context,Vector,20000,2026-05-08t18:14:59.000z,2026-05-08t18:14:59.000z,As needed,Creative Commons Attribution 4.0 International (CC BY 4.0),ICIMOD,2007-08-28T11:31:00,2539,Settlement; Central Karakoram National Park; Pakistan; CKNP,74.381915,35.260958,76.714025,36.401338,false,https://rds.icimod.org/Home/DataDetail?metadataId=9032,Spatial extent overlaps HKH region; Recent temporal coverage (≥2020); Open license (CC BY)
1012,45,low,3998,9a7c0745-d601-41de-9859-579dc898c56e,Contour Data of Gorkha District,terrain / base map,terrain_landcover,Vector,50000,2026-05-08t18:14:59.000z,2026-05-08t18:14:59.000z,As needed,"The content of this website can be accessed, printed and downloaded in an unaltered form (altered including being stretc",ICIMOD,2007-10-28,1765,Contour; Elevation,84.24,27.47,85.044197,28.658113,true,https://rds.icimod.org/Home/DataDetail?metadataId=3998,Spatial extent overlaps Nepal; Recent temporal coverage (≥2020)
1013,45,low,9030,3adeb1b6-fbf6-4ad5-9dd1-40917b0be932,"Residential area Locations in Central Karakoram National Park (CKNP), Pakistan.",route / travel UX,route_context,Vector,20000,2026-05-08t18:14:59.000z,2026-05-08t18:14:59.000z,As needed,Creative Commons Attribution 4.0 International (CC BY 4.0),ICIMOD,2007-08-28T10:33:00,2200,Residential Area; Settlement; land use; Central Karakoram National Park; Pakistan; CKNP,74.381915,35.260958,76.714025,36.401338,false,https://rds.icimod.org/Home/DataDetail?metadataId=9030,Spatial extent overlaps HKH region; Recent temporal coverage (≥2020); Open license (CC BY)
1014,45,low,2261,d2275309-dd3c-4752-8439-7913020daea6,Settlement Data of Gorkha District,route / travel UX,route_context,Vector,50000,2026-05-08t18:14:59.000z,2026-05-08t18:14:59.000z,As needed,"The content of this website can be accessed, printed and downloaded in an unaltered form (altered including being stretc",ICIMOD,2008-08-16T17:52:00,1428,Settlement; Location,84.24,27.47,85.044197,28.658113,true,https://rds.icimod.org/Home/DataDetail?metadataId=2261,Spatial extent overlaps Nepal; Recent temporal coverage (≥2020)
1015,45,low,9045,b4f26a5b-d516-4cbf-808c-873145ee0d7f,"Residential area of Qomolangma Natural Preserve (QNP), China.",route / travel UX,route_context,Vector,1000000,2026-05-08t18:14:59.000z,2026-05-08t18:14:59.000z,As needed,"The content of this website can be accessed, printed and downloaded in an unaltered form (altered including being stretc",ICIMOD,2008-02-08T07:00:00,1881,Qomolangma Nature Preserve (QNP); Residential Area; Settlement; Populated place; Tibet; China; Location,84.455467,27.806721,88.384445,29.312178,true,https://rds.icimod.org/Home/DataDetail?metadataId=9045,Spatial extent overlaps Nepal; Recent temporal coverage (≥2020)
1016,44,low,1210,5b18d216-0858-4f29-8649-9a8cd3a0a059,River Basins of Afghanistan,flood / water context,hydrology,Vector,1000000,2026-05-08t18:14:59.000z,2026-05-08t18:14:59.000z,As needed,"The content of this website can be accessed, printed and downloaded in an unaltered form (altered including being stretc",ICIMOD,2008-05-21T12:45:00,2142,River Basin; Watershed; Water resource management; Afghanistan; Inland waters,60.5042,29.4061,74.9157,38.472,false,https://rds.icimod.org/Home/DataDetail?metadataId=1210,Spatial extent overlaps HKH region; Recent temporal coverage (≥2020)
1017,44,low,1509,0d53d32e-bb9b-463f-9253-978f8417b548,River Basins of Pakistan,flood / water context,hydrology,Vector,1000000,2026-05-08t18:14:59.000z,2026-05-08t18:14:59.000z,As needed,"The content of this website can be accessed, printed and downloaded in an unaltered form (altered including being stretc",ICIMOD,2008-06-07T20:52:00,3684,Basin; Watershed; Water resource management; Pakistan; Boundaries,60.8663,23.688,77.8239,37.0608,false,https://rds.icimod.org/Home/DataDetail?metadataId=1509,Spatial extent overlaps HKH region; Recent temporal coverage (≥2020)
1018,43,low,930,4045f489-b1f1-4c06-90db-0104282fac20,River System Data of Gorkha District,flood / water context,hydrology,Vector,50000,2026-05-08t18:14:59.000z,2026-05-08t18:14:59.000z,As needed,"The content of this website can be accessed, printed and downloaded in an unaltered form (altered including being stretc",ICIMOD,2007-10-17,1407,River; Inland waters,84.24,27.47,85.044197,28.658113,true,https://rds.icimod.org/Home/DataDetail?metadataId=930,Spatial extent overlaps Nepal; Recent temporal coverage (≥2020)
1019,43,low,9046,3d3cfde6-f747-40fe-91a3-0448faf83c07,"Road Network of Qomolangma Natural Preserve (QNP), China.",route / travel UX,route_context,Vector,1000000,2026-05-08t18:14:59.000z,2026-05-08t18:14:59.000z,As needed,"The content of this website can be accessed, printed and downloaded in an unaltered form (altered including being stretc",ICIMOD,2007-02-08T10:02:00,2003,Qomolangma Nature Preserve (QNP); Road Network; Transportation Network; Tibet; China; Transportation,84.455467,27.806721,88.384445,29.312178,true,https://rds.icimod.org/Home/DataDetail?metadataId=9046,Spatial extent overlaps Nepal; Recent temporal coverage (≥2020)
1020,43,low,9035,f271c295-9951-4697-9e28-4c5ce8f41784,"Major Streams of Central Karakoram National Park (CKNP), Pakistan.",flood / water context,hydrology; route_context,Vector,20000,2026-05-08t18:14:59.000z,2026-05-08t18:14:59.000z,As needed,Creative Commons Attribution 4.0 International (CC BY 4.0),ICIMOD,2007-08-28T11:52:00,1583,Major Streams; River Network; Drainage Network; Central Karakoram National Park; Pakistan; CKNP,74.381915,35.260958,76.714025,36.401338,false,https://rds.icimod.org/Home/DataDetail?metadataId=9035,Spatial extent overlaps HKH region; Recent temporal coverage (≥2020); Open license (CC BY)
1021,43,low,9150,194ac17e-ea28-4f67-a7c3-14b8111ccb2f,"Forest Cover in 2010 in Central Karakoram National Park(CKNP), Pakistan.",terrain / base map,terrain_landcover; route_context,Vector,30 m,2026-05-08t18:14:59.000z,2026-05-08t18:14:59.000z,Not planned,Creative Commons Attribution 4.0 International (CC BY 4.0),ICIMOD,2012-10-31,1654,Forest Cover; Land Cover Classification; Land use; Central Karakoram National Park; Pakistan; CKNP; Farming,74.250933,35.035133,76.778271,36.641895,false,https://rds.icimod.org/Home/DataDetail?metadataId=9150,Spatial extent overlaps HKH region; Recent temporal coverage (≥2020); Open license (CC BY)
1022,43,low,9037,4da038ab-e6ff-4b67-b4d9-5c24150492fa,"River Network of Central Karakoram National Park (CKNP), Pakistan.",flood / water context,hydrology; route_context,Vector,20000,2026-05-08t18:14:59.000z,2026-05-08t18:14:59.000z,As needed,"The content of this website can be accessed, printed and downloaded in an unaltered form (altered including being stretc",ICIMOD,2007-08-21T12:06:00,2658,River Network; Drainage Network; Streams; Central Karakoram National Park; Pakistan; CKNP; Geoscientific information,74.381915,35.260958,76.714025,36.401338,false,https://rds.icimod.org/Home/DataDetail?metadataId=9037,Spatial extent overlaps HKH region; Recent temporal coverage (≥2020); Open license (CC BY)
1023,43,low,3776,7ff510e4-1a3e-4402-970f-b97b1189e276,Road Data of Gorkha District,route / travel UX,route_context,Vector,50000,2026-05-08t18:14:59.000z,2026-05-08t18:14:59.000z,As needed,"The content of this website can be accessed, printed and downloaded in an unaltered form (altered including being stretc",ICIMOD,2008-08-16T18:18:00,1691,Road,84.24,27.47,85.044197,28.658113,true,https://rds.icimod.org/Home/DataDetail?metadataId=3776,Spatial extent overlaps Nepal; Recent temporal coverage (≥2020)
1024,43,low,8900,4263e60f-e015-4f93-a720-4f75110a5510,"Land Cover in Phobjikha Valley, Bhutan",terrain / base map,terrain_landcover; remote_sensing,,,2026-05-08t18:14:59.000z,2026-05-08t18:14:59.000z,As needed,"Creative Commons Attribution 4.0 International (CC BY 4.0) | Users are permitted to copy, use, adapt, and redistribute S",ICIMOD,2012-01-09T12:10:00,5788,Landcover; Land use; servircat; icimod-servir; Phobjikha; Bhutan; Geoscientific information,88.75194,26.70361,92.11422,28.325,false,https://rds.icimod.org/Home/DataDetail?metadataId=8900,Spatial extent overlaps HKH region; Recent temporal coverage (≥2020); Open license (CC BY)
1025,43,low,1599,2f2b1151-40e8-4f92-a0f3-c54a49fb6a41,River Systems of China,flood / water context,hydrology,Vector,1000000,2026-05-08t18:14:59.000z,2026-05-08t18:14:59.000z,As needed,"The content of this website can be accessed, printed and downloaded in an unaltered form (altered including being stretc",ICIMOD,2008-07-07T07:44:00,3118,River network; Hydrography; China; Inland waters,73.62,18.1689,134.768,53.5537,true,https://rds.icimod.org/Home/DataDetail?metadataId=1599,Spatial extent overlaps Nepal; Recent temporal coverage (≥2020)
1026,43,low,2457,e9d601cb-07a8-41ba-a2a4-5bbe3e856602,Drainage Data of Gorkha,flood / water context,hydrology,Vector,125000,2026-05-08t18:14:59.000z,2026-05-08t18:14:59.000z,As needed,"The content of this website can be accessed, printed and downloaded in an unaltered form (altered including being stretc",ICIMOD,2008-08-16T17:39:00,1455,Rriver; Inland waters,84.24,27.47,85.044197,28.658113,true,https://rds.icimod.org/Home/DataDetail?metadataId=2457,Spatial extent overlaps Nepal; Recent temporal coverage (≥2020)
1027,42,low,9139,37ce5853-30af-4189-9c17-24820ce4445f,"Archaeological site locations of Central Karakoram National Park(CKNP), Pakistan.",route / travel UX,route_context,Vector,20000 m,2026-05-08t18:14:59.000z,2026-05-08t18:14:59.000z,Not planned,"The content of this website can be accessed, printed and downloaded in an unaltered form (altered including being stretc",ICIMOD,2012-10-31,1387,Archaeological site; Tourism; Central Karakoram National Park (CKNP); Pakistan; Location,74.284189,35.3407,75.858807,36.310942,false,https://rds.icimod.org/Home/DataDetail?metadataId=9139,Spatial extent overlaps HKH region; Recent temporal coverage (≥2020)
1028,42,low,1883,240736fa-ec6b-4a0f-ad12-fbf5c52cea00,"Contours of RDT Centre, Bhutan",terrain / base map,terrain_landcover,Vector,500,2026-05-08t18:14:59.000z,2026-05-08t18:14:59.000z,As needed,"The content of this website can be accessed, printed and downloaded in an unaltered form (altered including being stretc",ICIMOD,2009-01-07T15:02:00,5069,Contour lines; Topography; Elevation; RDT Center; Bhutan; Elevation,90.6614,27.2155,90.666581,27.21964,false,https://rds.icimod.org/Home/DataDetail?metadataId=1883,Spatial extent overlaps HKH region; Recent temporal coverage (≥2020)
1029,42,low,2476,593da799-a218-4db1-9bec-a49c87b7d279,"Spot Height of RDT Centre, Bhutan",terrain / base map,terrain_landcover,Vector,500,2026-05-08t18:14:59.000z,2026-05-08t18:14:59.000z,As needed,"The content of this website can be accessed, printed and downloaded in an unaltered form (altered including being stretc",ICIMOD,2009-01-07T15:02:00,5779,Spot Height; Topography; Elevation; RDT Center; Bhutan; Elevation,90.6614,27.2155,90.666581,27.21964,false,https://rds.icimod.org/Home/DataDetail?metadataId=2476,Spatial extent overlaps HKH region; Recent temporal coverage (≥2020)
1030,42,low,9130,77d3dd5e-4aa6-4597-99ab-be96da9dee47,"Post Office Locations in Central Karakoram National Park (CKNP), Pakistan.",snowline / glacier context,cryosphere; route_context,Vector,20000 m,2026-05-08t18:14:59.000z,2026-05-08t18:14:59.000z,Not planned,"The content of this website can be accessed, printed and downloaded in an unaltered form (altered including being stretc",ICIMOD,2012-10-29,1307,Post Office; Communication; Central Karakoram National Park (CKNP); Pakistan; Structure,74.300844,35.231577,75.989994,36.319286,false,https://rds.icimod.org/Home/DataDetail?metadataId=9130,Spatial extent overlaps HKH region; Recent temporal coverage (≥2020)
1031,42,low,2551,dc284f46-4dbd-42e5-9503-9cc42682f3eb,EarthQuake Incident Locations of Afghanistan,route hazard / safety,hazard,Vector,100000,2026-05-08t18:14:59.000z,2026-05-08t18:14:59.000z,As needed,"The content of this website can be accessed, printed and downloaded in an unaltered form (altered including being stretc",ICIMOD,2009-12-26T16:14:00,1353,Earth Qualkes; Disaster; Risk assessment; Afghanistan; Location,60.5042,29.4061,74.9157,38.472,false,https://rds.icimod.org/Home/DataDetail?metadataId=2551,Spatial extent overlaps HKH region; Recent temporal coverage (≥2020)
1032,42,low,31929,a8418c2a-ce03-4d2d-8981-93accab80d97,Particulate matter (PM) in Kathmandu Valley from 2002-2008,real-time weather / forecast,weather_climate,,,2002-10-31t18:15:00.000z,2008-03-25t18:15:00.000z,Not planned,Creative Commons Attribution 4.0 International (CC BY 4.0) | If the contents of this dataset are used in any publication,ICIMOD,2017-03-06,5204,PM2.5; PM10; Pollution; Particulate Matter; ENPHO; Atmosphere; Kathmandu; Bhaktapur; Matsyagaon; Putalisadak; Thamel; Patan; Climatology; meteorology; atmosphere,85.2743,27.67747,85.36403,27.72966,true,https://rds.icimod.org/Home/DataDetail?metadataId=31929,Spatial extent overlaps Nepal; Open license (CC BY)
1033,42,low,9142,2cd599a8-9ad7-477c-aec6-5fb28564626e,"Tourist Facilities location in Central Karakoram National Park(CKNP), Pakistan.",route / travel UX,route_context,Vector,20000 m,2026-05-08t18:14:59.000z,2026-05-08t18:14:59.000z,Not planned,"The content of this website can be accessed, printed and downloaded in an unaltered form (altered including being stretc",ICIMOD,2012-10-31,1901,Tourist facilities; Tourism; Central Karakoram National Park (CKNP); Pakistan,74.33617,35.16638,76.34816,36.35551,false,https://rds.icimod.org/Home/DataDetail?metadataId=9142,Spatial extent overlaps HKH region; Recent temporal coverage (≥2020)
1034,41,low,3865,edcdc368-1d6f-46aa-9298-975e1ef353f1,Topographic Basic Vector Digital Data of the HKH.,none,,Vector,1000000,2026-05-08t18:14:59.000z,2026-05-08t18:14:59.000z,As needed,"The content of this website can be accessed, printed and downloaded in an unaltered form (altered including being stretc",ICIMOD,2012-09-10T14:28:00,1593,HKH; Country; Boundary; World,60.85388,15.9578,105.04463,39.31872,true,https://rds.icimod.org/Home/DataDetail?metadataId=3865,Spatial extent overlaps Nepal; Recent temporal coverage (≥2020)
1035,41,low,22055,93fd1ff0-4ab6-4891-99ce-ecb197722b40,Wetland of Kailash Sacred Landscape,none,,Vector,,2026-05-08t18:14:59.000z,2026-05-08t18:14:59.000z,As needed,Creative Commons Attribution 4.0 International (CC BY 4.0),ICIMOD,2015-07-06,1351,Kailash; Wetland; Landscape; India; Nepal; China; Geoscientific information,81.09877,30.55706,82.21087,30.84686,false,https://rds.icimod.org/Home/DataDetail?metadataId=22055,Spatial extent overlaps HKH region; Explicitly mentions Nepal; Recent temporal coverage (≥2020); Open license (CC BY)
1036,41,low,23224,58842a51-d24e-4037-aa09-dbc279c8adc4,Season Integrated NDVI (productivity) of grasslands in upper Indus basin,flood / water context,hydrology; remote_sensing,Grid,30 m,2012-10-13t18:15:00.000z,2013-12-30t18:15:00.000z,As needed,"Creative Commons Attribution 4.0 International (CC BY 4.0) | Users are permitted to copy, use, adapt, and redistribute S","ICIMOD, SERVIR Himalaya",2015-01-04,46240,Rangeland; Phenology; Productivity; servircat; icimod-servir; geo-biodiversity; Pakistan; Upper Indus Basin; Geoscientific information,69.2371,31.0536,77.8319,37.095,false,https://rds.icimod.org/Home/DataDetail?metadataId=23224,Spatial extent overlaps HKH region; Open license (CC BY); High portal popularity
1037,41,low,15524,1861b74b-e86e-4b86-919e-0c6f9cad8ea7,Seed Plants of Neora Valley National Park,route / travel UX,route_context,"Text, table",,2026-05-08t18:14:59.000z,2026-05-08t18:14:59.000z,Unknown,Creative Commons Attribution 4.0 International (CC BY 4.0) | ICIMOD (2008) Kangchenjunga Landscape Biodiversity Database,ICIMOD,2012-02-29,1402,Species; Plants; Seed Plants; Angiosperms; Gymnosperms; Biodiversity; Neora valley National Park; Kangchenjunga Landscape; India; HKH-BIF; Biota,88.707,26.968,88.792,27.136,false,https://rds.icimod.org/Home/DataDetail?metadataId=15524,Spatial extent overlaps HKH region; Recent temporal coverage (≥2020); Open license (CC BY)
1038,41,low,35988,7dd58a2e-34ad-47d4-a8e9-87059d792b49,Bird diversity in the Far Eastern Himalayan Landscape,none,,"Text, table",,2026-05-08t18:14:59.000z,2026-05-08t18:14:59.000z,Unknown,Creative Commons Attribution 4.0 International (CC BY 4.0),ICIMOD,2018-07-07,4563,Avifauna; Birds; Biodiversity; Gaoligongshan; Namdapha; Hkakaborazi; Hponkanrazi; Hukaung; Bumphabum; Far Eastern Himalayan Landscape; China; India; Myanmar; HKH-BIF; Biota,95.4538,24.6278,99.1376,28.5431,false,https://rds.icimod.org/Home/DataDetail?metadataId=35988,Spatial extent overlaps HKH region; Recent temporal coverage (≥2020); Open license (CC BY)
1039,41,low,35257,76196511-4361-4966-bcff-c529b99afb94,Birds Species of Wakhan Corridor,route / travel UX,route_context,"Text, table",,2026-05-08t18:14:59.000z,2026-05-08t18:14:59.000z,Unknown,Creative Commons Attribution 4.0 International (CC BY 4.0) | An annotated list of bird species observed by the Ecosystem,ICIMOD,2018-01-18,6364,Birds; Biodiversity; Wakhan; Protected Area; Afghanistan; National Park; HKH-BIF; Biota,75.5,37,75.5,37,false,https://rds.icimod.org/Home/DataDetail?metadataId=35257,Spatial extent overlaps HKH region; Recent temporal coverage (≥2020); Open license (CC BY)
1040,41,low,8736,0664a723-56c4-4a83-a8c1-d4fbca8562c3,Population Density for hkh region for year 1990.,none,,Vector,1000000,2026-05-08t18:14:59.000z,2026-05-08t18:14:59.000z,As needed,"The content of this website can be accessed, printed and downloaded in an unaltered form (altered including being stretc",ICIMOD,2011-07-21T16:15:00,1200,Population; density; hkh region,59.9583333335253,15.0000000000584,106.041666666895,40.0416666667451,true,https://rds.icimod.org/Home/DataDetail?metadataId=8736,Spatial extent overlaps Nepal; Recent temporal coverage (≥2020)
1041,41,low,346,448aa162-db28-4967-b757-f40c695d7ade,Topographic Basic Vector Digital Data of the HKH,none,,Vector,1000000,2026-05-08t18:14:59.000z,2026-05-08t18:14:59.000z,As needed,"The content of this website can be accessed, printed and downloaded in an unaltered form (altered including being stretc",ICIMOD,,1596,HKH; Country; Boundary; World,60.85388,15.9578,105.04463,39.31872,true,https://rds.icimod.org/Home/DataDetail?metadataId=346,Spatial extent overlaps Nepal; Recent temporal coverage (≥2020)
1042,40,low,9137,a91fca93-0cf4-43f2-ab0b-08820110f7ec,"Village Boundary of Central Karakoram National Park(CKNP), Pakistan.",route / travel UX,route_context,Vector,20000 m,2026-05-08t18:14:59.000z,2026-05-08t18:14:59.000z,Not planned,"The content of this website can be accessed, printed and downloaded in an unaltered form (altered including being stretc",ICIMOD,2012-10-30,1587,Village; Settlement; Populated Place; Central Karakoram National Park (CKNP); Pakistan,74.197801,35.141194,76.492986,36.472676,false,https://rds.icimod.org/Home/DataDetail?metadataId=9137,Spatial extent overlaps HKH region; Recent temporal coverage (≥2020)
1043,40,low,34485,1abd0897-9583-4e4c-91b5-7caffe9bc492,ALOS DEM of upper Chamkharchu valley in Bhutan,terrain / base map,terrain_landcover,Grid,5 m,2026-05-08t18:14:59.000z,2026-05-08t18:14:59.000z,As needed,"The SERVIR Project, NASA, USAID and ICIMOD make no express or implied warranty of this data as to the merchantability or",ICIMOD,2017-11-29,40949,DEM; ALOS; Bhutan; Chamkharchu; Geoscientific information,90.565,27.955,90.822,28.089,false,https://rds.icimod.org/Home/DataDetail?metadataId=34485,Spatial extent overlaps HKH region; Recent temporal coverage (≥2020); High portal popularity
1044,40,low,9134,f827a049-9a78-4503-bda2-720f95f25e65,"Settlements of Central Karakoram National Park(CKNP), Pakistan.",route / travel UX,route_context,Vector,20000 m,2026-05-08t18:14:59.000z,2026-05-08t18:14:59.000z,Not planned,"The content of this website can be accessed, printed and downloaded in an unaltered form (altered including being stretc",ICIMOD,2012-10-30,1836,Settlements; Central Karakoram National Park (CKNP); Pakistan; Structure,74.226207,34.976744,76.795167,36.531186,false,https://rds.icimod.org/Home/DataDetail?metadataId=9134,Spatial extent overlaps HKH region; Recent temporal coverage (≥2020)
1045,39,low,9191,4bebbcdb-0730-4ecc-963c-084cd2868554,Minimum temperature of coolest month of HKH,real-time weather / forecast,weather_climate,Grid,100000,1950-01-13t10:51:00.000z,2000-01-13t10:37:00.000z,As needed,"The content of this website can be accessed, printed and downloaded in an unaltered form (altered including being stretc",ICIMOD,2013-06-13T16:18:00,1657,Temperature; Climate; HKH; Climatology; meteorology; atmosphere,106.0083333333366,48.00833333333003,60.0000000000033,60.0000000000033,false,https://rds.icimod.org/Home/DataDetail?metadataId=9191,Outside Nepal/HKH region; Long temporal baseline (≥10 years)
1046,38,low,30723,21ec9a18-1a3b-4af0-a729-af14a22efb44,The checklist of medicinal plants of the Kailash Sacred Landscape(KSL) - China,none,,,m,2026-05-08t18:14:59.000z,2026-05-08t18:14:59.000z,As needed,Creative Commons Attribution 4.0 International (CC BY 4.0),ICIMOD,2016-11-14,1823,Medicinal plants; Biodiversity; Flora; NTFP; Kailash Sacred Landscape; Pulan County; China; Biota,80.606539,30.006996,82.450444,31.211838,true,https://rds.icimod.org/Home/DataDetail?metadataId=30723,Spatial extent overlaps Nepal; Recent temporal coverage (≥2020); Open license (CC BY)
1047,38,low,30724,7e551688-d7a2-442c-b1ce-4308fdfbade3,The checklist of medicinal plants of the Kailash Sacred Landscape(KSL) - India,none,,,m,2026-05-08t18:14:59.000z,2026-05-08t18:14:59.000z,As needed,Creative Commons Attribution 4.0 International (CC BY 4.0),ICIMOD,2016-11-14,1660,Medicinal plants; Biodiversity; Flora; NTFP; Kailash Sacred Landscape; Pithoragarh; Bageshwar; India; Biota,79.84997,29.437751,81.031439,30.597965,true,https://rds.icimod.org/Home/DataDetail?metadataId=30724,Spatial extent overlaps Nepal; Recent temporal coverage (≥2020); Open license (CC BY)
1048,38,low,30720,a4265b82-8bf2-4a65-94de-13a8dcecf3c9,The checklist of mammals of the Kailash Sacred Landscape(KSL) - China,none,,,m,2026-05-08t18:14:59.000z,2026-05-08t18:14:59.000z,As needed,Creative Commons Attribution 4.0 International (CC BY 4.0),ICIMOD,2016-11-14,1632,Mammals; Biodiversity; Fauna; Kailash Sacred Landscape; Pulan County; China; Biota,80.606539,30.006996,82.450444,31.211838,true,https://rds.icimod.org/Home/DataDetail?metadataId=30720,Spatial extent overlaps Nepal; Recent temporal coverage (≥2020); Open license (CC BY)
1049,38,low,9093,0b5ec573-0c49-40dc-8f74-fc1186e09ecc,"Road Network of Wangchu, Bhutan",route / travel UX,route_context,Vector,50000,2026-05-08t18:14:59.000z,2026-05-08t18:14:59.000z,Not planned,"The content of this website can be accessed, printed and downloaded in an unaltered form (altered including being stretc",ICIMOD,2012-09-25,2169,Road Network; Transportation Network; SERVIR Himalaya; Wangchu; Bhutan; Transportation,88.75194,26.70361,92.11422,28.325,false,https://rds.icimod.org/Home/DataDetail?metadataId=9093,Spatial extent overlaps HKH region; Recent temporal coverage (≥2020)
1050,38,low,31030,fd17f2fd-6237-4ce2-91e4-23f724cc158e,Major Airfields in Kailash Region,none,,,,2026-05-08t18:14:59.000z,2026-05-08t18:14:59.000z,As needed,Creative Commons Attribution 4.0 International (CC BY 4.0),ICIMOD,2016-11-29,1261,Airport; Airfield; Pithoragarh; Gokuleshwor; Baitadi; Simikot; Kailash Sacred Landscape; Geoscientific information,80.232818,29.545078,81.819462,29.978055,true,https://rds.icimod.org/Home/DataDetail?metadataId=31030,Spatial extent overlaps Nepal; Recent temporal coverage (≥2020); Open license (CC BY)
1051,38,low,9112,6923bde4-1557-4951-8fb7-ffa8acf9c2d6,"Drainage Network of Central Karakoram National Park(CKNP), Pakistan",flood / water context,hydrology; route_context,Vector,20000 m,2026-05-08t18:14:59.000z,2026-05-08t18:14:59.000z,Not planned,"The content of this website can be accessed, printed and downloaded in an unaltered form (altered including being stretc",ICIMOD,2012-10-29,1550,Drainage; River; Central Karakoram National Park (CKNP); Pakistan; Inland waters,73.970413,35.063898,76.541762,36.954685,false,https://rds.icimod.org/Home/DataDetail?metadataId=9112,Spatial extent overlaps HKH region; Recent temporal coverage (≥2020)
1052,38,low,31031,39d5ceaf-4438-4c61-8313-fe17af76b5f4,Districts headquarters of Kailash Sacred Landscape,none,,,,2026-05-08t18:14:59.000z,2026-05-08t18:14:59.000z,As needed,Creative Commons Attribution 4.0 International (CC BY 4.0),ICIMOD,2016-11-29,3269,Headquarters; Districts; Pithoragarh; Khalanga; Chainpur; Simikot; Burang; Baitadi; Bajhang; Darchula; Humla; Pulan; Kailash Sacred Landscape; Geoscientific information,80.21495,29.554821,81.82248,30.312555,true,https://rds.icimod.org/Home/DataDetail?metadataId=31031,Spatial extent overlaps Nepal; Recent temporal coverage (≥2020); Open license (CC BY)
1053,38,low,31102,92fa3053-6efa-4308-b44c-9d0b27a55c22,Important Bird Area of Kailash Sacred Landscape (KSL),none,,,m,2026-05-08t18:14:59.000z,2026-05-08t18:14:59.000z,As needed,Creative Commons Attribution 4.0 International (CC BY 4.0),ICIMOD,2016-11-23,2036,Bird area; Askot Wildlife Sanctuary; Pithoragarh; India; Kailash Sacred Landscape; Geoscientific information,80.2744,29.6794,80.2744,29.6794,true,https://rds.icimod.org/Home/DataDetail?metadataId=31102,Spatial extent overlaps Nepal; Recent temporal coverage (≥2020); Open license (CC BY)
1054,38,low,30718,b377f6ba-6d41-49b4-99fa-8e82960060dc,The checklist of birds of the Kailash Sacred Landscape(KSL) - India,none,,,,2026-05-08t18:14:59.000z,2026-05-08t18:14:59.000z,As needed,Creative Commons Attribution 4.0 International (CC BY 4.0),ICIMOD,2016-11-14,1835,Birds; Biodiversity; Avifauna; Kailash Sacred Landscape; Pithoragarh; Bageshwar; India; Biota,79.84997,29.437751,81.031439,30.597965,true,https://rds.icimod.org/Home/DataDetail?metadataId=30718,Spatial extent overlaps Nepal; Recent temporal coverage (≥2020); Open license (CC BY)
1055,38,low,30714,82f795b6-f528-48fa-9565-dd3792bd4533,The checklist of birds of the Kailash Sacred Landscape(KSL) - China,none,,,m,2026-05-08t18:14:59.000z,2026-05-08t18:14:59.000z,As needed,Creative Commons Attribution 4.0 International (CC BY 4.0),ICIMOD,2016-11-14,2114,Birds; Biodiversity; Avifauna; Kailash Sacred Landscape; Pulan County; China; Biota,80.606539,30.006996,82.450444,31.211838,true,https://rds.icimod.org/Home/DataDetail?metadataId=30714,Spatial extent overlaps Nepal; Recent temporal coverage (≥2020); Open license (CC BY)
1056,38,low,31104,ab2c5f96-2960-45f8-bd57-55613255ef25,Major Invasive Alient Plant Species of Kailash Sacred Landscape (KSL),none,,,m,2026-05-08t18:14:59.000z,2026-05-08t18:14:59.000z,As needed,Creative Commons Attribution 4.0 International (CC BY 4.0),ICIMOD,2016-11-23,3459,Invasive Alien Plant Species; Pithoragarh; Bajhang; Darchula; Kailash Sacred Landscape; Geoscientific information,80.397665,29.403814,81.194047,29.978046,true,https://rds.icimod.org/Home/DataDetail?metadataId=31104,Spatial extent overlaps Nepal; Recent temporal coverage (≥2020); Open license (CC BY)
1057,38,low,31103,7ddd3067-c6e2-41f1-abe0-341448fe080d,Meterological stations of Kailash Sacred Landscape (KSL),none,,,m,2026-05-08t18:14:59.000z,2026-05-08t18:14:59.000z,As needed,Creative Commons Attribution 4.0 International (CC BY 4.0),ICIMOD,2016-11-23,3026,Meterological Station; Climatology; Kailash Sacred Landscape; Geoscientific information,80.42,29.47,82.1,30.28,true,https://rds.icimod.org/Home/DataDetail?metadataId=31103,Spatial extent overlaps Nepal; Recent temporal coverage (≥2020); Open license (CC BY)
1058,38,low,30721,c8347449-3393-417b-8fb5-6273dceeb076,The checklist of mammals of the Kailash Sacred Landscape(KSL) - India,none,,,,2026-05-08t18:14:59.000z,2026-05-08t18:14:59.000z,As needed,Creative Commons Attribution 4.0 International (CC BY 4.0),ICIMOD,2016-11-14,1809,Mammals; Biodiversity; Fauna; Kailash Sacred Landscape; Pithoragarh; Bageshwar; India; Biota,79.84997,29.437751,81.031439,30.597965,true,https://rds.icimod.org/Home/DataDetail?metadataId=30721,Spatial extent overlaps Nepal; Recent temporal coverage (≥2020); Open license (CC BY)
1059,37,low,23222,62bf50c7-22fb-4c98-9646-e3458208350c,Grazing routes in the key grazing areas of Gilgit - Baltistan,route / travel UX,route_context,Grid,30 m,2012-10-13t18:15:00.000z,2013-12-30t18:15:00.000z,As needed,"Creative Commons Attribution 4.0 International (CC BY 4.0) | Users are permitted to copy, use, adapt, and redistribute S","ICIMOD, SERVIR Himalaya",2015-01-04,44031,Rangeland; Phenology; Grazing; servircat; icimod-servir; geo-biodiversity; Pakistan; Geoscientific information,69.2371,31.0536,77.8319,37.095,false,https://rds.icimod.org/Home/DataDetail?metadataId=23222,Spatial extent overlaps HKH region; Open license (CC BY); High portal popularity
1060,36,low,18500,cc3e49a0-d8f6-4ce0-b98a-172e2f87ec24,"Hydrological Data of HYCOS Water Level and Rainfall Station at Kalam, Pakistan",real-time weather / forecast,weather_climate,,,2011-01-01t04:00:00.000z,2013-12-31t06:00:00.000z,As needed,,ICIMOD,2014-11-11,1302,HYCOS; Rainfall; Hydrological Station; Water Level; Kalam; Pakistan; Climatology; meteorology; atmosphere,72.59264,35.47642,72.592638888889,35.47642,false,https://rds.icimod.org/Home/DataDetail?metadataId=18500,Spatial extent overlaps HKH region
1061,36,low,1938,f899bf4d-8b57-4b8b-9a69-6fcb677698cf,Major River Basins of Afghanistan,flood / water context,hydrology,Vector,1000000,2026-05-08t18:14:59.000z,2026-05-08t18:14:59.000z,As needed,"The content of this website can be accessed, printed and downloaded in an unaltered form (altered including being stretc",ICIMOD,2008-05-20T14:22:00,2643,Basin; Water resource management; Afghanistan; Inland waters,60.5042,29.4061,74.9157,38.472,false,https://rds.icimod.org/Home/DataDetail?metadataId=1938,Spatial extent overlaps HKH region; Recent temporal coverage (≥2020)
1062,36,low,2734,8a4d205c-3ad2-4af5-90f5-8a2b47bcd3b4,River Basin Data of Pakistan,flood / water context,hydrology,Vector,1000000,2026-05-08t18:14:59.000z,2026-05-08t18:14:59.000z,As needed,"The content of this website can be accessed, printed and downloaded in an unaltered form (altered including being stretc",ICIMOD,2008-06-07T21:00:00,2143,River Basin; Water resource management; Pakistan; Boundaries,60.8663,23.688,77.8239,37.0608,false,https://rds.icimod.org/Home/DataDetail?metadataId=2734,Spatial extent overlaps HKH region; Recent temporal coverage (≥2020)
1063,36,low,18487,bef10783-2019-4c17-ba19-3c96b6cafbe5,"Hydrological Data of HYCOS Water Level and Rainfall Station at Gupis, Pakistan",real-time weather / forecast,weather_climate,,,2012-05-23t04:00:00.000z,2013-12-31t06:15:00.000z,As needed,,ICIMOD,2014-11-11,4102,HYCOS; Rainfall; Hydrological Station; Water Level; Gupis; Pakistan; Climatology; meteorology; atmosphere,73.42667,36.23944,73.426666666667,36.23944,false,https://rds.icimod.org/Home/DataDetail?metadataId=18487,Spatial extent overlaps HKH region
1064,36,low,32928,49db6caf-38d1-4771-8517-d3ab51cf7e5d,Afghanistan Major Water Basins,flood / water context,hydrology,Vector,100000,2026-05-08t18:14:59.000z,2026-05-08t18:14:59.000z,As needed,,Ministry of Agriculture Irrigation and Livestock,2014-06-02,1068,Agriculture Development; Energy Generation; Economic Growth; Basin; River; Afghanistan; Geoscientific information,60.52678,31.58208,74.7292,37.3498,false,https://rds.icimod.org/Home/DataDetail?metadataId=32928,Spatial extent overlaps HKH region; Recent temporal coverage (≥2020)
1065,36,low,8883,6124b548-567b-42d1-beac-91dc754bba7d,"Drainage Network of Wangchu, Bhutan.",flood / water context,hydrology,Vector,,2026-05-08t18:14:59.000z,2026-05-08t18:14:59.000z,As needed,"The content of this website can be accessed, printed and downloaded in an unaltered form (altered including being stretc",ICIMOD,2011-12-27T15:10:00,3684,Drainage Network; Watershed; River network; Wangchu; Bhutan; Inland waters,88.75194,26.70361,92.11422,28.325,false,https://rds.icimod.org/Home/DataDetail?metadataId=8883,Spatial extent overlaps HKH region; Recent temporal coverage (≥2020)
1066,36,low,23223,5619ab6b-1979-4055-a5ae-45f2ba57c4a7,Start of Season (SoS) of grasslands in upper Indus basin,flood / water context,hydrology; remote_sensing,Grid,30 m,2012-10-13t18:15:00.000z,2013-12-30t18:15:00.000z,As needed,"Creative Commons Attribution 4.0 International (CC BY 4.0) | Users are permitted to copy, use, adapt, and redistribute S","ICIMOD, SERVIR Himalaya",2015-01-04,7494,Rangeland; Phenology; Grassland; servircat; icimod-servir; geo-biodiversity; Pakistan; Upper Indus Basin; Geoscientific information,69.2371,31.0536,77.8319,37.095,false,https://rds.icimod.org/Home/DataDetail?metadataId=23223,Spatial extent overlaps HKH region; Open license (CC BY)
1067,36,low,18486,7ba212b1-bb75-44ff-80d0-fda450592750,"Hydrological Data of HYCOS Water Level and Rainfall Station at Nowshera, Pakistan",real-time weather / forecast,weather_climate,,,2012-05-22t23:45:00.000z,2013-12-31t06:00:00.000z,As needed,,ICIMOD,2014-11-11,1496,HYCOS; Rainfall; Hydrological Station; Water Level; Nowshera; Pakistan; Climatology; meteorology; atmosphere,71.98417,34.00935,71.984172222222,34.00935,false,https://rds.icimod.org/Home/DataDetail?metadataId=18486,Spatial extent overlaps HKH region
1068,35,low,8561,a08607ad-c6a5-47ef-99b6-858173c28f61,Telephone companies of Thimi Municipality,route hazard / safety,hazard,Vector,25000,2026-05-07t18:14:59.000z,2026-05-07t18:14:59.000z,As needed,"The content of this website can be accessed, printed and downloaded in an unaltered form (altered including being stretc",ICIMOD,2011-05-02T10:18:00,2276,Telephone; Company; Thimi; Kathmandu; Nepal,633042.194682,3062366.426407,637245.203339,3064511.291713,false,https://rds.icimod.org/Home/DataDetail?metadataId=8561,Outside Nepal/HKH region; Explicitly mentions Nepal; Recent temporal coverage (≥2020)
1069,34,low,2921,7c4bc2d7-ef23-4db6-81a0-9c21641d4797,Watersheds of Afghanistan,flood / water context,hydrology,Vector,1000000,2026-05-08t18:14:59.000z,2026-05-08t18:14:59.000z,As needed,"The content of this website can be accessed, printed and downloaded in an unaltered form (altered including being stretc",ICIMOD,2008-05-21T13:40:00,1925,Watershed; Basin; Water resource management; Afghanistan; Inland waters,60.5042,29.4061,74.9157,38.472,false,https://rds.icimod.org/Home/DataDetail?metadataId=2921,Spatial extent overlaps HKH region; Recent temporal coverage (≥2020)
1070,34,low,32932,78d13892-49af-47d8-9283-501ab45461fb,Afghanistan Watershed Basins,flood / water context,hydrology,Vector,100000,2026-05-08t18:14:59.000z,2026-05-08t18:14:59.000z,As needed,,Ministry of Agriculture Irrigation and Livestock,2014-06-02,1096,Basin; Watershed; Afghanistan; Geoscientific information,60.52678,31.58208,74.7292,37.3498,false,https://rds.icimod.org/Home/DataDetail?metadataId=32932,Spatial extent overlaps HKH region; Recent temporal coverage (≥2020)
1071,33,low,9111,8de60b6c-28a0-43cb-9f95-257b820a7948,"Check Post Location in Central Karakoram National Park (CKNP), Pakistan.",route / travel UX,route_context,Vector,20000,2026-05-08t18:14:59.000z,2026-05-08t18:14:59.000z,Not planned,Creative Commons Attribution 4.0 International (CC BY 4.0),ICIMOD,2012-10-29,1645,Check Post; Central Karakoram National Park (CKNP); Pakistan; CKNP,74.297803,35.889485,74.403035,36.139871,false,https://rds.icimod.org/Home/DataDetail?metadataId=9111,Spatial extent overlaps HKH region; Recent temporal coverage (≥2020); Open license (CC BY)
1072,33,low,9123,f00cf51e-fdd7-4f09-b357-49c6792adf3b,"PCO Location in Central Karakoram National Park(CKNP), Pakistan.",route / travel UX,route_context,Vector,20000,2026-05-08t18:14:59.000z,2026-05-08t18:14:59.000z,Not planned,Creative Commons Attribution 4.0 International (CC BY 4.0),ICIMOD,2012-10-29,1688,PCO; Central Karakoram National Park; Pakistan; CKNP; Utilities communication,74.313085,35.164613,76.105374,36.312647,false,https://rds.icimod.org/Home/DataDetail?metadataId=9123,Spatial extent overlaps HKH region; Recent temporal coverage (≥2020); Open license (CC BY)
1073,33,low,36037,573f246c-3c88-4724-81fc-8cb545f91ac5,Biodiversity of the Api Nampa Conservation Area,none,,"Text, table",,2009-12-31t18:15:00.000z,2015-12-31t18:15:00.000z,Unknown,"DNPWC (2019) Biodiversity Profile of the Api Nampa Conservation Area, Nepal. Department of National Parks and Wildlife C",ICIMOD,2020-05-25,4144,Protected Area; Biodiversity; Flora; Fauna; Api Nampa Conservation Area; HKH-BIF; Biota,80.491,29.688,81.398,30.378,true,https://rds.icimod.org/Home/DataDetail?metadataId=36037,Spatial extent overlaps Nepal
1074,33,low,9121,bfb89371-bd97-4141-81b9-28197373f966,"Mobile Tower Location in Central Karakoram National Park(CKNP), Pakistan.",route / travel UX,route_context,Vector,20000,2026-05-08t18:14:59.000z,2026-05-08t18:14:59.000z,Not planned,Creative Commons Attribution 4.0 International (CC BY 4.0),ICIMOD,2012-10-29,1388,Mobile Tower; Central Karakoram National Park; Pakistan; CKNP; Utilities communication,75.720606,35.159327,76.336667,35.4194,false,https://rds.icimod.org/Home/DataDetail?metadataId=9121,Spatial extent overlaps HKH region; Recent temporal coverage (≥2020); Open license (CC BY)
1075,33,low,35256,b462ca18-2c20-42c6-8587-ed9e647584e5,Birds Species of Wakhan and Big Pamir,route / travel UX,route_context,"Text, table",,2026-05-08t18:14:59.000z,2026-05-08t18:14:59.000z,Unknown,Creative Commons Attribution 4.0 International (CC BY 4.0) | An annotated list of bird species observed by the Ecosystem,ICIMOD,2018-01-18,5542,Birds; Biodiversity; Wakhan; Protected Area; Big Pamir Afghanistan; National Park; Biota,75.5,37,75.5,37,false,https://rds.icimod.org/Home/DataDetail?metadataId=35256,Spatial extent overlaps HKH region; Recent temporal coverage (≥2020); Open license (CC BY)
1076,33,low,9043,9c16f209-abc9-4049-a095-ebd657305833,"Ecoregion of Qomolangma Natural Preserve (QNP), China.",none,,Vector,1000000,2026-05-08t18:14:59.000z,2026-05-08t18:14:59.000z,As needed,"The content of this website can be accessed, printed and downloaded in an unaltered form (altered including being stretc",ICIMOD,2008-02-08T14:19:00,1709,Qomolangma Nature Preserve (QNP); Ecoregion; Tibet; China; Environment,84.455467,27.806721,88.384445,29.312178,true,https://rds.icimod.org/Home/DataDetail?metadataId=9043,Spatial extent overlaps Nepal; Recent temporal coverage (≥2020)
1077,33,low,1973247,672a84a5-2b54-486e-97fb-ea8ab83943c7,Degraded Land in Bhutan 2020,terrain / base map,terrain_landcover,Grid,30 m,,,As needed,Creative Commons Attribution 4.0 International (CC BY 4.0),ICIMOD,2025-09-25,23727,land degradation; degradation; Bhutan; Geoscientific information,88.7519,26.7036,92.1142,28.325,false,https://rds.icimod.org/Home/DataDetail?metadataId=1973247,Spatial extent overlaps HKH region; Open license (CC BY); High portal popularity
1078,33,low,1973245,8179e251-564f-4665-a6a8-c4133183a680,Degraded Land in Bhutan 2015,terrain / base map,terrain_landcover,Grid,30 m,,,As needed,Creative Commons Attribution 4.0 International (CC BY 4.0),ICIMOD,2025-09-25,33448,land degradation; degradation; Bhutan; Geoscientific information,88.7519,26.7036,92.1142,28.325,false,https://rds.icimod.org/Home/DataDetail?metadataId=1973245,Spatial extent overlaps HKH region; Open license (CC BY); High portal popularity
1079,33,low,3534,0c3e5322-4348-4e5c-8dce-2822c19c83bd,Major Cities of China,none,,"Text, table",1000000,2026-05-08t18:14:59.000z,2026-05-08t18:14:59.000z,As needed,"The content of this website can be accessed, printed and downloaded in an unaltered form (altered including being stretc",ICIMOD,2008-07-08T07:00:00,2091,Cities; Populated place; Urban; China; Location,73.62,18.1689,134.768,53.5537,true,https://rds.icimod.org/Home/DataDetail?metadataId=3534,Spatial extent overlaps Nepal; Recent temporal coverage (≥2020)
1080,33,low,3092,5d243420-5af5-47e7-a8ec-aa0a2191d646,Province Boundary of China,none,,Vector,1000000,2026-05-08t18:14:59.000z,2026-05-08t18:14:59.000z,As needed,"The content of this website can be accessed, printed and downloaded in an unaltered form (altered including being stretc",ICIMOD,2008-06-30T07:19:00,1596,Province; Administrative boundary; China; Boundaries,73.62,18.1689,134.768,53.5537,true,https://rds.icimod.org/Home/DataDetail?metadataId=3092,Spatial extent overlaps Nepal; Recent temporal coverage (≥2020)
1081,33,low,9040,dd594272-bf7d-4bab-a085-ff5920b2f9ec,"Water Bodies of Central Karakoram National Park (CKNP), Pakistan.",route / travel UX,route_context,Vector,20000,2026-05-08t18:14:59.000z,2026-05-08t18:14:59.000z,As needed,Creative Commons Attribution 4.0 International (CC BY 4.0),ICIMOD,2007-08-28T09:59:00,1899,Water Bodies; Lakes; Central Karakoram National Park; Pakistan; CKNP,74.381915,35.260958,76.714025,36.401338,false,https://rds.icimod.org/Home/DataDetail?metadataId=9040,Spatial extent overlaps HKH region; Recent temporal coverage (≥2020); Open license (CC BY)
1082,33,low,9117,3fbdea6e-dc0e-4708-9f0e-65e364b9f10b,"Health facility location in Central Karakoram National Park(CKNP), Pakistan.",route / travel UX,route_context,Vector,20000,2026-05-08t18:14:59.000z,2026-05-08t18:14:59.000z,Not planned,Creative Commons Attribution 4.0 International (CC BY 4.0),ICIMOD,2012-10-29,1736,Health Facility; Central Karakoram National Park; Pakistan; CKNP; Health,74.284295,35.147806,76.503021,36.319565,false,https://rds.icimod.org/Home/DataDetail?metadataId=9117,Spatial extent overlaps HKH region; Recent temporal coverage (≥2020); Open license (CC BY)
1083,33,low,9024,31fbae28-6ba2-4824-94c9-774534af736e,"District Headquarters of Central Karakoram National Park (CKNP), Pakistan.",route / travel UX,route_context,Vector,20000,2026-05-08t18:14:59.000z,2026-05-08t18:14:59.000z,As needed,Creative Commons Attribution 4.0 International (CC BY 4.0),ICIMOD,2007-08-28T09:49:00,2403,District Headquarter; Central Karakoram National Park; Pakistan; CKNP; Boundaries,74.381915,35.260958,76.714025,36.401338,false,https://rds.icimod.org/Home/DataDetail?metadataId=9024,Spatial extent overlaps HKH region; Recent temporal coverage (≥2020); Open license (CC BY)
1084,33,low,9026,25be2583-9c2b-49ce-b29f-4692a3bd6032,"Tehsil Headquarter Locations of Central Karakoram National Park (CKNP), Pakistan.",route / travel UX,route_context,Vector,20000,2026-05-08t18:14:59.000z,2026-05-08t18:14:59.000z,As needed,Creative Commons Attribution 4.0 International (CC BY 4.0),ICIMOD,2007-08-28T10:05:00,1478,Tehsil; Headquarter; Central Karakoram National Park; Pakistan; CKNP,74.381915,35.260958,76.714025,36.401338,false,https://rds.icimod.org/Home/DataDetail?metadataId=9026,Spatial extent overlaps HKH region; Recent temporal coverage (≥2020); Open license (CC BY)
1085,33,low,9115,7fa49673-0e7a-4086-ad78-703d7741fd8c,"Government Institution location in Central Karakoram National Park(CKNP), Pakistan.",route / travel UX,route_context,Vector,20000,2026-05-08t18:14:59.000z,2026-05-08t18:14:59.000z,Not planned,Creative Commons Attribution 4.0 International (CC BY 4.0),ICIMOD,2012-10-29,1220,Government Institution; Central Karakoram National Park; Pakistan; CKNP; Geoscientific information,75.327842,35.152186,76.430671,35.865,false,https://rds.icimod.org/Home/DataDetail?metadataId=9115,Spatial extent overlaps HKH region; Recent temporal coverage (≥2020); Open license (CC BY)
1086,33,low,9118,15c6ba6b-6144-4a63-b3bf-152115e2f0a7,"Helipad location in Central Karakoram National Park(CKNP), Pakistan.",route / travel UX,route_context,Vector,20000,2026-05-08t18:14:59.000z,2026-05-08t18:14:59.000z,Not planned,Creative Commons Attribution 4.0 International (CC BY 4.0),ICIMOD,2012-10-29,1310,Helipad; Central Karakoram National Park; Pakistan; CKNP; Structure,75.218515625,35.418390633967,76.536875,36.473078133967,false,https://rds.icimod.org/Home/DataDetail?metadataId=9118,Spatial extent overlaps HKH region; Recent temporal coverage (≥2020); Open license (CC BY)
1087,33,low,3594,7a9e2937-ad68-4794-979b-236a0d1fae5f,"Dwelling Data of CHT, Bangladesh",none,,Vector,50000,2026-05-08t18:14:59.000z,2026-05-08t18:14:59.000z,As needed,"The content of this website can be accessed, printed and downloaded in an unaltered form (altered including being stretc",ICIMOD,,1784,Dwelling; Bangladesh,88.0439,20.7448,92.6693,26.6261,true,https://rds.icimod.org/Home/DataDetail?metadataId=3594,Spatial extent overlaps Nepal; Recent temporal coverage (≥2020)
1088,33,low,8718,ac334f26-cff2-414a-85da-546d8f5d4d36,Wetland Habitat Ecosystem of Gangaa Tibet,none,,Vector,100000,2026-05-08t18:14:59.000z,2026-05-08t18:14:59.000z,As needed,"The content of this website can be accessed, printed and downloaded in an unaltered form (altered including being stretc",ICIMOD,2011-07-15T00:00:00,1208,Wetland ecosystem; Habitat; Gangaa; Tibet; China; Environment,86.3,28.3,86.45,28.46,true,https://rds.icimod.org/Home/DataDetail?metadataId=8718,Spatial extent overlaps Nepal; Recent temporal coverage (≥2020)
1089,33,low,9022,e7f27646-f60b-4f75-9d93-3573ac29a2e7,"Park Boundary of Central Karakoram National Park (CKNP), Pakistan.",route / travel UX,route_context,Vector,20000,2026-05-08t18:14:59.000z,2026-05-08t18:14:59.000z,As needed,Creative Commons Attribution 4.0 International (CC BY 4.0),ICIMOD,2007-05-28T15:20:00,2253,Park Boundary; Outline; Central Karakoram National Park; Pakistan; CKNP; Boundaries,74.381915,35.260958,76.714025,36.401338,false,https://rds.icimod.org/Home/DataDetail?metadataId=9022,Spatial extent overlaps HKH region; Recent temporal coverage (≥2020); Open license (CC BY)
1090,33,low,678,b90ddec0-6f1b-4304-a554-98475b3d986d,Populated Places of Pakistan,route / travel UX,route_context,Grid,1000000,2026-05-08t18:14:59.000z,2026-05-08t18:14:59.000z,As needed,"The content of this website can be accessed, printed and downloaded in an unaltered form (altered including being stretc",ICIMOD,2008-06-07T21:35:00,1318,Populated Place; Settlement; Pakistan; Location,60.8663,23.688,77.8239,37.0608,false,https://rds.icimod.org/Home/DataDetail?metadataId=678,Spatial extent overlaps HKH region; Recent temporal coverage (≥2020)
1091,33,low,9127,81bba1e3-1f10-467d-824c-106356e808e5,"Playground Location in Central Karakoram National Park(CKNP), Pakistan.",route / travel UX,route_context,Vector,20000,2026-05-08t18:14:59.000z,2026-05-08t18:14:59.000z,Not planned,Creative Commons Attribution 4.0 International (CC BY 4.0),ICIMOD,2012-10-29,1592,Playground; Central Karakoram National Park; Pakistan; CKNP; Structure,74.667592289062,35.22798828125,76.381459476562,36.50240234375,false,https://rds.icimod.org/Home/DataDetail?metadataId=9127,Spatial extent overlaps HKH region; Recent temporal coverage (≥2020); Open license (CC BY)
1092,33,low,9028,d6c2cd5e-d1c3-48fe-834f-a9ed6bcd4e77,"Bridge Locations in Central Karakoram National Park (CKNP), Pakistan.",route / travel UX,route_context,Vector,20000,2026-05-08t18:14:59.000z,2026-05-08t18:14:59.000z,As needed,Creative Commons Attribution 4.0 International (CC BY 4.0),ICIMOD,2007-08-28T10:21:00,1605,Bridges; Transportation; Central Karakoram National Park; Pakistan; CKNP; Structure,74.381915,35.260958,76.714025,36.401338,false,https://rds.icimod.org/Home/DataDetail?metadataId=9028,Spatial extent overlaps HKH region; Recent temporal coverage (≥2020); Open license (CC BY)
1093,33,low,2713,51fd39fc-60b8-49ac-bc9a-d5aaeaf1830a,District Boundary of Gorkha,none,,Vector,50000,2026-05-08t18:14:59.000z,2026-05-08t18:14:59.000z,As needed,"The content of this website can be accessed, printed and downloaded in an unaltered form (altered including being stretc",ICIMOD,2008-08-16T18:07:00,2261,Outline; Boundary; Boundaries,84.24,27.47,85.044197,28.658113,true,https://rds.icimod.org/Home/DataDetail?metadataId=2713,Spatial extent overlaps Nepal; Recent temporal coverage (≥2020)
1094,33,low,9125,89674e20-e88e-4069-8cc6-2f6b5be872ea,"Fuel Station Location in Central Karakoram National Park(CKNP), Pakistan.",route / travel UX,route_context,Vector,20000,2026-05-08t18:14:59.000z,2026-05-08t18:14:59.000z,Not planned,Creative Commons Attribution 4.0 International (CC BY 4.0),ICIMOD,2012-10-29,1551,Petrol Pump; Fuel Station; Central Karakoram National Park; Pakistan; CKNP; Structure,74.383526,35.815436,74.741605,36.312247,false,https://rds.icimod.org/Home/DataDetail?metadataId=9125,Spatial extent overlaps HKH region; Recent temporal coverage (≥2020); Open license (CC BY)
1095,33,low,9025,a5dee27f-d6e3-41e9-9f19-4481b3976077,"Tehsil Boundary of Central Karakoram National Park (CKNP), Pakistan.",route / travel UX,route_context,Vector,20000,2026-05-08t18:14:59.000z,2026-05-08t18:14:59.000z,As needed,Creative Commons Attribution 4.0 International (CC BY 4.0),ICIMOD,2007-08-28T09:58:00,3408,Administrative Boundary; Tehsil; Central Karakoram National Park; Pakistan; CKNP; Boundaries,74.381915,35.260958,76.714025,36.401338,false,https://rds.icimod.org/Home/DataDetail?metadataId=9025,Spatial extent overlaps HKH region; Recent temporal coverage (≥2020); Open license (CC BY)
1096,33,low,9131,326c38bb-b419-486d-97bb-80821fd2dcc7,"Religious Site Location in Central Karakoram National Park(CKNP), Pakistan.",route / travel UX,route_context,Vector,20000,2026-05-08t18:14:59.000z,2026-05-08t18:14:59.000z,Not planned,Creative Commons Attribution 4.0 International (CC BY 4.0),ICIMOD,2012-10-29,1391,Mosque; Imam Bargah; Religion; Central Karakoram National Park (CKNP); Pakistan; CKNP; Geoscientific information,74.294407,35.15529,76.520323,36.42757,false,https://rds.icimod.org/Home/DataDetail?metadataId=9131,Spatial extent overlaps HKH region; Recent temporal coverage (≥2020); Open license (CC BY)
1097,33,low,9041,7c8aedc3-3e71-4454-9731-1abdc49bca46,"Administrative Boundary of Qomolangma Natural Preserve (QNP), China.",none,,Vector,1000000,2026-05-08t18:14:59.000z,2026-05-08t18:14:59.000z,As needed,"The content of this website can be accessed, printed and downloaded in an unaltered form (altered including being stretc",ICIMOD,2008-02-08T12:28:00,1617,Qomolangma Nature Preserve (QNP); Administrative Boundary; Outline; Tibet; China; Boundaries,84.455467,27.806721,88.384445,29.312178,true,https://rds.icimod.org/Home/DataDetail?metadataId=9041,Spatial extent overlaps Nepal; Recent temporal coverage (≥2020)
1098,33,low,9049,1d5b828c-1f5f-4e93-be37-0eca69e2517a,"Hydro-power Area of Qomolangma Natural Preserve (QNP), China.",none,,Vector,1000000,2026-05-08t18:14:59.000z,2026-05-08t18:14:59.000z,As needed,"The content of this website can be accessed, printed and downloaded in an unaltered form (altered including being stretc",ICIMOD,2008-08-07T13:52:00,1339,Qomolangma Nature Preserve (QNP); Hydropower; Water resource; Tibet; China; Location,84.455467,27.806721,88.384445,29.312178,true,https://rds.icimod.org/Home/DataDetail?metadataId=9049,Spatial extent overlaps Nepal; Recent temporal coverage (≥2020)
1099,33,low,3703,b7f07805-622b-4583-a68c-4d6db10e44a3,Land System Data of Gorkha District,none,,Vector,50000,2026-05-08t18:14:59.000z,2026-05-08t18:14:59.000z,As needed,"The content of this website can be accessed, printed and downloaded in an unaltered form (altered including being stretc",ICIMOD,2008-08-16T18:12:00,1276,Land System,84.24,27.47,85.044197,28.658113,true,https://rds.icimod.org/Home/DataDetail?metadataId=3703,Spatial extent overlaps Nepal; Recent temporal coverage (≥2020)
1100,33,low,9116,0368040d-2052-4038-8454-87815e0c86ae,"Graveyard location in Central Karakoram National Park(CKNP), Pakistan.",route / travel UX,route_context,Vector,20000,2026-05-08t18:14:59.000z,2026-05-08t18:14:59.000z,Not planned,Creative Commons Attribution 4.0 International (CC BY 4.0),ICIMOD,2012-10-29,1232,Graveyard; Central Karakoram National Park; Pakistan; CKNP; Geoscientific information,74.300901,35.29408,76.404707,36.32053,false,https://rds.icimod.org/Home/DataDetail?metadataId=9116,Spatial extent overlaps HKH region; Recent temporal coverage (≥2020); Open license (CC BY)
1101,33,low,1952,a26c6daa-145c-46ee-902f-1f33a13e9512,Land Use Data of Gorkha District,none,,Vector,50000,2026-05-08t18:14:59.000z,2026-05-08t18:14:59.000z,As needed,"The content of this website can be accessed, printed and downloaded in an unaltered form (altered including being stretc",ICIMOD,2008-08-16T17:47:00,2003,Land Use (old),84.24,27.47,85.044197,28.658113,true,https://rds.icimod.org/Home/DataDetail?metadataId=1952,Spatial extent overlaps Nepal; Recent temporal coverage (≥2020)
1102,33,low,9120,e58c5805-5702-4712-bbf7-1f7a65a1f7f9,"Internet facility location in Central Karakoram National Park(CKNP), Pakistan.",route / travel UX,route_context,Vector,20000,2026-05-08t18:14:59.000z,2026-05-08t18:14:59.000z,Not planned,Creative Commons Attribution 4.0 International (CC BY 4.0),ICIMOD,2012-10-29,1810,Internet Facilities; Cyber Cafe; Central Karakoram National Park; Pakistan; CKNP; Utilities communication,74.394124,35.148422,76.345655,35.9136,false,https://rds.icimod.org/Home/DataDetail?metadataId=9120,Spatial extent overlaps HKH region; Recent temporal coverage (≥2020); Open license (CC BY)
1103,33,low,9050,8cd0fb8e-669b-4ecf-b0d2-ae3c2881bac6,"Hydrography of Qomolangma Natural Preserve (QNP), China.",none,,Vector,1000000,2026-05-08t18:14:59.000z,2026-05-08t18:14:59.000z,As needed,"The content of this website can be accessed, printed and downloaded in an unaltered form (altered including being stretc",ICIMOD,2008-02-08T14:10:00,1899,Qomolangma Nature Preserve (QNP); Hydrography; Water resource; Drainage; Tibet; China; Inland waters,84.455467,27.806721,88.384445,29.312178,true,https://rds.icimod.org/Home/DataDetail?metadataId=9050,Spatial extent overlaps Nepal; Recent temporal coverage (≥2020)
1104,33,low,2393,c34b2a2a-8c56-443c-8705-09d4021f8877,Country Boundary of China,none,,Vector,1000000,2026-05-08t18:14:59.000z,2026-05-08t18:14:59.000z,As needed,"The content of this website can be accessed, printed and downloaded in an unaltered form (altered including being stretc",ICIMOD,2008-07-07T07:33:00,1765,Administrative boundary; China; Boundaries,73.62,18.1689,134.768,53.5537,true,https://rds.icimod.org/Home/DataDetail?metadataId=2393,Spatial extent overlaps Nepal; Recent temporal coverage (≥2020)
1105,33,low,9146,98a3fdf5-daac-467a-bb8d-7788c721cdfa,"District Boundary of Central Karakoram National Park (CKNP), Pakistan.",route / travel UX,route_context,Vector,20000,2026-05-08t18:14:59.000z,2026-05-08t18:14:59.000z,Not planned,Creative Commons Attribution 4.0 International (CC BY 4.0),ICIMOD,2012-10-31,2285,District; Adminitrative Boundary; Outline; Central Karakoram National Park (CKNP); Pakistan; Boundaries,72.496613,34.484475,77.744419,37.015064,false,https://rds.icimod.org/Home/DataDetail?metadataId=9146,Spatial extent overlaps HKH region; Recent temporal coverage (≥2020); Open license (CC BY)
1106,33,low,3595,d27e8d51-07b8-4d2c-b1f7-c32ee0561657,VDC Data of Gorkha District,none,,Vector,50000,2026-05-08t18:14:59.000z,2026-05-08t18:14:59.000z,As needed,"The content of this website can be accessed, printed and downloaded in an unaltered form (altered including being stretc",ICIMOD,2008-08-16T16:38:00,2300,VDC; Boundaries,84.24,27.47,85.044197,28.658113,true,https://rds.icimod.org/Home/DataDetail?metadataId=3595,Spatial extent overlaps Nepal; Recent temporal coverage (≥2020)
1107,33,low,9036,bcf344f1-55d5-4df1-8127-d762ebed65f2,"Mountain Peaks of Central Karakoram National Park (CKNP), Pakistan.",route / travel UX,route_context,Vector,20000,2026-05-08t18:14:59.000z,2026-05-08t18:14:59.000z,As needed,Creative Commons Attribution 4.0 International (CC BY 4.0),ICIMOD,2007-08-28T11:58:00,2332,Mountain; Peak; Central Karakoram National Park; Pakistan; CKNP; Geoscientific information,74.381915,35.260958,76.714025,36.401338,false,https://rds.icimod.org/Home/DataDetail?metadataId=9036,Spatial extent overlaps HKH region; Recent temporal coverage (≥2020); Open license (CC BY)
1108,33,low,9105,9870df17-5640-4742-855e-9e62331ade9e,"Airport digital data of Central Karakoram National Park(CKNP), Pakistan.",route / travel UX,route_context,Vector,20000,2026-05-08t18:14:59.000z,2026-05-08t18:14:59.000z,Not planned,Creative Commons Attribution 4.0 International (CC BY 4.0),ICIMOD,2012-10-25,1272,Airport; Transportation; National Park; Central Karakoram National Park; CKNP; Pakistan; Transportation,74.332832,35.339454,75.545181,35.920646,false,https://rds.icimod.org/Home/DataDetail?metadataId=9105,Spatial extent overlaps HKH region; Recent temporal coverage (≥2020); Open license (CC BY)
1109,33,low,9126,813723ca-9c9e-4472-9285-538f35f69351,"Plantation Location in Central Karakoram National Park(CKNP), Pakistan.",route / travel UX,route_context,Vector,20000 m,2026-05-08t18:14:59.000z,2026-05-08t18:14:59.000z,Not planned,Creative Commons Attribution 4.0 International (CC BY 4.0),ICIMOD,2012-10-29,1632,Plantation; Vegetatoin; Central Karakoram National Park; Pakistan; CKNP; Biota,75.768302,35.188892,76.40247,35.683776,false,https://rds.icimod.org/Home/DataDetail?metadataId=9126,Spatial extent overlaps HKH region; Recent temporal coverage (≥2020); Open license (CC BY)
1110,32,low,514,6463e709-fc11-4934-96a1-261acd6b04ee,Hospital Locations of Afghanistan,snowline / glacier context,cryosphere,Vector,1000000,2026-05-08t18:14:59.000z,2026-05-08t18:14:59.000z,As needed,"The content of this website can be accessed, printed and downloaded in an unaltered form (altered including being stretc",ICIMOD,2008-05-20T13:54:00,1420,Hospital; Health Service; Afghanistan; Health,60.5042,29.4061,74.9157,38.472,false,https://rds.icimod.org/Home/DataDetail?metadataId=514,Spatial extent overlaps HKH region; Recent temporal coverage (≥2020)
1111,32,low,32933,eb141ceb-af2c-498e-9281-aa754c9b7e42,"Wheat cultivation coverage across the country for 2015, 2016 and 2017",terrain / base map,terrain_landcover,Vector,100000,2026-05-08t18:14:59.000z,2026-05-08t18:14:59.000z,Annually,,Ministry of Agriculture Irrigation and Livestock,2017-06-02,989,Wheat; Crop Monitoring; Agriculture; Afghanistan; Geoscientific information,60.52678,31.58208,74.7292,37.3498,false,https://rds.icimod.org/Home/DataDetail?metadataId=32933,Spatial extent overlaps HKH region; Recent temporal coverage (≥2020)
1112,32,low,1570,e6433dbc-ce97-4353-bfa0-fc883e549ed9,Geological Joints of Afghanistan,route hazard / safety,hazard,Vector,1000000,2026-05-08t18:14:59.000z,2026-05-08t18:14:59.000z,As needed,"The content of this website can be accessed, printed and downloaded in an unaltered form (altered including being stretc",ICIMOD,2009-12-26T16:14:00,1802,Geology; Faults; Geological hazards; Afghanistan; Structure,60.5042,29.4061,74.9157,38.472,false,https://rds.icimod.org/Home/DataDetail?metadataId=1570,Spatial extent overlaps HKH region; Recent temporal coverage (≥2020)
1113,32,low,189,910abb25-dd35-44b0-941c-e5e0cc93f61f,Public Health Service of Afghanistan,snowline / glacier context,cryosphere,Vector,1000000,2026-05-08t18:14:59.000z,2026-05-08t18:14:59.000z,As needed,"The content of this website can be accessed, printed and downloaded in an unaltered form (altered including being stretc",ICIMOD,2008-05-21T15:20:00,1933,Health Service; Health post; Afghanistan; Health,60.5042,29.4061,74.9157,38.472,false,https://rds.icimod.org/Home/DataDetail?metadataId=189,Spatial extent overlaps HKH region; Recent temporal coverage (≥2020)
1114,31,low,35255,d0709ebb-7fdf-41a0-b3b7-736b9d2b96a1,Mammal Species of Taxkorgan Nature Reserve,none,,"Text, table",,2026-05-08t18:14:59.000z,2026-05-08t18:14:59.000z,Unknown,Creative Commons Attribution 4.0 International (CC BY 4.0) | 1) Research on Snow leopard (Panthera uncia) niche and popu,ICIMOD,2018-01-18,6274,Mammal; Biodiversity; Protected Area; Taxkorgan; China; HKH-BIF; Biota,75.5,37,75.5,37,false,https://rds.icimod.org/Home/DataDetail?metadataId=35255,Spatial extent overlaps HKH region; Recent temporal coverage (≥2020); Open license (CC BY)
1115,31,low,35259,b1fd02e9-4742-4e60-b47a-7cd960f2e669,Fish Species of Zorkul Nature Reserve,none,,"Text, table",,2026-05-08t18:14:59.000z,2026-05-08t18:14:59.000z,Unknown,Creative Commons Attribution 4.0 International (CC BY 4.0) | Zorkul Nature Reserve (Lake Victoria),ICIMOD,2012-03-01,4962,Fish; Biodiversity; Zorkul Nature Reserve; Protected Area; Tajikistan; HKH-BIF; Biota,73.69972,37.44972,73.69972,37.44972,false,https://rds.icimod.org/Home/DataDetail?metadataId=35259,Spatial extent overlaps HKH region; Recent temporal coverage (≥2020); Open license (CC BY)
1116,31,low,15523,f3edf6b0-f63e-4ed5-9c1f-f75a44ba9e4e,Seed Plants of Toorsa Strict Nature Reserve,none,,"Text, table",,2026-05-08t18:14:59.000z,2026-05-08t18:14:59.000z,Unknown,Creative Commons Attribution 4.0 International (CC BY 4.0) | ICIMOD (2008) Kangchenjunga Landscape Biodiversity Database,ICIMOD,2012-02-29,1382,Species; Plants; Seed Plants; Angiosperms; Gymnosperms; Biodiversity; Toorsa Strict Nature Reserve; Kangchenjunga Landscape; Bhutan; HKH-BIF; Biota,88.90800000000002,27.203,89.167,27.573,false,https://rds.icimod.org/Home/DataDetail?metadataId=15523,Spatial extent overlaps HKH region; Recent temporal coverage (≥2020); Open license (CC BY)
1117,31,low,20695,66a9626c-079e-4deb-b272-b3494486344c,Poverty and Vulnerability Assessment (PVA) questionnaire dataset of Myanmar,none,,"Text, table",,2026-05-08t18:14:59.000z,2026-05-08t18:14:59.000z,As needed,Creative Commons Attribution 4.0 International (CC BY 4.0),ICIMOD,2015-03-20,6100,Himalica; Household; Ethnicity; Religion; Occupation; Facility; Transport; Education; Agriculture; Socio-economic; Myanmar; Geoscientific information,92.20499,9.83958,101.16943,28.54652,false,https://rds.icimod.org/Home/DataDetail?metadataId=20695,Spatial extent overlaps HKH region; Recent temporal coverage (≥2020); Open license (CC BY)
1118,31,low,35253,ab3a1235-9605-4303-a8f9-92be749a50d5,Vegetation Species in Pamirs of China,none,,"Text, table",,2026-05-08t18:14:59.000z,2026-05-08t18:14:59.000z,Unknown,"Creative Commons Attribution 4.0 International (CC BY 4.0) | Studies on Leguminosae on the Pamirs of China, Qiu ai-jun, ",ICIMOD,2018-01-18,5483,Seed Plants; Biodiversity; Vegetation; Plants; Angiosperms; Gymnosperms; Pamir; China; HKH-BIF; Biota,75.5,37,75.5,37,false,https://rds.icimod.org/Home/DataDetail?metadataId=35253,Spatial extent overlaps HKH region; Recent temporal coverage (≥2020); Open license (CC BY)
1119,31,low,35260,f6e63019-2eb6-44f5-8f26-dea36b069d52,Mammal Species of Zorkul Nature Reserve,none,,"Text, table",,2026-05-08t18:14:59.000z,2026-05-08t18:14:59.000z,Unknown,Creative Commons Attribution 4.0 International (CC BY 4.0) | Zorkul Nature Reserve (Lake Victoria),ICIMOD,2012-03-01,4883,Mammal; Biodiversity; Zorkul Nature Reserve; Protected Area; Tajikistan; HKH-BIF; Biota,73.69972,37.44972,73.69972,37.44972,false,https://rds.icimod.org/Home/DataDetail?metadataId=35260,Spatial extent overlaps HKH region; Recent temporal coverage (≥2020); Open license (CC BY)
1120,31,low,35258,0b5b5972-5e30-446c-bc9b-6620ef8789c8,Bird Species of Zorkul Nature Reserve,none,,"Text, table",,2026-05-08t18:14:59.000z,2026-05-08t18:14:59.000z,Unknown,Creative Commons Attribution 4.0 International (CC BY 4.0),ICIMOD,2012-03-01,5086,Birds; Biodiversity; Zorkul Nature Reserve; Protected Area; Tajikistan; HKH-BIF; Biota,73.69972,37.44972,73.69972,37.44972,false,https://rds.icimod.org/Home/DataDetail?metadataId=35258,Spatial extent overlaps HKH region; Recent temporal coverage (≥2020); Open license (CC BY)
1121,31,low,15526,22770c0f-d8bf-4b43-b7ee-b67713e3edb3,Seed Plants of Toorsa Jigme Dorji Corridor,none,,"Text, table",,2026-05-08t18:14:59.000z,2026-05-08t18:14:59.000z,Unknown,Creative Commons Attribution 4.0 International (CC BY 4.0) | ICIMOD (2008) Kangchenjunga Landscape Biodiversity Database,ICIMOD,2012-02-29,1649,Species; Plants; Seed Plants; Angiosperms; Gymnosperms; Biodiversity; Toorsa Jigme Dorji Corridor; Kangchenjunga Landscape; Bhutan; HKH-BIF; Biota,89.134,27.434,89.314,27.689,false,https://rds.icimod.org/Home/DataDetail?metadataId=15526,Spatial extent overlaps HKH region; Recent temporal coverage (≥2020); Open license (CC BY)
1122,31,low,35261,116f0260-6c2e-4a64-914a-11a3c6e73b61,Vegetation Species of Zorkul Nature Reserve,none,,"Text, table",,2026-05-08t18:14:59.000z,2026-05-08t18:14:59.000z,Unknown,Creative Commons Attribution 4.0 International (CC BY 4.0) | Zorkul Nature Reserve (Lake Victoria),ICIMOD,2012-03-01,2109,Vegetation; Biodiversity; Zorkul Nature Reserve; Protected Area; Tajikistan; HKH-BIF; Biota,73.69972,37.44972,73.69972,37.44972,false,https://rds.icimod.org/Home/DataDetail?metadataId=35261,Spatial extent overlaps HKH region; Recent temporal coverage (≥2020); Open license (CC BY)
1123,30,low,8869,3c6768d7-12b1-4435-8b26-ba85a88d80a5,"Settlements of Phobjikha, Bhutan",route / travel UX,route_context,Vector,25000,2026-05-08t18:14:59.000z,2026-05-08t18:14:59.000z,As needed,"The content of this website can be accessed, printed and downloaded in an unaltered form (altered including being stretc",ICIMOD,2011-12-19T11:29:00,1265,Settlements; Populated place; Phobjikha; Bhutan,88.75194,26.70361,92.11422,28.325,false,https://rds.icimod.org/Home/DataDetail?metadataId=8869,Spatial extent overlaps HKH region; Recent temporal coverage (≥2020)
1124,30,low,8882,48394f60-5974-4b9e-82bd-5da4b08a0a88,"Populated Places of Wangchu, Bhutan",route / travel UX,route_context,Vector,,2026-05-08t18:14:59.000z,2026-05-08t18:14:59.000z,As needed,"The content of this website can be accessed, printed and downloaded in an unaltered form (altered including being stretc",ICIMOD,2011-12-27T15:04:00,1472,Populated place; Settlements; Wangchu; Bhutan,88.75194,26.70361,92.11422,28.325,false,https://rds.icimod.org/Home/DataDetail?metadataId=8882,Spatial extent overlaps HKH region; Recent temporal coverage (≥2020)
1125,30,low,3299,ca79ef28-a5ac-4dd0-a4ff-1cbdf77bc0fe,Ecological Regions of Afghanistan,terrain / base map,terrain_landcover,Vector,1000000,2026-05-08t18:14:59.000z,2026-05-08t18:14:59.000z,As needed,"The content of this website can be accessed, printed and downloaded in an unaltered form (altered including being stretc",ICIMOD,2008-05-21T12:28:00,3951,Ecological Region; Topography; Afghanistan; Environment,60.5042,29.4061,74.9157,38.472,false,https://rds.icimod.org/Home/DataDetail?metadataId=3299,Spatial extent overlaps HKH region; Recent temporal coverage (≥2020)
1126,30,low,3415,7fec0710-2079-4c29-ac8f-fe7793ecf04c,Ecological Regions of Pakistan,terrain / base map,terrain_landcover,Vector,1000000,2026-05-08t18:14:59.000z,2026-05-08t18:14:59.000z,As needed,"The content of this website can be accessed, printed and downloaded in an unaltered form (altered including being stretc",ICIMOD,2008-06-04T13:30:00,5652,Ecological Region; Topography; Pakistan; Environment,60.8663,23.688,77.8239,37.0608,false,https://rds.icimod.org/Home/DataDetail?metadataId=3415,Spatial extent overlaps HKH region; Recent temporal coverage (≥2020)
1127,28,low,9106,72e89160-dbdd-4636-85fd-7e78c1116e43,"Area Viewpoint Locations in Central Karakoram National Park (CKNP), Pakistan.",route / travel UX,route_context,Vector,20000 m,2026-05-08t18:14:59.000z,2026-05-08t18:14:59.000z,Not planned,"The content of this website can be accessed, printed and downloaded in an unaltered form (altered including being stretc",ICIMOD,2012-10-25,1443,Area Viewpoint; National Park; Central Karakoram National Park (CKNP); Pakistan; Environment,74.253221,35.151452,76.470811,36.332094,false,https://rds.icimod.org/Home/DataDetail?metadataId=9106,Spatial extent overlaps HKH region; Recent temporal coverage (≥2020)
1128,28,low,3445,07b36949-e178-4087-9d32-fb866444eb95,Drainage System of Afghanistan,flood / water context,hydrology,Vector,1000000,2026-05-08t18:14:59.000z,2026-05-08t18:14:59.000z,As needed,"The content of this website can be accessed, printed and downloaded in an unaltered form (altered including being stretc",ICIMOD,2007-10-26,1287,River; Hydrography; Afghanistan; Inland waters,60.5042,29.4061,74.9157,38.472,false,https://rds.icimod.org/Home/DataDetail?metadataId=3445,Spatial extent overlaps HKH region; Recent temporal coverage (≥2020)
1129,28,low,8870,bf71a10a-f94f-4384-9fdf-0890c46b8337,"Road Network of Phobjikha, Bhutan.",route / travel UX,route_context,Vector,25000,2026-05-08t18:14:59.000z,2026-05-08t18:14:59.000z,As needed,"The content of this website can be accessed, printed and downloaded in an unaltered form (altered including being stretc",ICIMOD,2011-12-19T11:39:00,2476,Road Network; transportation Network; Phobjikha; Bhutan,88.75194,26.70361,92.11422,28.325,false,https://rds.icimod.org/Home/DataDetail?metadataId=8870,Spatial extent overlaps HKH region; Recent temporal coverage (≥2020)
1130,28,low,32930,e5177e45-b0bb-4ec6-8413-8a55c35b8499,The layers shows the direction of main rivers and subbranches within the entire country,flood / water context,hydrology,Vector,,2026-05-08t18:14:59.000z,2026-05-08t18:14:59.000z,As needed,,Ministry of Agriculture Irrigation and Livestock,,995,River; Afghanistan; Geoscientific information,60.52678,31.58208,74.7292,37.3498,false,https://rds.icimod.org/Home/DataDetail?metadataId=32930,Spatial extent overlaps HKH region; Recent temporal coverage (≥2020)
1131,28,low,9136,ab60591b-8a38-4eb9-8efc-01abf98e1c55,"Veterinary Hospital locations in Central Karakoram National Park(CKNP), Pakistan.",route / travel UX,route_context,Vector,20000 m,2026-05-08t18:14:59.000z,2026-05-08t18:14:59.000z,Not planned,"The content of this website can be accessed, printed and downloaded in an unaltered form (altered including being stretc",ICIMOD,2012-10-30,1482,Animal Disease; Veterinary Hospital; Central Karakoram National Park (CKNP); Pakistan; Health,74.53003,35.14112,76.53003,36.351124,false,https://rds.icimod.org/Home/DataDetail?metadataId=9136,Spatial extent overlaps HKH region; Recent temporal coverage (≥2020)
1132,28,low,9119,45a4ea6a-a050-47e8-a494-c7adc74e887c,"Hotel locations in Central Karakoram National Park(CKNP), Pakistan.",route / travel UX,route_context,Vector,20000 m,2026-05-08t18:14:59.000z,2026-05-08t18:14:59.000z,Not planned,"The content of this website can be accessed, printed and downloaded in an unaltered form (altered including being stretc",ICIMOD,2012-10-29,1435,Hotel; Central Karakoram National Park (CKNP); Pakistan; Structure,74.282397,35.149686,76.409467,36.483673,false,https://rds.icimod.org/Home/DataDetail?metadataId=9119,Spatial extent overlaps HKH region; Recent temporal coverage (≥2020)
1133,28,low,2501,468df2c7-6d4e-4311-a848-754dd31c1856,River Names of Afghanistan,flood / water context,hydrology,"Text, table",100000,2026-05-08t18:14:59.000z,2026-05-08t18:14:59.000z,As needed,"The content of this website can be accessed, printed and downloaded in an unaltered form (altered including being stretc",ICIMOD,2009-12-26T16:14:00,1858,River Names; Hydrography; Afghanistan; Inland waters,60.5042,29.4061,74.9157,38.472,false,https://rds.icimod.org/Home/DataDetail?metadataId=2501,Spatial extent overlaps HKH region; Recent temporal coverage (≥2020)
1134,28,low,9141,3d135e44-7bbb-4a98-aae3-4eeaa872362a,"Sighting Point locations in Central Karakoram National Park(CKNP), Pakistan.",route / travel UX,route_context,Vector,,2026-05-08t18:14:59.000z,2026-05-08t18:14:59.000z,Not planned,"The content of this website can be accessed, printed and downloaded in an unaltered form (altered including being stretc",ICIMOD,2012-10-31,1244,Animal Habitat; Sighting Point; Biodiversity; Central Karakoram National Park (CKNP); Pakistan,74.510867,35.478506,76.724589,36.530081,false,https://rds.icimod.org/Home/DataDetail?metadataId=9141,Spatial extent overlaps HKH region; Recent temporal coverage (≥2020)
1135,28,low,3024,6970340f-2212-47c9-8b9f-96184b4f4a96,Railroad Network of Pakistan,route / travel UX,route_context,Vector,1000000,2026-05-08t18:14:59.000z,2026-05-08t18:14:59.000z,As needed,"The content of this website can be accessed, printed and downloaded in an unaltered form (altered including being stretc",ICIMOD,2008-06-04T13:12:00,2599,Railways; Transportation network; Pakistan; Transportation,60.8663,23.688,77.8239,37.0608,false,https://rds.icimod.org/Home/DataDetail?metadataId=3024,Spatial extent overlaps HKH region; Recent temporal coverage (≥2020)
1136,28,low,8871,62e6a2a6-e7f6-4a2e-b4ba-ad8808b9364a,"River Network of Phobjikha, Bhutan.",flood / water context,hydrology,Vector,25000,2026-05-08t18:14:59.000z,2026-05-08t18:14:59.000z,As needed,"The content of this website can be accessed, printed and downloaded in an unaltered form (altered including being stretc",ICIMOD,2011-12-19T11:52:00,1680,River Network; Streams; Drainage Network; Phobjikha; Bhutan,88.75194,26.70361,92.11422,28.325,false,https://rds.icimod.org/Home/DataDetail?metadataId=8871,Spatial extent overlaps HKH region; Recent temporal coverage (≥2020)
1137,28,low,9140,8d3e17a8-64ba-490c-babb-38e48c158268,"Gemstone Mines location in Central Karakoram National Park(CKNP), Pakistan.",route / travel UX,route_context,Vector,20000 m,2026-05-08t18:14:59.000z,2026-05-08t18:14:59.000z,Not planned,"The content of this website can be accessed, printed and downloaded in an unaltered form (altered including being stretc",ICIMOD,2012-10-31,1326,Mines; Gemstone; Central Karakoram National Park (CKNP); Pakistan,74.30275,35.14557,76.48418000000001,36.35551,false,https://rds.icimod.org/Home/DataDetail?metadataId=9140,Spatial extent overlaps HKH region; Recent temporal coverage (≥2020)
1138,28,low,1098,a151f4a3-4665-4804-aa9f-1bec53fe53f8,Protected Areas of Afghanistan,route / travel UX,route_context,Vector,100000,2026-05-08t18:14:59.000z,2026-05-08t18:14:59.000z,As needed,"The content of this website can be accessed, printed and downloaded in an unaltered form (altered including being stretc",ICIMOD,2009-12-27T14:00:00,1719,National Park; Protected Area; Afghanistan; Location,60.5042,29.4061,74.9157,38.472,false,https://rds.icimod.org/Home/DataDetail?metadataId=1098,Spatial extent overlaps HKH region; Recent temporal coverage (≥2020)
1139,28,low,9107,458bbc84-17fc-4a09-a8c0-dd92b7d36d73,"Bank locations in Central Karakoram National Park(CKNP), Pakistan.",route / travel UX,route_context,Vector,20000 m,2026-05-08t18:14:59.000z,2026-05-08t18:14:59.000z,Not planned,"The content of this website can be accessed, printed and downloaded in an unaltered form (altered including being stretc",ICIMOD,2012-10-25,1424,Bank; Central Karakoram National Park (CKNP); Pakistan; Structure,74.386735,35.141494,76.362953,36.319391,false,https://rds.icimod.org/Home/DataDetail?metadataId=9107,Spatial extent overlaps HKH region; Recent temporal coverage (≥2020)
1140,28,low,2633,96715068-e7f3-46ea-bc96-85b78324fb7c,"Road Network of RDT Centre, Bhutan",route / travel UX,route_context,Vector,500,2026-05-08t18:14:59.000z,2026-05-08t18:14:59.000z,As needed,"The content of this website can be accessed, printed and downloaded in an unaltered form (altered including being stretc",ICIMOD,2009-01-07T15:02:00,2947,Roads; Transportation network; RDT Center; Bhutan; Transportation,90.6614,27.2155,90.666581,27.21964,false,https://rds.icimod.org/Home/DataDetail?metadataId=2633,Spatial extent overlaps HKH region; Recent temporal coverage (≥2020)
1141,28,low,112,ad82b35f-2f74-488d-b335-5a63312550b9,Road Network of Afghanistan,route / travel UX,route_context,Vector,1000000,2026-05-08t18:14:59.000z,2026-05-08t18:14:59.000z,As needed,"The content of this website can be accessed, printed and downloaded in an unaltered form (altered including being stretc",ICIMOD,2008-05-21T14:21:00,1972,Roads; Transportation network; Afghanistan; Transportation,60.5042,29.4061,74.9157,38.472,false,https://rds.icimod.org/Home/DataDetail?metadataId=112,Spatial extent overlaps HKH region; Recent temporal coverage (≥2020)
1142,28,low,32931,97562003-d008-4250-9b5f-6dc509ab6384,Afghanistan Roads,route / travel UX,route_context,Vector,50000,2026-05-08t18:14:59.000z,2026-05-08t18:14:59.000z,As needed,,Ministry of Agriculture Irrigation and Livestock,2014-06-02,1080,Road; Afghanistan; Geoscientific information,60.52678,31.58208,74.7292,37.3498,false,https://rds.icimod.org/Home/DataDetail?metadataId=32931,Spatial extent overlaps HKH region; Recent temporal coverage (≥2020)
1143,28,low,1755,74f43473-ffc6-4ea3-9a91-e35c7bc53ea7,River Network of Pakistan,flood / water context,hydrology,Vector,1000000,2026-05-08t18:14:59.000z,2026-05-08t18:14:59.000z,As needed,"The content of this website can be accessed, printed and downloaded in an unaltered form (altered including being stretc",ICIMOD,2008-06-04T12:14:00,3665,Hydrography; Drainage Network; Pakistan; Inland waters,60.8663,23.688,77.8239,37.0608,false,https://rds.icimod.org/Home/DataDetail?metadataId=1755,Spatial extent overlaps HKH region; Recent temporal coverage (≥2020)
1144,28,low,1973042,a01e9335-80d8-4f58-929e-213ae8d927cd,Floristic diversity in the Far Eastern Himalayan Landscape,none,,"Text, table",,2026-05-08t18:14:59.000z,2026-05-08t18:14:59.000z,Unknown,Free to use with attribution to the source. Suggested citation: ICIMOD. (2022). Floristic diversity in the Far Eastern H,ICIMOD,2022-03-09,1186,Flora; Plants; Angiosperm; Biodiversity; Gaoligongshan; Namdapha; Hkakaborazi; Hponkanrazi; Hukaung; Bumphabum; Far Eastern Himalayan Landscape; Biota,95.4538,24.6278,99.1376,28.5431,false,https://rds.icimod.org/Home/DataDetail?metadataId=1973042,Spatial extent overlaps HKH region; Recent temporal coverage (≥2020)
1145,28,low,3930,c169ccd4-40e4-4a22-9815-a94c10412cd6,Road Network of Pakistan,route / travel UX,route_context,Vector,1000000,2026-05-08t18:14:59.000z,2026-05-08t18:14:59.000z,As needed,"The content of this website can be accessed, printed and downloaded in an unaltered form (altered including being stretc",ICIMOD,2008-06-04T13:07:00,3150,Roads; Transportation network; Pakistan; Transportation,60.8663,23.688,77.8239,37.0608,false,https://rds.icimod.org/Home/DataDetail?metadataId=3930,Spatial extent overlaps HKH region; Recent temporal coverage (≥2020)
1146,28,low,227,f0a19844-bb84-41f8-854d-ea69d9bec858,River Network of Afghanistan,flood / water context,hydrology,Vector,100000,2026-05-08t18:14:59.000z,2026-05-08t18:14:59.000z,As needed,"The content of this website can be accessed, printed and downloaded in an unaltered form (altered including being stretc",ICIMOD,2009-12-26T16:14:00,2269,Water Body; Drainage network; Hydrography; Afghanistan; Inland waters,60.5042,29.4061,74.9157,38.472,false,https://rds.icimod.org/Home/DataDetail?metadataId=227,Spatial extent overlaps HKH region; Recent temporal coverage (≥2020)
1147,28,low,3880,63006ab9-dd4b-463c-9729-42628648e69b,River System of Afghanistan,flood / water context,hydrology,Vector,100000,2026-05-08t18:14:59.000z,2026-05-08t18:14:59.000z,As needed,"The content of this website can be accessed, printed and downloaded in an unaltered form (altered including being stretc",ICIMOD,2009-12-26T16:14:00,1611,River; Hydrography; Afghanistan; Inland waters,60.5042,29.4061,74.9157,38.472,false,https://rds.icimod.org/Home/DataDetail?metadataId=3880,Spatial extent overlaps HKH region; Recent temporal coverage (≥2020)
1148,28,low,9113,36bd6b2a-f9dd-4c8c-a3e6-fc2e1f96b28f,"Education Institution Locations in Central Karakoram National Park (CKNP), Pakistan.",route / travel UX,route_context,Vector,20000 m,2026-05-08t18:14:59.000z,2026-05-08t18:14:59.000z,Not planned,"The content of this website can be accessed, printed and downloaded in an unaltered form (altered including being stretc",ICIMOD,2012-10-29,1643,Education; Central Karakoram National Park (CKNP); Pakistan,74.301819,35.155278,76.509914,36.322004,false,https://rds.icimod.org/Home/DataDetail?metadataId=9113,Spatial extent overlaps HKH region; Recent temporal coverage (≥2020)
1149,28,low,432,1908b01f-066a-46aa-a19f-87f4eb3dfb9f,"Land use of RDT Centre, Bhutan",terrain / base map,terrain_landcover,Vector,500,2026-05-08t18:14:59.000z,2026-05-08t18:14:59.000z,As needed,"The content of this website can be accessed, printed and downloaded in an unaltered form (altered including being stretc",ICIMOD,2009-01-07T15:02:00,1995,Land use; Land cover; RDT Center; Bhutan; Environment,90.6614,27.2155,90.666581,27.21964,false,https://rds.icimod.org/Home/DataDetail?metadataId=432,Spatial extent overlaps HKH region; Recent temporal coverage (≥2020)
1150,26,low,8868,8abd5443-b174-403c-97d0-75ecbcc3ebcf,"Watershed Boundary of Phobjikha, Bhutan",flood / water context,hydrology,Vector,25000,2026-05-08t18:14:59.000z,2026-05-08t18:14:59.000z,As needed,"The content of this website can be accessed, printed and downloaded in an unaltered form (altered including being stretc",ICIMOD,2011-12-19T10:27:00,2324,Watershed Boundary; Water Resource Management; Phobjikha; Bhutan; Boundaries,88.75194,26.70361,92.11422,28.325,false,https://rds.icimod.org/Home/DataDetail?metadataId=8868,Spatial extent overlaps HKH region; Recent temporal coverage (≥2020)
1151,25,low,19390,d9d407b3-5d21-496e-b55b-ad6461122f2f,"General Fish Species of Karakoram Pamir Landscape, Pakistan",route / travel UX,route_context,"Text, table",,2010-12-31t23:15:00.000z,2011-12-30t23:15:00.000z,As needed,Creative Commons Attribution 4.0 International (CC BY 4.0),ICIMOD,2014-12-03,1526,Biodiversity; Fish; Fauna; Protected Area; Khunjerab National Park; Pakistan; Karakoram; Gilgit; Biota,74.91667,36.01667,75.95,37.03333,false,https://rds.icimod.org/Home/DataDetail?metadataId=19390,Spatial extent overlaps HKH region; Open license (CC BY)
1152,25,low,19392,10023fe6-1c87-441b-8cdc-67441dcd6c94,"Medicinal plant species of Karakoram Pamir Landscape, Pakistan",route / travel UX,route_context,"Text, table",,2010-12-31t23:15:00.000z,2011-12-30t23:15:00.000z,As needed,Creative Commons Attribution 4.0 International (CC BY 4.0),ICIMOD,2014-12-03,4425,Biodiversity; Medicinal Plant; Flora; Protected Area; Khunjerab National Park; Pakistan; Karakoram; Gilgit; Biota,74.91667,36.01667,75.95,37.03333,false,https://rds.icimod.org/Home/DataDetail?metadataId=19392,Spatial extent overlaps HKH region; Open license (CC BY)
1153,25,low,19389,6cab86b4-3ca3-40e5-a7a2-6506ab742645,"Bird Species of Karakoram Pamir Landscape, Pakistan",route / travel UX,route_context,"Text, table",,2010-12-31t23:15:00.000z,2011-12-30t23:15:00.000z,As needed,Creative Commons Attribution 4.0 International (CC BY 4.0),ICIMOD,2014-12-03,4406,Biodiversity; Bird; Fauna; Protected Area; Khunjerab National Park; Pakistan; Karakoram; Gilgit; Biota,74.916666666667,36.01667,75.95,37.03333,false,https://rds.icimod.org/Home/DataDetail?metadataId=19389,Spatial extent overlaps HKH region; Open license (CC BY)
1154,25,low,19391,1c2dba10-6b4c-4654-87cc-7eb2902867fa,"Mammal Species of Karakoram Pamir Landscape, Pakistan",route / travel UX,route_context,"Text, table",,2010-12-31t23:15:00.000z,2011-12-30t23:15:00.000z,As needed,Creative Commons Attribution 4.0 International (CC BY 4.0),ICIMOD,2014-12-03,4737,Biodiversity; Mammal; Fauna; Protected Area; Khunjerab National Park; Pakistan; Karakoram; Gilgit; Biota,74.91667,36.01667,75.95,37.03333,false,https://rds.icimod.org/Home/DataDetail?metadataId=19391,Spatial extent overlaps HKH region; Open license (CC BY)
1155,24,irrelevant,15516,a61628ec-f7a5-42c4-a34e-6a882b370af9,Seed Plants of Mahananda Neora Valley Corridor,none,,"Text, table",,2026-05-08t18:14:59.000z,2026-05-08t18:14:59.000z,Unknown,Creative Commons Attribution 4.0 International (CC BY 4.0) | ICIMOD (2008) Kangchenjunga Landscape Biodiversity Database,ICIMOD,2012-02-29,1607,Species; Plants; Seed Plants; Angiosperms; Gymnosperms; Biodiversity; Mahananda Wildlife Sanctuary; Mahananda Neora Valley Corridor; Kangchenjunga Corridor; Khangchendzonga Biosphere Reserve; Kangchenjunga Conservation Area; Kangchenjunga Landscape; Taplejung; Panchthar; Ilam; Eastern Nepal; India; HKH-BIF; Biota,26.839,88.44,27.049,88.769,false,https://rds.icimod.org/Home/DataDetail?metadataId=15516,Outside Nepal/HKH region; Explicitly mentions Nepal; Recent temporal coverage (≥2020); Open license (CC BY)
1156,23,irrelevant,23226,14285826-ddc8-45fb-a288-ca76243d3a8f,Ranking for grazing suitability in Key grazing areas of Gilgit Baltistan.,none,,Grid,30 m,2013-12-31t18:15:00.000z,2014-12-30t18:15:00.000z,As needed,"Creative Commons Attribution 4.0 International (CC BY 4.0) | Users are permitted to copy, use, adapt, and redistribute S","ICIMOD, SERVIR Himalaya",2015-01-07,45179,Rangelands; Phenology; Productivity; servircat; icimod-servir; geo-biodiversity; Pakistan; Geoscientific information,69.2371,31.0536,77.8319,37.095,false,https://rds.icimod.org/Home/DataDetail?metadataId=23226,Spatial extent overlaps HKH region; Open license (CC BY); High portal popularity
1157,23,irrelevant,31160,4dd95d8c-e7e6-4be1-8db8-258b5aa5c389,Kora of Kailash Sacred Landscape (KSL),none,,,m,2026-05-08t18:14:59.000z,2026-05-08t18:14:59.000z,As needed,Creative Commons Attribution 4.0 International (CC BY 4.0),ICIMOD,2016-11-23,2413,Kora; Kora; Pulan; Kailash Sacred Landscape; Geoscientific information,81.259499,30.961804,81.380198,31.10761,false,https://rds.icimod.org/Home/DataDetail?metadataId=31160,Spatial extent overlaps HKH region; Recent temporal coverage (≥2020); Open license (CC BY)
1158,18,irrelevant,3542,3ee16b9c-c0dd-4909-8853-6c304506d866,Total Number of Students Per District of Afghanistan,none,,Vector,100000,2026-05-08t18:14:59.000z,2026-05-08t18:14:59.000z,As needed,"The content of this website can be accessed, printed and downloaded in an unaltered form (altered including being stretc",ICIMOD,2009-12-27T14:00:00,1673,Education; School; Afghanistan; Society,60.5042,29.4061,74.9157,38.472,false,https://rds.icimod.org/Home/DataDetail?metadataId=3542,Spatial extent overlaps HKH region; Recent temporal coverage (≥2020)
1159,18,irrelevant,8884,c763c944-7dd6-49a4-a323-56b75b7f9c55,"Dam Site Locations of Wangchu, Bhutan",none,,Vector,,2026-05-08t18:14:59.000z,2026-05-08t18:14:59.000z,As needed,"The content of this website can be accessed, printed and downloaded in an unaltered form (altered including being stretc",ICIMOD,2011-12-27T15:17:00,1897,Dam Site; Water Resource Management; Wangchu; Bhutan,88.75194,26.70361,92.11422,28.325,false,https://rds.icimod.org/Home/DataDetail?metadataId=8884,Spatial extent overlaps HKH region; Recent temporal coverage (≥2020)
1160,18,irrelevant,3340,afba36af-d77c-4f35-8d06-99e974528797,Number of Students per District of Afghanistan,none,,Vector,100000,2026-05-08t18:14:59.000z,2026-05-08t18:14:59.000z,As needed,"The content of this website can be accessed, printed and downloaded in an unaltered form (altered including being stretc",ICIMOD,2009-12-27T14:00:00,1380,Eduction; School; Afghanistan; Society,60.5042,29.4061,74.9157,38.472,false,https://rds.icimod.org/Home/DataDetail?metadataId=3340,Spatial extent overlaps HKH region; Recent temporal coverage (≥2020)
1161,18,irrelevant,3288,30a3bace-600d-40c6-a6b8-531dae36f0ae,Geological Fault lines of Afghanistan,none,,Vector,1000000,2026-05-08t18:14:59.000z,2026-05-08t18:14:59.000z,As needed,"The content of this website can be accessed, printed and downloaded in an unaltered form (altered including being stretc",ICIMOD,2009-12-26T16:14:00,1730,Fault line; Geology; Afghanistan; Structure,60.5042,29.4061,74.9157,38.472,false,https://rds.icimod.org/Home/DataDetail?metadataId=3288,Spatial extent overlaps HKH region; Recent temporal coverage (≥2020)
1162,18,irrelevant,1266,93141622-e151-4894-8df5-0f69965244f8,"Drainage Network of RDT Centre, Bhutan",none,,Vector,500,2026-05-08t18:14:59.000z,2026-05-08t18:14:59.000z,As needed,"The content of this website can be accessed, printed and downloaded in an unaltered form (altered including being stretc",ICIMOD,2009-01-07T15:02:00,1791,Drainage Network; Hydrography; RDT Center; Bhutan; Inland waters,90.6614,27.2155,90.666581,27.21964,false,https://rds.icimod.org/Home/DataDetail?metadataId=1266,Spatial extent overlaps HKH region; Recent temporal coverage (≥2020)
1163,18,irrelevant,2232,53a5a38d-0bd4-4216-8674-951ccaa15961,Education Institution of Afghanistan,none,,Vector,1000000,2026-05-08t18:14:59.000z,2026-05-08t18:14:59.000z,As needed,"The content of this website can be accessed, printed and downloaded in an unaltered form (altered including being stretc",ICIMOD,2008-05-21T14:15:00,1263,School; Education institution; Afghanistan; Location,60.5042,29.4061,74.9157,38.472,false,https://rds.icimod.org/Home/DataDetail?metadataId=2232,Spatial extent overlaps HKH region; Recent temporal coverage (≥2020)
1164,18,irrelevant,293,f317dfe6-9d7a-4bd0-a659-447c332fc2ef,Languages of Afghanistan,none,,Vector,1000000,2026-05-08t18:14:59.000z,2026-05-08t18:14:59.000z,As needed,"The content of this website can be accessed, printed and downloaded in an unaltered form (altered including being stretc",ICIMOD,2008-05-20T13:45:00,2001,Language; Afghanistan; Society,60.5042,29.4061,74.9157,38.472,false,https://rds.icimod.org/Home/DataDetail?metadataId=293,Spatial extent overlaps HKH region; Recent temporal coverage (≥2020)
1165,18,irrelevant,2667,ce85cbe8-a2a0-47f4-a9ae-9c957a0dd04c,School Locations of Afghanistan,none,,Vector,1000000,2026-05-08t18:14:59.000z,2026-05-08t18:14:59.000z,As needed,"The content of this website can be accessed, printed and downloaded in an unaltered form (altered including being stretc",ICIMOD,2008-05-20T13:34:00,1536,School; Education institutes; Afghanistan; Location,60.5042,29.4061,74.9157,38.472,false,https://rds.icimod.org/Home/DataDetail?metadataId=2667,Spatial extent overlaps HKH region; Recent temporal coverage (≥2020)
1166,18,irrelevant,32929,e86904cb-7991-4d65-870c-8a4bb4177ec5,Administrative boundaries of 34 provinces across the Afghanistan,none,,Vector,50000,2026-05-08t18:14:59.000z,2026-05-08t18:14:59.000z,As needed,,Ministry of Agriculture Irrigation and Livestock,2005-05-20,1773,Boundaries; Province; Afghanistan; Boundaries,60.52678,31.58208,74.7292,37.3498,false,https://rds.icimod.org/Home/DataDetail?metadataId=32929,Spatial extent overlaps HKH region; Recent temporal coverage (≥2020)
1167,18,irrelevant,8872,58415618-243c-4e2e-8180-939a1b2f36f8,"Black Neck Crane Habitat Locations of Phobjikha, Bhutan.",none,,Vector,25000,2026-05-08t18:14:59.000z,2026-05-08t18:14:59.000z,As needed,"The content of this website can be accessed, printed and downloaded in an unaltered form (altered including being stretc",ICIMOD,2011-12-19T11:58:00,2301,Black Neck Crane; Birds; Animal Habitat; Biodiversity; Phobjikha; Bhutan,88.75194,26.70361,92.11422,28.325,false,https://rds.icimod.org/Home/DataDetail?metadataId=8872,Spatial extent overlaps HKH region; Recent temporal coverage (≥2020)
1168,18,irrelevant,1508,bb4ae5ae-da36-40eb-83e5-bd4efebe7650,Country Boundary of Pakistan,none,,Vector,1000000,2026-05-08t18:14:59.000z,2026-05-08t18:14:59.000z,As needed,"The content of this website can be accessed, printed and downloaded in an unaltered form (altered including being stretc",ICIMOD,2008-06-04T13:39:00,2105,Country Boundary; Outline; Pakistan; Boundaries,60.8663,23.688,77.8239,37.0608,false,https://rds.icimod.org/Home/DataDetail?metadataId=1508,Spatial extent overlaps HKH region; Recent temporal coverage (≥2020)
1169,18,irrelevant,1743,c3a24302-1403-4c89-954c-cc4c4f751176,Students Per District Population of Afghanistan,none,,Vector,100000,2026-05-08t18:14:59.000z,2026-05-08t18:14:59.000z,As needed,"The content of this website can be accessed, printed and downloaded in an unaltered form (altered including being stretc",ICIMOD,2009-12-26T16:14:00,1419,Education Institutions; Student ratio; Afghanistan; Society,60.5042,29.4061,74.9157,38.472,false,https://rds.icimod.org/Home/DataDetail?metadataId=1743,Spatial extent overlaps HKH region; Recent temporal coverage (≥2020)
1170,18,irrelevant,2674,31fb9ed6-3074-4c00-b24b-c6a6b26dfebf,School Density of Afghanistan,none,,Vector,100000,2026-05-08t18:14:59.000z,2026-05-08t18:14:59.000z,As needed,"The content of this website can be accessed, printed and downloaded in an unaltered form (altered including being stretc",ICIMOD,2009-12-26T16:14:00,1690,School density; Student; Afghanistan; Society,60.5042,29.4061,74.9157,38.472,false,https://rds.icimod.org/Home/DataDetail?metadataId=2674,Spatial extent overlaps HKH region; Recent temporal coverage (≥2020)
1171,18,irrelevant,1196,a128b7f1-3864-4a49-bc65-1947400ad2fd,Primary Schools Location of Afghanistan,none,,Vector,1000000,2026-05-08t18:14:59.000z,2026-05-08t18:14:59.000z,As needed,"The content of this website can be accessed, printed and downloaded in an unaltered form (altered including being stretc",ICIMOD,2008-05-21T15:16:00,1637,School; Education; Afghanistan; Location,60.5042,29.4061,74.9157,38.472,false,https://rds.icimod.org/Home/DataDetail?metadataId=1196,Spatial extent overlaps HKH region; Recent temporal coverage (≥2020)
1172,18,irrelevant,771,3fc85e4b-dc6c-4502-8806-ae040f98945c,Distict Boundary of Afghanistan,none,,Vector,100000,2026-05-08t18:14:59.000z,2026-05-08t18:14:59.000z,As needed,"The content of this website can be accessed, printed and downloaded in an unaltered form (altered including being stretc",ICIMOD,2009-12-26T16:14:00,1212,Administrative Boundary; District; Afghanistan; Boundaries,60.5042,29.4061,74.9157,38.472,false,https://rds.icimod.org/Home/DataDetail?metadataId=771,Spatial extent overlaps HKH region; Recent temporal coverage (≥2020)
1173,18,irrelevant,1641,4162d5ca-7238-4dfd-8b89-9f9a2319685c,Built-up Area of Pakistan,none,,Vector,1000000,2026-05-08t18:14:59.000z,2026-05-08t18:14:59.000z,As needed,"The content of this website can be accessed, printed and downloaded in an unaltered form (altered including being stretc",ICIMOD,2008-06-07T21:15:00,3133,Urban; Populated place; Pakistan; Location,60.8663,23.688,77.8239,37.0608,false,https://rds.icimod.org/Home/DataDetail?metadataId=1641,Spatial extent overlaps HKH region; Recent temporal coverage (≥2020)
1174,18,irrelevant,3698,09d346fb-3715-4854-9e8b-0ba85f2f98aa,Security Zones of Afghanistan,none,,Vector,1000000,2026-05-08t18:14:59.000z,2026-05-08t18:14:59.000z,As needed,"The content of this website can be accessed, printed and downloaded in an unaltered form (altered including being stretc",ICIMOD,2008-05-21T14:55:00,1403,Zoining; Security; Afghanistan; Location,60.5042,29.4061,74.9157,38.472,false,https://rds.icimod.org/Home/DataDetail?metadataId=3698,Spatial extent overlaps HKH region; Recent temporal coverage (≥2020)
1175,18,irrelevant,1710,ceee9d7b-d7ff-445e-9bc2-0d7e46f839f5,"Boundary of RDT Centre, Bhutan",none,,Vector,500,2026-05-08t18:14:59.000z,2026-05-08t18:14:59.000z,As needed,"The content of this website can be accessed, printed and downloaded in an unaltered form (altered including being stretc",ICIMOD,2009-01-07T15:02:00,1424,Boundaries; RDT Center; Bhutan; Boundaries,90.660801,27.21488,90.668427,27.219691,false,https://rds.icimod.org/Home/DataDetail?metadataId=1710,Spatial extent overlaps HKH region; Recent temporal coverage (≥2020)
1176,18,irrelevant,1142,b14841c3-1cc2-4475-ad63-be8a7ceb0527,Geological Zones of Afghanistan,none,,Vector,1000000,2026-05-08t18:14:59.000z,2026-05-08t18:14:59.000z,As needed,"The content of this website can be accessed, printed and downloaded in an unaltered form (altered including being stretc",ICIMOD,2009-12-26T16:14:00,1552,Geology; Afghanistan; Environment,60.5042,29.4061,74.9157,38.472,false,https://rds.icimod.org/Home/DataDetail?metadataId=1142,Spatial extent overlaps HKH region; Recent temporal coverage (≥2020)
1177,18,irrelevant,8873,cd8e99bf-d4fe-4bfa-938b-992c35dbe516,"Management Zone of Phobjikha, Bhutan.",none,,Vector,25000,2026-05-08t18:14:59.000z,2026-05-08t18:14:59.000z,As needed,"The content of this website can be accessed, printed and downloaded in an unaltered form (altered including being stretc",ICIMOD,2011-12-19T12:09:00,1588,Management Zone; Biodiversity; Animal Habitat; Phobjikha; Bhutan,88.75194,26.70361,92.11422,28.325,false,https://rds.icimod.org/Home/DataDetail?metadataId=8873,Spatial extent overlaps HKH region; Recent temporal coverage (≥2020)
1178,18,irrelevant,2316,f3d7749e-c6c0-480a-99cd-e1348026a9da,Major Cities of Afghanistan,none,,Vector,1000000,2026-05-08t18:14:59.000z,2026-05-08t18:14:59.000z,As needed,"The content of this website can be accessed, printed and downloaded in an unaltered form (altered including being stretc",ICIMOD,2008-05-21T14:28:00,1859,City; Populated place; Urban; Afghanistan; Location,60.5042,29.4061,74.9157,38.472,false,https://rds.icimod.org/Home/DataDetail?metadataId=2316,Spatial extent overlaps HKH region; Recent temporal coverage (≥2020)
1179,18,irrelevant,525,bf651367-00af-478e-957d-c9cc44c5ee8d,Province Boundary of Afghanistan,none,,Vector,100000,2026-05-08t18:14:59.000z,2026-05-08t18:14:59.000z,As needed,"The content of this website can be accessed, printed and downloaded in an unaltered form (altered including being stretc",ICIMOD,2009-12-26T16:14:00,1235,Administrative boundary; province; Afghanistan; Boundaries,60.5042,29.4061,74.9157,38.472,false,https://rds.icimod.org/Home/DataDetail?metadataId=525,Spatial extent overlaps HKH region; Recent temporal coverage (≥2020)
1180,18,irrelevant,404,93b10075-6c79-4576-a2cf-1bbc38eddc1d,"Surveyed Area of RDT Centre, Bhutan",none,,Vector,500,2026-05-08t18:14:59.000z,2026-05-08t18:14:59.000z,As needed,"The content of this website can be accessed, printed and downloaded in an unaltered form (altered including being stretc",ICIMOD,2009-01-07T15:02:00,1512,Surveyed Area; RDT Center; Bhutan; Boundaries,90.6614,27.2155,90.666581,27.21964,false,https://rds.icimod.org/Home/DataDetail?metadataId=404,Spatial extent overlaps HKH region; Recent temporal coverage (≥2020)
1181,18,irrelevant,3421,eac0ed10-d83f-4813-af05-598472d7d5da,Water Resource Features of Afghanistan,none,,Vector,1000000,2026-05-08t18:14:59.000z,2026-05-08t18:14:59.000z,As needed,"The content of this website can be accessed, printed and downloaded in an unaltered form (altered including being stretc",ICIMOD,2009-12-26T16:14:00,1330,Water resource management; Water Sources; Afghanistan; Inland waters,60.5042,29.4061,74.9157,38.472,false,https://rds.icimod.org/Home/DataDetail?metadataId=3421,Spatial extent overlaps HKH region; Recent temporal coverage (≥2020)
1182,18,irrelevant,1243,8dc9e0bd-6d17-44b6-b73b-cc969440e130,"Electric Poles Location of RDT Centre, Bhutan",none,,Vector,500,2026-05-08t18:14:59.000z,2026-05-08t18:14:59.000z,As needed,"The content of this website can be accessed, printed and downloaded in an unaltered form (altered including being stretc",ICIMOD,2009-01-07T15:02:00,1729,Electric Poles; RDT Center; Bhutan; Utilities communication,90.6614,27.2155,90.666581,27.21964,false,https://rds.icimod.org/Home/DataDetail?metadataId=1243,Spatial extent overlaps HKH region; Recent temporal coverage (≥2020)
1183,18,irrelevant,358,de8166d5-09c0-4cbc-aa27-ce09d1366b45,Major Habitat Area of Afghanistan,none,,Vector,1000000,2026-05-08t18:14:59.000z,2026-05-08t18:14:59.000z,As needed,"The content of this website can be accessed, printed and downloaded in an unaltered form (altered including being stretc",ICIMOD,2008-05-21T12:19:00,1281,Habitat; Biodiversity; Afghanistan; Environment,60.5042,29.4061,74.9157,38.472,false,https://rds.icimod.org/Home/DataDetail?metadataId=358,Spatial extent overlaps HKH region; Recent temporal coverage (≥2020)
1184,18,irrelevant,3822,3ac525f6-eee0-4efe-aac2-bf4f8fcfd35e,"Trees of RDT Centre, Bhutan",none,,Vector,500,2026-05-08t18:14:59.000z,2026-05-08t18:14:59.000z,As needed,"The content of this website can be accessed, printed and downloaded in an unaltered form (altered including being stretc",ICIMOD,2009-01-07T15:02:00,1509,Trees; RDT Center; Bhutan; Environment,90.6614,27.2155,90.666581,27.21964,false,https://rds.icimod.org/Home/DataDetail?metadataId=3822,Spatial extent overlaps HKH region; Recent temporal coverage (≥2020)
1185,18,irrelevant,1452,d496b92b-9158-45ab-bc51-65667c927332,Lakes of Afghanistan,none,,Vector,100000,2026-05-08t18:14:59.000z,2026-05-08t18:14:59.000z,As needed,"The content of this website can be accessed, printed and downloaded in an unaltered form (altered including being stretc",ICIMOD,2009-12-26T16:14:00,1433,Lakes; Water bodies; Afghanistan; Inland waters,60.5042,29.4061,74.9157,38.472,false,https://rds.icimod.org/Home/DataDetail?metadataId=1452,Spatial extent overlaps HKH region; Recent temporal coverage (≥2020)
1186,18,irrelevant,433,c0108dc1-0e41-474a-9e30-e3aecb0c2fa3,Water Body of Afghanistan,none,,Vector,1000000,2026-05-08t18:14:59.000z,2026-05-08t18:14:59.000z,As needed,"The content of this website can be accessed, printed and downloaded in an unaltered form (altered including being stretc",ICIMOD,2012-07-06T14:44:00,1930,Water body; Lakes; Afghanistan; Inland waters,60.5042,29.4061,74.9157,38.472,false,https://rds.icimod.org/Home/DataDetail?metadataId=433,Spatial extent overlaps HKH region; Recent temporal coverage (≥2020)
1187,18,irrelevant,137,b484d14e-4dc0-4b9a-9626-a98452a5729c,Energy Resources of Afghanistan,none,,Vector,1000000,2026-05-08t18:14:59.000z,2026-05-08t18:14:59.000z,As needed,"The content of this website can be accessed, printed and downloaded in an unaltered form (altered including being stretc",ICIMOD,2009-12-26T16:14:00,1161,Oil; Natural Gas; Natural resources; Afghanistan; Location,60.5042,29.4061,74.9157,38.472,false,https://rds.icimod.org/Home/DataDetail?metadataId=137,Spatial extent overlaps HKH region; Recent temporal coverage (≥2020)
1188,18,irrelevant,1201,5e7bda7d-e6a3-45eb-8388-d5fdb64e320d,Airports of Afghanistan,none,,Vector,1000000,2026-05-08t18:14:59.000z,2026-05-08t18:14:59.000z,As needed,"The content of this website can be accessed, printed and downloaded in an unaltered form (altered including being stretc",ICIMOD,2008-05-20T12:29:00,1739,Airports; Transportation; Infrastructure; Afghanistan; Transportation,60.5042,29.4061,74.9157,38.472,false,https://rds.icimod.org/Home/DataDetail?metadataId=1201,Spatial extent overlaps HKH region; Recent temporal coverage (≥2020)
1189,18,irrelevant,310,9f95e6ec-b0f6-4a0d-9ca5-adf7af0a1a1a,"Traverse Points Location of RDT Centre, Bhutan",none,,Vector,500,2026-05-08t18:14:59.000z,2026-05-08t18:14:59.000z,As needed,"The content of this website can be accessed, printed and downloaded in an unaltered form (altered including being stretc",ICIMOD,2009-01-07T15:02:00,2343,Control Points; Survey points; RDT Center; Bhutan; Geoscientific information,90.6614,27.2155,90.666581,27.21964,false,https://rds.icimod.org/Home/DataDetail?metadataId=310,Spatial extent overlaps HKH region; Recent temporal coverage (≥2020)
1190,18,irrelevant,2712,a714b7f5-10f4-4662-8769-62c7553e9b25,"Graticules of RDT Centre, Bhutan",none,,Vector,500,2026-05-08t18:14:59.000z,2026-05-08t18:14:59.000z,As needed,"The content of this website can be accessed, printed and downloaded in an unaltered form (altered including being stretc",ICIMOD,2009-01-07T15:02:00,2122,Latitude and longitude; Graticules; RDT Center; Bhutan; Geoscientific information,90.6614,27.2155,90.666581,27.21964,false,https://rds.icimod.org/Home/DataDetail?metadataId=2712,Spatial extent overlaps HKH region; Recent temporal coverage (≥2020)
1191,18,irrelevant,125,cd2dfce5-782c-47e2-b461-6a6548a78b9a,Education Institutions per District of Afghanistan,none,,Vector,100000,2026-05-08t18:14:59.000z,2026-05-08t18:14:59.000z,As needed,"The content of this website can be accessed, printed and downloaded in an unaltered form (altered including being stretc",ICIMOD,2009-12-26T16:14:00,1484,Education Instituiont; School; Afghanistan; Location,60.5042,29.4061,74.9157,38.472,false,https://rds.icimod.org/Home/DataDetail?metadataId=125,Spatial extent overlaps HKH region; Recent temporal coverage (≥2020)
1192,18,irrelevant,2696,ff4c19fd-d44d-4e84-8a04-5dd835d65d68,Population Health Workers Ratio of Afghanistan,none,,Vector,1000000,2026-05-08t18:14:59.000z,2026-05-08t18:14:59.000z,As needed,"The content of this website can be accessed, printed and downloaded in an unaltered form (altered including being stretc",ICIMOD,2008-05-21T12:34:00,1804,Population; Health; Afghanistan; Society,60.5042,29.4061,74.9157,38.472,false,https://rds.icimod.org/Home/DataDetail?metadataId=2696,Spatial extent overlaps HKH region; Recent temporal coverage (≥2020)
1193,18,irrelevant,2894,895ae933-948d-4424-acb6-a9df6a493f5e,Population Distribution (1998) of Afghanistan,none,,Vector,1000000,2026-05-08t18:14:59.000z,2026-05-08t18:14:59.000z,As needed,"The content of this website can be accessed, printed and downloaded in an unaltered form (altered including being stretc",ICIMOD,2008-05-21T14:35:00,1271,Population Distribution; Afghanistan; Society,60.5042,29.4061,74.9157,38.472,false,https://rds.icimod.org/Home/DataDetail?metadataId=2894,Spatial extent overlaps HKH region; Recent temporal coverage (≥2020)
1194,18,irrelevant,3899,cc5ca262-d092-4a0d-8d30-bedec8787644,Country Boundary of Afghanistan,none,,Vector,100000,2026-05-08t18:14:59.000z,2026-05-08t18:14:59.000z,As needed,"The content of this website can be accessed, printed and downloaded in an unaltered form (altered including being stretc",ICIMOD,2009-12-26T16:14:00,1838,Administrative boundary; Outline; Afghanistan; Boundaries,60.5042,29.4061,74.9157,38.472,false,https://rds.icimod.org/Home/DataDetail?metadataId=3899,Spatial extent overlaps HKH region; Recent temporal coverage (≥2020)
1195,18,irrelevant,3764,d7432767-60b3-4682-a606-e8f403cf2ee7,"Telephone Poles location of RDT Centre, Bhutan",none,,Vector,500,2026-05-08t18:14:59.000z,2026-05-08t18:14:59.000z,As needed,"The content of this website can be accessed, printed and downloaded in an unaltered form (altered including being stretc",ICIMOD,2009-01-07T15:02:00,2130,Telehone Pole; Utility; RDT Center; Bhutan; Utilities communication,90.6614,27.2155,90.666581,27.21964,false,https://rds.icimod.org/Home/DataDetail?metadataId=3764,Spatial extent overlaps HKH region; Recent temporal coverage (≥2020)
1196,18,irrelevant,3690,afbc7d91-02fd-4998-bb05-77cfab1f19ef,District Boundary of Bhutan,none,,Vector,50000,2026-05-08t18:14:59.000z,2026-05-08t18:14:59.000z,As needed,"The content of this website can be accessed, printed and downloaded in an unaltered form (altered including being stretc",ICIMOD,2008-12-21T11:00:00,2068,District Boundary; Bhutan; Boundaries,88.7519,26.7036,92.1142,28.325,false,https://rds.icimod.org/Home/DataDetail?metadataId=3690,Spatial extent overlaps HKH region; Recent temporal coverage (≥2020)
1197,18,irrelevant,2322,ae58e551-8e6c-455b-9272-07f5c9d62ae6,Cultivated Land of Afghanistan,none,,Vector,100000,2026-05-08t18:14:59.000z,2026-05-08t18:14:59.000z,As needed,"The content of this website can be accessed, printed and downloaded in an unaltered form (altered including being stretc",ICIMOD,2008-05-20T14:33:00,1267,Cultivated Land; Agriculture; Afghanistan; Farming,60.5042,29.4061,74.9157,38.472,false,https://rds.icimod.org/Home/DataDetail?metadataId=2322,Spatial extent overlaps HKH region; Recent temporal coverage (≥2020)
1198,18,irrelevant,3025,5a5c26ec-edb2-49da-a183-5efb91e35062,Student Teacher Ratio of Afghanistan,none,,Vector,100000,2026-05-08t18:14:59.000z,2026-05-08t18:14:59.000z,As needed,"The content of this website can be accessed, printed and downloaded in an unaltered form (altered including being stretc",ICIMOD,2009-12-26T16:14:00,1787,Education; School; Afghanistan; Society,60.5042,29.4061,74.9157,38.472,false,https://rds.icimod.org/Home/DataDetail?metadataId=3025,Spatial extent overlaps HKH region; Recent temporal coverage (≥2020)
1199,18,irrelevant,3132,45fb268d-2df5-498d-84e5-118113bc9a5a,Country Boundary of Bhutan.,none,,Vector,50000,2026-05-08t18:14:59.000z,2026-05-08t18:14:59.000z,As needed,"The content of this website can be accessed, printed and downloaded in an unaltered form (altered including being stretc",ICIMOD,2009-03-02T16:35:00,2449,Boundary; Outline; Bhutan; Boundaries,88.7519,26.7036,92.1142,28.325,false,https://rds.icimod.org/Home/DataDetail?metadataId=3132,Spatial extent overlaps HKH region; Recent temporal coverage (≥2020)
1200,18,irrelevant,1646,7d95d9ce-edcd-4ce1-9bf7-7f0d90623442,Distict Boundary of Afghanistan,none,,Vector,1000000,2026-05-08t18:14:59.000z,2026-05-08t18:14:59.000z,As needed,"The content of this website can be accessed, printed and downloaded in an unaltered form (altered including being stretc",ICIMOD,2008-05-21T14:25:00,3228,Administrative Boundary; District; Afghanistan; Boundaries,60.5042,29.4061,74.9157,38.472,false,https://rds.icimod.org/Home/DataDetail?metadataId=1646,Spatial extent overlaps HKH region; Recent temporal coverage (≥2020)
1201,18,irrelevant,933,d0dddfb5-84fc-49e7-856f-6ce0bdd02ac9,Geology of Afghanistan,none,,Vector,1000000,2026-05-08t18:14:59.000z,2026-05-08t18:14:59.000z,As needed,"The content of this website can be accessed, printed and downloaded in an unaltered form (altered including being stretc",ICIMOD,2008-05-21T12:02:00,1640,Geology; Afghanistan; Structure,60.5042,29.4061,74.9157,38.472,false,https://rds.icimod.org/Home/DataDetail?metadataId=933,Spatial extent overlaps HKH region; Recent temporal coverage (≥2020)
1202,18,irrelevant,3330,ad33d352-3194-41f8-bcff-6818ad458230,Type of Schools of Afghanistan,none,,Vector,100000,2026-05-08t18:14:59.000z,2026-05-08t18:14:59.000z,As needed,"The content of this website can be accessed, printed and downloaded in an unaltered form (altered including being stretc",ICIMOD,2009-12-26T16:14:00,1810,Education; School; Afghanistan; Society,60.5042,29.4061,74.9157,38.472,false,https://rds.icimod.org/Home/DataDetail?metadataId=3330,Spatial extent overlaps HKH region; Recent temporal coverage (≥2020)
1203,18,irrelevant,3155,def2ce16-2f9e-4aaf-bc57-d88aa5c75d18,Schools without Drinking Water Access of Afghanistan,none,,Vector,100000,2026-05-08t18:14:59.000z,2026-05-08t18:14:59.000z,As needed,"The content of this website can be accessed, printed and downloaded in an unaltered form (altered including being stretc",ICIMOD,2009-12-26T16:14:00,1177,Education; Drinking Water Accessibility; Afghanistan; Society,60.5042,29.4061,74.9157,38.472,false,https://rds.icimod.org/Home/DataDetail?metadataId=3155,Spatial extent overlaps HKH region; Recent temporal coverage (≥2020)
1204,18,irrelevant,548,96b18126-7c63-452e-aa29-76a04ab45297,Major Cities of Pakistan,none,,Vector,1000000,2026-05-08t18:14:59.000z,2026-05-08t18:14:59.000z,As needed,"The content of this website can be accessed, printed and downloaded in an unaltered form (altered including being stretc",ICIMOD,2008-06-07T21:54:00,2684,Cities; Urban; Pakistan; Location,60.8663,23.688,77.8239,37.0608,false,https://rds.icimod.org/Home/DataDetail?metadataId=548,Spatial extent overlaps HKH region; Recent temporal coverage (≥2020)
1205,18,irrelevant,457,aaebc949-128b-434a-bf0c-d35c5810ab65,Soils of Afghanistan,none,,Vector,1000000,2026-05-08t18:14:59.000z,2026-05-08t18:14:59.000z,As needed,"The content of this website can be accessed, printed and downloaded in an unaltered form (altered including being stretc",ICIMOD,2008-05-20T13:07:00,2520,Soil; Geology; Afghanistan; Environment,60.5042,29.4061,74.9157,38.472,false,https://rds.icimod.org/Home/DataDetail?metadataId=457,Spatial extent overlaps HKH region; Recent temporal coverage (≥2020)
1206,10,irrelevant,7608,27d5203d-6743-427e-820b-9c121740861a,Cadastral Data for Dzongkhag boundaries,none,,Vector,100000,,,As needed,Official approval required.,Cadastral Division,,1314,Boundary; Bhutan; cadastral,88.7519,26.7036,92.1142,28.325,false,https://rds.icimod.org/Home/DataDetail?metadataId=7608,Spatial extent overlaps HKH region